match_date,season,team,opponent,rating_before,rating_after,result,event
2013-05-31,2013,FIN,POR,2735.00,2743.93,W,Liga Mundial 2013
2013-05-31,2013,POR,FIN,2586.00,2577.07,L,Liga Mundial 2013
2013-05-31,2013,CAN,NED,2732.00,2743.81,W,Liga Mundial 2013
2013-05-31,2013,NED,CAN,2657.00,2645.19,L,Liga Mundial 2013
2013-06-01,2013,KOR,JPN,2648.00,2660.14,W,Liga Mundial 2013
2013-06-01,2013,JPN,KOR,2581.00,2568.86,L,Liga Mundial 2013
2013-06-01,2013,FIN,POR,2743.93,2722.24,L,Liga Mundial 2013
2013-06-01,2013,POR,FIN,2577.07,2598.76,W,Liga Mundial 2013
2013-06-01,2013,CAN,NED,2743.81,2724.66,L,Liga Mundial 2013
2013-06-01,2013,NED,CAN,2645.19,2664.34,W,Liga Mundial 2013
2013-06-02,2013,KOR,JPN,2660.14,2671.29,W,Liga Mundial 2013
2013-06-02,2013,JPN,KOR,2568.86,2557.71,L,Liga Mundial 2013
2013-06-07,2013,RUS,IRI,3050.00,3054.04,W,Liga Mundial 2013
2013-06-07,2013,IRI,RUS,2727.00,2722.96,L,Liga Mundial 2013
2013-06-07,2013,POL,BRA,2885.00,2876.84,L,Liga Mundial 2013
2013-06-07,2013,BRA,POL,3056.00,3064.16,W,Liga Mundial 2013
2013-06-07,2013,FRA,BUL,2728.00,2717.98,L,Liga Mundial 2013
2013-06-07,2013,BUL,FRA,2848.00,2858.02,W,Liga Mundial 2013
2013-06-07,2013,ITA,GER,2947.00,2954.21,W,Liga Mundial 2013
2013-06-07,2013,GER,ITA,2747.00,2739.79,L,Liga Mundial 2013
2013-06-07,2013,CAN,POR,2724.66,2734.45,W,Liga Mundial 2013
2013-06-07,2013,POR,CAN,2598.76,2588.97,L,Liga Mundial 2013
2013-06-07,2013,USA,ARG,2876.00,2857.85,L,Liga Mundial 2013
2013-06-07,2013,ARG,USA,2802.00,2820.15,W,Liga Mundial 2013
2013-06-07,2013,CUB,SRB,2917.00,2900.11,L,Liga Mundial 2013
2013-06-07,2013,SRB,CUB,2873.00,2889.89,W,Liga Mundial 2013
2013-06-08,2013,KOR,FIN,2671.29,2658.47,L,Liga Mundial 2013
2013-06-08,2013,FIN,KOR,2722.24,2735.05,W,Liga Mundial 2013
2013-06-08,2013,RUS,IRI,3054.04,3057.93,W,Liga Mundial 2013
2013-06-08,2013,IRI,RUS,2722.96,2719.07,L,Liga Mundial 2013
2013-06-08,2013,NED,JPN,2664.34,2674.87,W,Liga Mundial 2013
2013-06-08,2013,JPN,NED,2557.71,2547.17,L,Liga Mundial 2013
2013-06-08,2013,USA,ARG,2857.85,2871.23,W,Liga Mundial 2013
2013-06-08,2013,ARG,USA,2820.15,2806.77,L,Liga Mundial 2013
2013-06-08,2013,CAN,POR,2734.45,2713.52,L,Liga Mundial 2013
2013-06-08,2013,POR,CAN,2588.97,2609.91,W,Liga Mundial 2013
2013-06-08,2013,CUB,SRB,2900.11,2884.67,L,Liga Mundial 2013
2013-06-08,2013,SRB,CUB,2889.89,2905.33,W,Liga Mundial 2013
2013-06-09,2013,KOR,FIN,2658.47,2646.73,L,Liga Mundial 2013
2013-06-09,2013,FIN,KOR,2735.05,2746.80,W,Liga Mundial 2013
2013-06-09,2013,FRA,BUL,2717.98,2708.72,L,Liga Mundial 2013
2013-06-09,2013,BUL,FRA,2858.02,2867.28,W,Liga Mundial 2013
2013-06-09,2013,ITA,GER,2954.21,2960.97,W,Liga Mundial 2013
2013-06-09,2013,GER,ITA,2739.79,2733.03,L,Liga Mundial 2013
2013-06-09,2013,NED,JPN,2674.87,2684.59,W,Liga Mundial 2013
2013-06-09,2013,JPN,NED,2547.17,2537.45,L,Liga Mundial 2013
2013-06-09,2013,POL,BRA,2876.84,2869.22,L,Liga Mundial 2013
2013-06-09,2013,BRA,POL,3064.16,3071.78,W,Liga Mundial 2013
2013-06-13,2013,DEN,SVK,2337.00,2333.27,L,Liga Europeia 2013
2013-06-13,2013,SVK,DEN,2676.00,2679.73,W,Liga Europeia 2013
2013-06-13,2013,BEL,AUT,2599.00,2604.06,W,Liga Europeia 2013
2013-06-13,2013,AUT,BEL,2322.00,2316.94,L,Liga Europeia 2013
2013-06-14,2013,RUS,SRB,3057.93,3066.73,W,Liga Mundial 2013
2013-06-14,2013,SRB,RUS,2905.33,2896.53,L,Liga Mundial 2013
2013-06-14,2013,ITA,CUB,2960.97,2972.73,W,Liga Mundial 2013
2013-06-14,2013,CUB,ITA,2884.67,2872.91,L,Liga Mundial 2013
2013-06-14,2013,ARG,BRA,2806.77,2801.41,L,Liga Mundial 2013
2013-06-14,2013,BRA,ARG,3071.78,3077.14,W,Liga Mundial 2013
2013-06-14,2013,USA,FRA,2871.23,2879.69,W,Liga Mundial 2013
2013-06-14,2013,FRA,USA,2708.72,2700.27,L,Liga Mundial 2013
2013-06-14,2013,CAN,KOR,2713.52,2725.67,W,Liga Mundial 2013
2013-06-14,2013,KOR,CAN,2646.73,2634.58,L,Liga Mundial 2013
2013-06-14,2013,AUT,SVK,2316.94,2343.63,W,Liga Europeia 2013
2013-06-14,2013,SVK,AUT,2679.73,2653.04,L,Liga Europeia 2013
2013-06-14,2013,BEL,DEN,2604.06,2609.28,W,Liga Europeia 2013
2013-06-14,2013,DEN,BEL,2333.27,2328.05,L,Liga Europeia 2013
2013-06-14,2013,ISR,CRO,2331.00,2319.11,L,Liga Europeia 2013
2013-06-14,2013,CRO,ISR,2404.00,2415.89,W,Liga Europeia 2013
2013-06-14,2013,BLR,TUR,2516.00,2499.71,L,Liga Europeia 2013
2013-06-14,2013,TUR,BLR,2486.00,2502.29,W,Liga Europeia 2013
2013-06-15,2013,JPN,FIN,2537.45,2560.53,W,Liga Mundial 2013
2013-06-15,2013,FIN,JPN,2746.80,2723.72,L,Liga Mundial 2013
2013-06-15,2013,RUS,SRB,3066.73,3074.92,W,Liga Mundial 2013
2013-06-15,2013,SRB,RUS,2896.53,2888.34,L,Liga Mundial 2013
2013-06-15,2013,USA,FRA,2879.69,2887.56,W,Liga Mundial 2013
2013-06-15,2013,FRA,USA,2700.27,2692.39,L,Liga Mundial 2013
2013-06-15,2013,CAN,KOR,2725.67,2734.96,W,Liga Mundial 2013
2013-06-15,2013,KOR,CAN,2634.58,2625.28,L,Liga Mundial 2013
2013-06-15,2013,ARG,BRA,2801.41,2796.32,L,Liga Mundial 2013
2013-06-15,2013,BRA,ARG,3077.14,3082.23,W,Liga Mundial 2013
2013-06-15,2013,AUT,DEN,2343.63,2327.96,L,Liga Europeia 2013
2013-06-15,2013,DEN,AUT,2328.05,2343.73,W,Liga Europeia 2013
2013-06-15,2013,SVK,BEL,2653.04,2636.16,L,Liga Europeia 2013
2013-06-15,2013,BEL,SVK,2609.28,2626.16,W,Liga Europeia 2013
2013-06-15,2013,ESP,CZE,2693.00,2678.35,L,Liga Europeia 2013
2013-06-15,2013,CZE,ESP,2701.00,2715.65,W,Liga Europeia 2013
2013-06-15,2013,HUN,MNE,2385.00,2374.48,L,Liga Europeia 2013
2013-06-15,2013,MNE,HUN,2492.00,2502.52,W,Liga Europeia 2013
2013-06-15,2013,CRO,TUR,2415.89,2434.55,W,Liga Europeia 2013
2013-06-15,2013,TUR,CRO,2502.29,2483.64,L,Liga Europeia 2013
2013-06-15,2013,ISR,BLR,2319.11,2311.27,L,Liga Europeia 2013
2013-06-15,2013,BLR,ISR,2499.71,2507.54,W,Liga Europeia 2013
2013-06-16,2013,JPN,FIN,2560.53,2578.51,W,Liga Mundial 2013
2013-06-16,2013,FIN,JPN,2723.72,2705.74,L,Liga Mundial 2013
2013-06-16,2013,ITA,CUB,2972.73,2983.53,W,Liga Mundial 2013
2013-06-16,2013,CUB,ITA,2872.91,2862.11,L,Liga Mundial 2013
2013-06-16,2013,CZE,MNE,2715.65,2722.46,W,Liga Europeia 2013
2013-06-16,2013,MNE,CZE,2502.52,2495.72,L,Liga Europeia 2013
2013-06-16,2013,HUN,ESP,2374.48,2370.03,L,Liga Europeia 2013
2013-06-16,2013,ESP,HUN,2678.35,2682.79,W,Liga Europeia 2013
2013-06-16,2013,CRO,BLR,2434.55,2452.65,W,Liga Europeia 2013
2013-06-16,2013,BLR,CRO,2507.54,2489.44,L,Liga Europeia 2013
2013-06-16,2013,TUR,ISR,2483.64,2491.75,W,Liga Europeia 2013
2013-06-16,2013,ISR,TUR,2311.27,2303.16,L,Liga Europeia 2013
2013-06-17,2013,MNE,ESP,2495.72,2518.10,W,Liga Europeia 2013
2013-06-17,2013,ESP,MNE,2682.79,2660.41,L,Liga Europeia 2013
2013-06-17,2013,CZE,HUN,2722.46,2725.94,W,Liga Europeia 2013
2013-06-17,2013,HUN,CZE,2370.03,2366.55,L,Liga Europeia 2013
2013-06-20,2013,SVK,AUT,2636.16,2610.51,L,Liga Europeia 2013
2013-06-20,2013,AUT,SVK,2327.96,2353.61,W,Liga Europeia 2013
2013-06-20,2013,BEL,DEN,2626.16,2631.09,W,Liga Europeia 2013
2013-06-20,2013,DEN,BEL,2343.73,2338.79,L,Liga Europeia 2013
2013-06-21,2013,RUS,ITA,3074.92,3056.06,L,Liga Mundial 2013
2013-06-21,2013,ITA,RUS,2983.53,3002.39,W,Liga Mundial 2013
2013-06-21,2013,FRA,POL,2692.39,2714.43,W,Liga Mundial 2013
2013-06-21,2013,POL,FRA,2869.22,2847.19,L,Liga Mundial 2013
2013-06-21,2013,IRI,SRB,2719.07,2710.85,L,Liga Mundial 2013
2013-06-21,2013,SRB,IRI,2888.34,2896.56,W,Liga Mundial 2013
2013-06-21,2013,AUT,BEL,2353.61,2348.56,L,Liga Europeia 2013
2013-06-21,2013,BEL,AUT,2631.09,2636.14,W,Liga Europeia 2013
2013-06-21,2013,DEN,SVK,2338.79,2333.60,L,Liga Europeia 2013
2013-06-21,2013,SVK,DEN,2610.51,2615.70,W,Liga Europeia 2013
2013-06-21,2013,HUN,CZE,2366.55,2363.18,L,Liga Europeia 2013
2013-06-21,2013,CZE,HUN,2725.94,2729.31,W,Liga Europeia 2013
2013-06-21,2013,ESP,MNE,2660.41,2639.59,L,Liga Europeia 2013
2013-06-21,2013,MNE,ESP,2518.10,2538.92,W,Liga Europeia 2013
2013-06-21,2013,ISR,CRO,2303.16,2324.24,W,Liga Europeia 2013
2013-06-21,2013,CRO,ISR,2452.65,2431.57,L,Liga Europeia 2013
2013-06-21,2013,BLR,TUR,2489.44,2504.54,W,Liga Europeia 2013
2013-06-21,2013,TUR,BLR,2491.75,2476.65,L,Liga Europeia 2013
2013-06-22,2013,RUS,ITA,3056.06,3066.65,W,Liga Mundial 2013
2013-06-22,2013,ITA,RUS,3002.39,2991.81,L,Liga Mundial 2013
2013-06-22,2013,BUL,ARG,2867.28,2879.26,W,Liga Mundial 2013
2013-06-22,2013,ARG,BUL,2796.32,2784.34,L,Liga Mundial 2013
2013-06-22,2013,GER,CUB,2733.03,2753.36,W,Liga Mundial 2013
2013-06-22,2013,CUB,GER,2862.11,2841.78,L,Liga Mundial 2013
2013-06-22,2013,NED,POR,2684.59,2666.42,L,Liga Mundial 2013
2013-06-22,2013,POR,NED,2609.91,2628.09,W,Liga Mundial 2013
2013-06-22,2013,BEL,SVK,2636.14,2647.90,W,Liga Europeia 2013
2013-06-22,2013,SVK,BEL,2615.70,2603.94,L,Liga Europeia 2013
2013-06-22,2013,DEN,AUT,2333.60,2346.64,W,Liga Europeia 2013
2013-06-22,2013,AUT,DEN,2348.56,2335.52,L,Liga Europeia 2013
2013-06-22,2013,CZE,MNE,2729.31,2736.82,W,Liga Europeia 2013
2013-06-22,2013,MNE,CZE,2538.92,2531.40,L,Liga Europeia 2013
2013-06-22,2013,ESP,HUN,2639.59,2644.67,W,Liga Europeia 2013
2013-06-22,2013,HUN,ESP,2363.18,2358.11,L,Liga Europeia 2013
2013-06-22,2013,CRO,BLR,2431.57,2419.68,L,Liga Europeia 2013
2013-06-22,2013,BLR,CRO,2504.54,2516.43,W,Liga Europeia 2013
2013-06-22,2013,TUR,ISR,2476.65,2485.46,W,Liga Europeia 2013
2013-06-22,2013,ISR,TUR,2324.24,2315.43,L,Liga Europeia 2013
2013-06-23,2013,FRA,POL,2714.43,2731.49,W,Liga Mundial 2013
2013-06-23,2013,POL,FRA,2847.19,2826.72,L,Liga Mundial 2013
2013-06-23,2013,BUL,ARG,2879.26,2890.26,W,Liga Mundial 2013
2013-06-23,2013,ARG,BUL,2784.34,2775.17,L,Liga Mundial 2013
2013-06-23,2013,GER,CUB,2753.36,2772.10,W,Liga Mundial 2013
2013-06-23,2013,CUB,GER,2841.78,2826.16,L,Liga Mundial 2013
2013-06-23,2013,NED,POR,2666.42,2677.54,W,Liga Mundial 2013
2013-06-23,2013,POR,NED,2628.09,2616.96,L,Liga Mundial 2013
2013-06-23,2013,IRI,SRB,2710.85,2733.19,W,Liga Mundial 2013
2013-06-23,2013,SRB,IRI,2896.56,2877.95,L,Liga Mundial 2013
2013-06-23,2013,MNE,HUN,2531.40,2538.14,W,Liga Europeia 2013
2013-06-23,2013,HUN,MNE,2358.11,2351.37,L,Liga Europeia 2013
2013-06-23,2013,CZE,ESP,2736.82,2746.08,W,Liga Europeia 2013
2013-06-23,2013,ESP,CZE,2644.67,2635.41,L,Liga Europeia 2013
2013-06-23,2013,CRO,TUR,2419.68,2434.52,W,Liga Europeia 2013
2013-06-23,2013,TUR,CRO,2485.46,2470.62,L,Liga Europeia 2013
2013-06-23,2013,ISR,BLR,2315.43,2334.45,W,Liga Europeia 2013
2013-06-23,2013,BLR,ISR,2516.43,2497.41,L,Liga Europeia 2013
2013-06-28,2013,BRA,FRA,3082.23,3085.75,W,Liga Mundial 2013
2013-06-28,2013,FRA,BRA,2731.49,2728.56,L,Liga Mundial 2013
2013-06-28,2013,FIN,CAN,2705.74,2694.29,L,Liga Mundial 2013
2013-06-28,2013,CAN,FIN,2734.96,2746.42,W,Liga Mundial 2013
2013-06-28,2013,POL,ARG,2826.72,2839.51,W,Liga Mundial 2013
2013-06-28,2013,ARG,POL,2775.17,2764.51,L,Liga Mundial 2013
2013-06-28,2013,ITA,IRI,2991.81,2971.41,L,Liga Mundial 2013
2013-06-28,2013,IRI,ITA,2733.19,2757.66,W,Liga Mundial 2013
2013-06-28,2013,CUB,RUS,2826.16,2821.15,L,Liga Mundial 2013
2013-06-28,2013,RUS,CUB,3066.65,3071.66,W,Liga Mundial 2013
2013-06-28,2013,USA,BUL,2887.56,2902.68,W,Liga Mundial 2013
2013-06-28,2013,BUL,USA,2890.26,2875.14,L,Liga Mundial 2013
2013-06-28,2013,DEN,AUT,2346.64,2333.74,L,Liga Europeia 2013
2013-06-28,2013,AUT,DEN,2335.52,2348.42,W,Liga Europeia 2013
2013-06-28,2013,BEL,SVK,2647.90,2658.83,W,Liga Europeia 2013
2013-06-28,2013,SVK,BEL,2603.94,2593.01,L,Liga Europeia 2013
2013-06-28,2013,CZE,ESP,2746.08,2729.73,L,Liga Europeia 2013
2013-06-28,2013,ESP,CZE,2635.41,2651.76,W,Liga Europeia 2013
2013-06-28,2013,MNE,HUN,2538.14,2544.50,W,Liga Europeia 2013
2013-06-28,2013,HUN,MNE,2351.37,2345.01,L,Liga Europeia 2013
2013-06-28,2013,CRO,TUR,2434.52,2448.31,W,Liga Europeia 2013
2013-06-28,2013,TUR,CRO,2470.62,2456.83,L,Liga Europeia 2013
2013-06-28,2013,ISR,BLR,2334.45,2327.42,L,Liga Europeia 2013
2013-06-28,2013,BLR,ISR,2497.41,2504.45,W,Liga Europeia 2013
2013-06-29,2013,KOR,NED,2625.28,2614.65,L,Liga Mundial 2013
2013-06-29,2013,NED,KOR,2677.54,2688.18,W,Liga Mundial 2013
2013-06-29,2013,BRA,FRA,3085.75,3063.58,L,Liga Mundial 2013
2013-06-29,2013,FRA,BRA,2728.56,2750.72,W,Liga Mundial 2013
2013-06-29,2013,FIN,CAN,2694.29,2683.65,L,Liga Mundial 2013
2013-06-29,2013,CAN,FIN,2746.42,2757.05,W,Liga Mundial 2013
2013-06-29,2013,SRB,GER,2877.95,2861.75,L,Liga Mundial 2013
2013-06-29,2013,GER,SRB,2772.10,2791.53,W,Liga Mundial 2013
2013-06-29,2013,CUB,RUS,2821.15,2841.37,W,Liga Mundial 2013
2013-06-29,2013,RUS,CUB,3071.66,3051.44,L,Liga Mundial 2013
2013-06-29,2013,USA,BUL,2902.68,2889.19,L,Liga Mundial 2013
2013-06-29,2013,BUL,USA,2875.14,2888.63,W,Liga Mundial 2013
2013-06-29,2013,POR,JPN,2616.96,2628.08,W,Liga Mundial 2013
2013-06-29,2013,JPN,POR,2578.51,2567.39,L,Liga Mundial 2013
2013-06-29,2013,AUT,SVK,2348.42,2343.51,L,Liga Europeia 2013
2013-06-29,2013,SVK,AUT,2593.01,2597.92,W,Liga Europeia 2013
2013-06-29,2013,DEN,BEL,2333.74,2330.41,L,Liga Europeia 2013
2013-06-29,2013,BEL,DEN,2658.83,2662.17,W,Liga Europeia 2013
2013-06-29,2013,CZE,HUN,2729.73,2732.19,W,Liga Europeia 2013
2013-06-29,2013,HUN,CZE,2345.01,2342.55,L,Liga Europeia 2013
2013-06-29,2013,ESP,MNE,2651.76,2660.52,W,Liga Europeia 2013
2013-06-29,2013,MNE,ESP,2544.50,2535.74,L,Liga Europeia 2013
2013-06-29,2013,TUR,ISR,2456.83,2439.88,L,Liga Europeia 2013
2013-06-29,2013,ISR,TUR,2327.42,2344.37,W,Liga Europeia 2013
2013-06-29,2013,BLR,CRO,2504.45,2489.94,L,Liga Europeia 2013
2013-06-29,2013,CRO,BLR,2448.31,2462.81,W,Liga Europeia 2013
2013-06-30,2013,KOR,NED,2614.65,2604.75,L,Liga Mundial 2013
2013-06-30,2013,NED,KOR,2688.18,2698.07,W,Liga Mundial 2013
2013-06-30,2013,ITA,IRI,2971.41,2977.06,W,Liga Mundial 2013
2013-06-30,2013,IRI,ITA,2757.66,2752.01,L,Liga Mundial 2013
2013-06-30,2013,SRB,GER,2861.75,2871.76,W,Liga Mundial 2013
2013-06-30,2013,GER,SRB,2791.53,2781.52,L,Liga Mundial 2013
2013-06-30,2013,POL,ARG,2839.51,2849.35,W,Liga Mundial 2013
2013-06-30,2013,ARG,POL,2764.51,2754.67,L,Liga Mundial 2013
2013-06-30,2013,POR,JPN,2628.08,2613.42,L,Liga Mundial 2013
2013-06-30,2013,JPN,POR,2567.39,2582.05,W,Liga Mundial 2013
2013-06-30,2013,SVK,DEN,2597.92,2602.34,W,Liga Europeia 2013
2013-06-30,2013,DEN,SVK,2330.41,2325.99,L,Liga Europeia 2013
2013-06-30,2013,AUT,BEL,2343.51,2340.06,L,Liga Europeia 2013
2013-06-30,2013,BEL,AUT,2662.17,2665.61,W,Liga Europeia 2013
2013-06-30,2013,HUN,ESP,2342.55,2339.09,L,Liga Europeia 2013
2013-06-30,2013,ESP,HUN,2660.52,2663.97,W,Liga Europeia 2013
2013-06-30,2013,MNE,CZE,2535.74,2554.64,W,Liga Europeia 2013
2013-06-30,2013,CZE,MNE,2732.19,2713.29,L,Liga Europeia 2013
2013-06-30,2013,TUR,BLR,2439.88,2429.17,L,Liga Europeia 2013
2013-06-30,2013,BLR,TUR,2489.94,2500.65,W,Liga Europeia 2013
2013-06-30,2013,CRO,ISR,2462.81,2471.21,W,Liga Europeia 2013
2013-06-30,2013,ISR,CRO,2344.37,2335.97,L,Liga Europeia 2013
2013-07-04,2013,DEN,BEL,2325.99,2323.51,L,Liga Europeia 2013
2013-07-04,2013,BEL,DEN,2665.61,2668.09,W,Liga Europeia 2013
2013-07-04,2013,SVK,AUT,2602.34,2605.96,W,Liga Europeia 2013
2013-07-04,2013,AUT,SVK,2340.06,2336.44,L,Liga Europeia 2013
2013-07-05,2013,BRA,BUL,3063.58,3070.27,W,Liga Mundial 2013
2013-07-05,2013,BUL,BRA,2888.63,2881.94,L,Liga Mundial 2013
2013-07-05,2013,FIN,NED,2683.65,2671.67,L,Liga Mundial 2013
2013-07-05,2013,NED,FIN,2698.07,2710.05,W,Liga Mundial 2013
2013-07-05,2013,POL,USA,2849.35,2863.28,W,Liga Mundial 2013
2013-07-05,2013,USA,POL,2889.19,2875.26,L,Liga Mundial 2013
2013-07-05,2013,GER,RUS,2781.52,2777.16,L,Liga Mundial 2013
2013-07-05,2013,RUS,GER,3051.44,3055.80,W,Liga Mundial 2013
2013-07-05,2013,CUB,IRI,2841.37,2825.73,L,Liga Mundial 2013
2013-07-05,2013,IRI,CUB,2752.01,2767.66,W,Liga Mundial 2013
2013-07-05,2013,BEL,AUT,2668.09,2670.67,W,Liga Europeia 2013
2013-07-05,2013,AUT,BEL,2336.44,2333.86,L,Liga Europeia 2013
2013-07-05,2013,SVK,DEN,2605.96,2609.24,W,Liga Europeia 2013
2013-07-05,2013,DEN,SVK,2323.51,2320.22,L,Liga Europeia 2013
2013-07-05,2013,MNE,ESP,2554.64,2567.69,W,Liga Europeia 2013
2013-07-05,2013,ESP,MNE,2663.97,2650.93,L,Liga Europeia 2013
2013-07-05,2013,CZE,HUN,2713.29,2715.37,W,Liga Europeia 2013
2013-07-05,2013,HUN,CZE,2339.09,2337.01,L,Liga Europeia 2013
2013-07-05,2013,CRO,ISR,2471.21,2477.50,W,Liga Europeia 2013
2013-07-05,2013,ISR,CRO,2335.97,2329.68,L,Liga Europeia 2013
2013-07-05,2013,TUR,BLR,2429.17,2421.20,L,Liga Europeia 2013
2013-07-05,2013,BLR,TUR,2500.65,2508.63,W,Liga Europeia 2013
2013-07-06,2013,ARG,FRA,2754.67,2742.03,L,Liga Mundial 2013
2013-07-06,2013,FRA,ARG,2750.72,2763.36,W,Liga Mundial 2013
2013-07-06,2013,JPN,CAN,2582.05,2575.36,L,Liga Mundial 2013
2013-07-06,2013,CAN,JPN,2757.05,2763.74,W,Liga Mundial 2013
2013-07-06,2013,BRA,BUL,3070.27,3076.59,W,Liga Mundial 2013
2013-07-06,2013,BUL,BRA,2881.94,2875.62,L,Liga Mundial 2013
2013-07-06,2013,FIN,NED,2671.67,2682.77,W,Liga Mundial 2013
2013-07-06,2013,NED,FIN,2710.05,2698.95,L,Liga Mundial 2013
2013-07-06,2013,SRB,ITA,2871.76,2862.94,L,Liga Mundial 2013
2013-07-06,2013,ITA,SRB,2977.06,2985.89,W,Liga Mundial 2013
2013-07-06,2013,GER,RUS,2777.16,2797.97,W,Liga Mundial 2013
2013-07-06,2013,RUS,GER,3055.80,3039.15,L,Liga Mundial 2013
2013-07-06,2013,CUB,IRI,2825.73,2814.07,L,Liga Mundial 2013
2013-07-06,2013,IRI,CUB,2767.66,2782.23,W,Liga Mundial 2013
2013-07-06,2013,POR,KOR,2613.42,2600.61,L,Liga Mundial 2013
2013-07-06,2013,KOR,POR,2604.75,2617.57,W,Liga Mundial 2013
2013-07-06,2013,AUT,DEN,2333.86,2343.47,W,Liga Europeia 2013
2013-07-06,2013,DEN,AUT,2320.22,2310.62,L,Liga Europeia 2013
2013-07-06,2013,BEL,SVK,2670.67,2678.92,W,Liga Europeia 2013
2013-07-06,2013,SVK,BEL,2609.24,2600.99,L,Liga Europeia 2013
2013-07-06,2013,ESP,HUN,2650.93,2653.75,W,Liga Europeia 2013
2013-07-06,2013,HUN,ESP,2337.01,2334.19,L,Liga Europeia 2013
2013-07-06,2013,MNE,CZE,2567.69,2581.70,W,Liga Europeia 2013
2013-07-06,2013,CZE,MNE,2715.37,2701.36,L,Liga Europeia 2013
2013-07-06,2013,ISR,BLR,2329.68,2344.42,W,Liga Europeia 2013
2013-07-06,2013,BLR,ISR,2508.63,2493.89,L,Liga Europeia 2013
2013-07-06,2013,CRO,TUR,2477.50,2485.89,W,Liga Europeia 2013
2013-07-06,2013,TUR,CRO,2421.20,2412.80,L,Liga Europeia 2013
2013-07-07,2013,JPN,CAN,2575.36,2570.31,L,Liga Mundial 2013
2013-07-07,2013,CAN,JPN,2763.74,2768.79,W,Liga Mundial 2013
2013-07-07,2013,SRB,ITA,2862.94,2876.33,W,Liga Mundial 2013
2013-07-07,2013,ITA,SRB,2985.89,2972.49,L,Liga Mundial 2013
2013-07-07,2013,POL,USA,2863.28,2876.21,W,Liga Mundial 2013
2013-07-07,2013,USA,POL,2875.26,2862.33,L,Liga Mundial 2013
2013-07-07,2013,ARG,FRA,2742.03,2732.64,L,Liga Mundial 2013
2013-07-07,2013,FRA,ARG,2763.36,2772.75,W,Liga Mundial 2013
2013-07-07,2013,POR,KOR,2600.61,2591.10,L,Liga Mundial 2013
2013-07-07,2013,KOR,POR,2617.57,2627.08,W,Liga Mundial 2013
2013-07-07,2013,HUN,MNE,2334.19,2330.32,L,Liga Europeia 2013
2013-07-07,2013,MNE,HUN,2581.70,2585.58,W,Liga Europeia 2013
2013-07-07,2013,CZE,ESP,2701.36,2710.00,W,Liga Europeia 2013
2013-07-07,2013,ESP,CZE,2653.75,2645.11,L,Liga Europeia 2013
2013-07-07,2013,BLR,CRO,2493.89,2483.66,L,Liga Europeia 2013
2013-07-07,2013,CRO,BLR,2485.89,2496.12,W,Liga Europeia 2013
2013-07-07,2013,ISR,TUR,2344.42,2336.36,L,Liga Europeia 2013
2013-07-07,2013,TUR,ISR,2412.80,2420.86,W,Liga Europeia 2013
2013-07-12,2013,BUL,POL,2875.62,2888.14,W,Liga Mundial 2013
2013-07-12,2013,POL,BUL,2876.21,2863.69,L,Liga Mundial 2013
2013-07-12,2013,IRI,GER,2782.23,2795.29,W,Liga Mundial 2013
2013-07-12,2013,GER,IRI,2797.97,2784.91,L,Liga Mundial 2013
2013-07-13,2013,BRA,USA,3076.59,3082.23,W,Liga Mundial 2013
2013-07-13,2013,USA,BRA,2862.33,2856.69,L,Liga Mundial 2013
2013-07-13,2013,BUL,POL,2888.14,2897.44,W,Liga Mundial 2013
2013-07-13,2013,POL,BUL,2863.69,2854.39,L,Liga Mundial 2013
2013-07-13,2013,IRI,GER,2795.29,2784.99,L,Liga Mundial 2013
2013-07-13,2013,GER,IRI,2784.91,2795.21,W,Liga Mundial 2013
2013-07-13,2013,CZE,BEL,2710.00,2699.10,L,Liga Europeia 2013
2013-07-13,2013,BEL,CZE,2678.92,2689.81,W,Liga Europeia 2013
2013-07-13,2013,TUR,CRO,2420.86,2412.99,L,Liga Europeia 2013
2013-07-13,2013,CRO,TUR,2496.12,2503.99,W,Liga Europeia 2013
2013-07-14,2013,BRA,USA,3082.23,3086.52,W,Liga Mundial 2013
2013-07-14,2013,USA,BRA,2856.69,2852.40,L,Liga Mundial 2013
2013-07-14,2013,CZE,TUR,2699.10,2701.53,W,Liga Europeia 2013
2013-07-14,2013,TUR,CZE,2412.99,2410.57,L,Liga Europeia 2013
2013-07-14,2013,BEL,CRO,2689.81,2693.64,W,Liga Europeia 2013
2013-07-14,2013,CRO,BEL,2503.99,2500.16,L,Liga Europeia 2013
2013-07-17,2013,BRA,RUS,3086.52,3075.16,L,Liga Mundial 2013
2013-07-17,2013,RUS,BRA,3039.15,3050.50,W,Liga Mundial 2013
2013-07-17,2013,ARG,BUL,2732.64,2727.06,L,Liga Mundial 2013
2013-07-17,2013,BUL,ARG,2897.44,2903.02,W,Liga Mundial 2013
2013-07-18,2013,RUS,CAN,3050.50,3033.80,L,Liga Mundial 2013
2013-07-18,2013,CAN,RUS,2768.79,2785.49,W,Liga Mundial 2013
2013-07-18,2013,BUL,ITA,2903.02,2895.00,L,Liga Mundial 2013
2013-07-18,2013,ITA,BUL,2972.49,2980.51,W,Liga Mundial 2013
2013-07-19,2013,CAN,BRA,2785.49,2782.32,L,Liga Mundial 2013
2013-07-19,2013,BRA,CAN,3075.16,3078.34,W,Liga Mundial 2013
2013-07-19,2013,ITA,ARG,2980.51,2984.29,W,Liga Mundial 2013
2013-07-19,2013,ARG,ITA,2727.06,2723.28,L,Liga Mundial 2013
2013-07-20,2013,ITA,RUS,2984.29,2975.70,L,Liga Mundial 2013
2013-07-20,2013,RUS,ITA,3033.80,3042.39,W,Liga Mundial 2013
2013-07-20,2013,BRA,BUL,3078.34,3083.50,W,Liga Mundial 2013
2013-07-20,2013,BUL,BRA,2895.00,2889.83,L,Liga Mundial 2013
2013-07-21,2013,ITA,BUL,2975.70,2981.39,W,Liga Mundial 2013
2013-07-21,2013,BUL,ITA,2889.83,2884.15,L,Liga Mundial 2013
2013-07-21,2013,RUS,BRA,3042.39,3050.77,W,Liga Mundial 2013
2013-07-21,2013,BRA,RUS,3083.50,3075.12,L,Liga Mundial 2013
2013-08-06,2013,ARG,CHI,2723.28,2726.43,W,Campeonato Sul-Americano 2013
2013-08-06,2013,CHI,ARG,2432.00,2427.27,L,Campeonato Sul-Americano 2013
2013-08-06,2013,BRA,PAR,3075.12,3075.43,W,Campeonato Sul-Americano 2013
2013-08-06,2013,PAR,BRA,2408.00,2407.37,L,Campeonato Sul-Americano 2013
2013-08-07,2013,CHI,PAR,2427.27,2441.42,W,Campeonato Sul-Americano 2013
2013-08-07,2013,PAR,CHI,2407.37,2393.23,L,Campeonato Sul-Americano 2013
2013-08-07,2013,BRA,COL,3075.43,3075.93,W,Campeonato Sul-Americano 2013
2013-08-07,2013,COL,BRA,2491.00,2490.00,L,Campeonato Sul-Americano 2013
2013-08-08,2013,COL,CHI,2490.00,2502.91,W,Campeonato Sul-Americano 2013
2013-08-08,2013,CHI,COL,2441.42,2428.50,L,Campeonato Sul-Americano 2013
2013-08-08,2013,ARG,PAR,2726.43,2728.36,W,Campeonato Sul-Americano 2013
2013-08-08,2013,PAR,ARG,2393.23,2389.39,L,Campeonato Sul-Americano 2013
2013-08-09,2013,ARG,COL,2728.36,2731.57,W,Campeonato Sul-Americano 2013
2013-08-09,2013,COL,ARG,2502.91,2496.48,L,Campeonato Sul-Americano 2013
2013-08-09,2013,BRA,CHI,3075.93,3076.29,W,Campeonato Sul-Americano 2013
2013-08-09,2013,CHI,BRA,2428.50,2427.79,L,Campeonato Sul-Americano 2013
2013-08-10,2013,COL,PAR,2496.48,2506.99,W,Campeonato Sul-Americano 2013
2013-08-10,2013,PAR,COL,2389.39,2378.87,L,Campeonato Sul-Americano 2013
2013-08-10,2013,BRA,ARG,3076.29,3078.10,W,Campeonato Sul-Americano 2013
2013-08-10,2013,ARG,BRA,2731.57,2729.76,L,Campeonato Sul-Americano 2013
2013-09-20,2013,BEL,BLR,2693.64,2697.09,W,Campeonato Europeu 2013
2013-09-20,2013,BLR,BEL,2483.66,2479.06,L,Campeonato Europeu 2013
2013-09-20,2013,DEN,ITA,2310.62,2310.20,L,Campeonato Europeu 2013
2013-09-20,2013,ITA,DEN,2981.39,2981.69,W,Campeonato Europeu 2013
2013-09-20,2013,FRA,SVK,2772.75,2778.17,W,Campeonato Europeu 2013
2013-09-20,2013,SVK,FRA,2600.99,2595.57,L,Campeonato Europeu 2013
2013-09-20,2013,POL,TUR,2854.39,2855.83,W,Campeonato Europeu 2013
2013-09-20,2013,TUR,POL,2410.57,2409.49,L,Campeonato Europeu 2013
2013-09-20,2013,SLO,SRB,2619.00,2643.44,W,Campeonato Europeu 2013
2013-09-20,2013,SRB,SLO,2876.33,2860.04,L,Campeonato Europeu 2013
2013-09-20,2013,FIN,NED,2682.77,2693.24,W,Campeonato Europeu 2013
2013-09-20,2013,NED,FIN,2698.95,2688.49,L,Campeonato Europeu 2013
2013-09-20,2013,RUS,GER,3050.77,3038.57,L,Campeonato Europeu 2013
2013-09-20,2013,GER,RUS,2795.21,2811.47,W,Campeonato Europeu 2013
2013-09-20,2013,CZE,BUL,2701.53,2697.64,L,Campeonato Europeu 2013
2013-09-20,2013,BUL,CZE,2884.15,2888.03,W,Campeonato Europeu 2013
2013-09-21,2013,BLR,ITA,2479.06,2478.27,L,Campeonato Europeu 2013
2013-09-21,2013,ITA,BLR,2981.69,2982.48,W,Campeonato Europeu 2013
2013-09-21,2013,BEL,DEN,2697.09,2698.55,W,Campeonato Europeu 2013
2013-09-21,2013,DEN,BEL,2310.20,2308.74,L,Campeonato Europeu 2013
2013-09-21,2013,SVK,TUR,2595.57,2599.40,W,Campeonato Europeu 2013
2013-09-21,2013,TUR,SVK,2409.49,2405.66,L,Campeonato Europeu 2013
2013-09-21,2013,FRA,POL,2778.17,2790.37,W,Campeonato Europeu 2013
2013-09-21,2013,POL,FRA,2855.83,2843.64,L,Campeonato Europeu 2013
2013-09-21,2013,SRB,NED,2860.04,2865.47,W,Campeonato Europeu 2013
2013-09-21,2013,NED,SRB,2688.49,2683.06,L,Campeonato Europeu 2013
2013-09-21,2013,SLO,FIN,2643.44,2630.58,L,Campeonato Europeu 2013
2013-09-21,2013,FIN,SLO,2693.24,2701.81,W,Campeonato Europeu 2013
2013-09-21,2013,GER,BUL,2811.47,2823.64,W,Campeonato Europeu 2013
2013-09-21,2013,BUL,GER,2888.03,2878.91,L,Campeonato Europeu 2013
2013-09-21,2013,RUS,CZE,3038.57,3040.42,W,Campeonato Europeu 2013
2013-09-21,2013,CZE,RUS,2697.64,2695.79,L,Campeonato Europeu 2013
2013-09-22,2013,EGY,CMR,2588.00,2601.92,W,Campeonato Africano 2013
2013-09-22,2013,CMR,EGY,2563.00,2549.08,L,Campeonato Africano 2013
2013-09-22,2013,ALG,MAR,2479.00,2458.08,L,Campeonato Africano 2013
2013-09-22,2013,MAR,ALG,2334.00,2354.92,W,Campeonato Africano 2013
2013-09-22,2013,TUN,LBA,2477.00,2485.90,W,Campeonato Africano 2013
2013-09-22,2013,LBA,TUN,2327.00,2318.10,L,Campeonato Africano 2013
2013-09-22,2013,BLR,DEN,2478.27,2467.38,L,Campeonato Europeu 2013
2013-09-22,2013,DEN,BLR,2308.74,2319.64,W,Campeonato Europeu 2013
2013-09-22,2013,ITA,BEL,2982.48,2969.93,L,Campeonato Europeu 2013
2013-09-22,2013,BEL,ITA,2698.55,2711.11,W,Campeonato Europeu 2013
2013-09-22,2013,TUR,FRA,2405.66,2404.18,L,Campeonato Europeu 2013
2013-09-22,2013,FRA,TUR,2790.37,2792.34,W,Campeonato Europeu 2013
2013-09-22,2013,SVK,POL,2599.40,2596.45,L,Campeonato Europeu 2013
2013-09-22,2013,POL,SVK,2843.64,2847.57,W,Campeonato Europeu 2013
2013-09-22,2013,NED,SLO,2683.06,2691.56,W,Campeonato Europeu 2013
2013-09-22,2013,SLO,NED,2630.58,2617.83,L,Campeonato Europeu 2013
2013-09-22,2013,SRB,FIN,2865.47,2871.08,W,Campeonato Europeu 2013
2013-09-22,2013,FIN,SRB,2701.81,2696.20,L,Campeonato Europeu 2013
2013-09-22,2013,GER,CZE,2823.64,2830.12,W,Campeonato Europeu 2013
2013-09-22,2013,CZE,GER,2695.79,2690.94,L,Campeonato Europeu 2013
2013-09-22,2013,BUL,RUS,2878.91,2874.66,L,Campeonato Europeu 2013
2013-09-22,2013,RUS,BUL,3040.42,3044.66,W,Campeonato Europeu 2013
2013-09-23,2013,USA,LCA,2852.40,2853.60,W,Campeonato NORCECA 2013
2013-09-23,2013,LCA,USA,2374.00,2372.20,L,Campeonato NORCECA 2013
2013-09-23,2013,CUB,BAH,2814.07,2815.33,W,Campeonato NORCECA 2013
2013-09-23,2013,BAH,CUB,2345.00,2343.11,L,Campeonato NORCECA 2013
2013-09-23,2013,CAN,GUA,2782.32,2784.05,W,Campeonato NORCECA 2013
2013-09-23,2013,GUA,CAN,2373.00,2370.40,L,Campeonato NORCECA 2013
2013-09-23,2013,MAR,LBA,2354.92,2368.34,W,Campeonato Africano 2013
2013-09-23,2013,LBA,MAR,2318.10,2304.69,L,Campeonato Africano 2013
2013-09-23,2013,CMR,ALG,2549.08,2560.24,W,Campeonato Africano 2013
2013-09-23,2013,ALG,CMR,2458.08,2446.92,L,Campeonato Africano 2013
2013-09-23,2013,TUN,EGY,2485.90,2475.73,L,Campeonato Africano 2013
2013-09-23,2013,EGY,TUN,2601.92,2612.09,W,Campeonato Africano 2013
2013-09-24,2013,MEX,GUA,2599.00,2605.34,W,Campeonato NORCECA 2013
2013-09-24,2013,GUA,MEX,2370.40,2364.06,L,Campeonato NORCECA 2013
2013-09-24,2013,CUB,PUR,2815.33,2819.90,W,Campeonato NORCECA 2013
2013-09-24,2013,PUR,CUB,2604.00,2597.14,L,Campeonato NORCECA 2013
2013-09-24,2013,USA,DOM,2853.60,2855.33,W,Campeonato NORCECA 2013
2013-09-24,2013,DOM,USA,2444.00,2441.41,L,Campeonato NORCECA 2013
2013-09-24,2013,MAR,CMR,2368.34,2390.87,W,Campeonato Africano 2013
2013-09-24,2013,CMR,MAR,2560.24,2537.70,L,Campeonato Africano 2013
2013-09-24,2013,EGY,LBA,2612.09,2616.46,W,Campeonato Africano 2013
2013-09-24,2013,LBA,EGY,2304.69,2300.32,L,Campeonato Africano 2013
2013-09-24,2013,TUN,ALG,2475.73,2489.49,W,Campeonato Africano 2013
2013-09-24,2013,ALG,TUN,2446.92,2433.16,L,Campeonato Africano 2013
2013-09-24,2013,ITA,NED,2969.93,2972.44,W,Campeonato Europeu 2013
2013-09-24,2013,NED,ITA,2691.56,2689.05,L,Campeonato Europeu 2013
2013-09-24,2013,RUS,SVK,3044.66,3045.72,W,Campeonato Europeu 2013
2013-09-24,2013,SVK,RUS,2596.45,2595.39,L,Campeonato Europeu 2013
2013-09-24,2013,SRB,DEN,2871.08,2871.68,W,Campeonato Europeu 2013
2013-09-24,2013,DEN,SRB,2319.64,2319.04,L,Campeonato Europeu 2013
2013-09-24,2013,POL,BUL,2847.57,2840.66,L,Campeonato Europeu 2013
2013-09-24,2013,BUL,POL,2874.66,2881.58,W,Campeonato Europeu 2013
2013-09-25,2013,PUR,BAH,2597.14,2602.79,W,Campeonato NORCECA 2013
2013-09-25,2013,BAH,PUR,2343.11,2337.47,L,Campeonato NORCECA 2013
2013-09-25,2013,DOM,LCA,2441.41,2453.46,W,Campeonato NORCECA 2013
2013-09-25,2013,LCA,DOM,2372.20,2360.15,L,Campeonato NORCECA 2013
2013-09-25,2013,CAN,MEX,2784.05,2788.00,W,Campeonato NORCECA 2013
2013-09-25,2013,MEX,CAN,2605.34,2597.44,L,Campeonato NORCECA 2013
2013-09-25,2013,FRA,RUS,2792.34,2789.51,L,Campeonato Europeu 2013
2013-09-25,2013,RUS,FRA,3045.72,3047.61,W,Campeonato Europeu 2013
2013-09-25,2013,FIN,ITA,2696.20,2693.66,L,Campeonato Europeu 2013
2013-09-25,2013,ITA,FIN,2972.44,2974.14,W,Campeonato Europeu 2013
2013-09-25,2013,BEL,SRB,2711.11,2706.84,L,Campeonato Europeu 2013
2013-09-25,2013,SRB,BEL,2871.68,2875.94,W,Campeonato Europeu 2013
2013-09-25,2013,GER,BUL,2830.12,2823.72,L,Campeonato Europeu 2013
2013-09-25,2013,BUL,GER,2881.58,2885.84,W,Campeonato Europeu 2013
2013-09-26,2013,GUA,BAH,2364.06,2347.91,L,Campeonato NORCECA 2013
2013-09-26,2013,BAH,GUA,2337.47,2353.61,W,Campeonato NORCECA 2013
2013-09-26,2013,PUR,MEX,2602.79,2617.56,W,Campeonato NORCECA 2013
2013-09-26,2013,MEX,PUR,2597.44,2582.68,L,Campeonato NORCECA 2013
2013-09-26,2013,CUB,DOM,2819.90,2822.07,W,Campeonato NORCECA 2013
2013-09-26,2013,DOM,CUB,2453.46,2450.21,L,Campeonato NORCECA 2013
2013-09-26,2013,EGY,ALG,2616.46,2624.21,W,Campeonato Africano 2013
2013-09-26,2013,ALG,EGY,2433.16,2425.41,L,Campeonato Africano 2013
2013-09-26,2013,CMR,LBA,2537.70,2543.80,W,Campeonato Africano 2013
2013-09-26,2013,LBA,CMR,2300.32,2294.22,L,Campeonato Africano 2013
2013-09-26,2013,TUN,MAR,2489.49,2500.34,W,Campeonato Africano 2013
2013-09-26,2013,MAR,TUN,2390.87,2380.02,L,Campeonato Africano 2013
2013-09-27,2013,LCA,BAH,2360.15,2344.87,L,Campeonato NORCECA 2013
2013-09-27,2013,BAH,LCA,2353.61,2368.90,W,Campeonato NORCECA 2013
2013-09-27,2013,USA,PUR,2855.33,2859.39,W,Campeonato NORCECA 2013
2013-09-27,2013,PUR,USA,2617.56,2611.47,L,Campeonato NORCECA 2013
2013-09-27,2013,CAN,CUB,2788.00,2796.23,W,Campeonato NORCECA 2013
2013-09-27,2013,CUB,CAN,2822.07,2813.83,L,Campeonato NORCECA 2013
2013-09-27,2013,LBA,ALG,2294.22,2284.63,L,Campeonato Africano 2013
2013-09-27,2013,ALG,LBA,2425.41,2435.01,W,Campeonato Africano 2013
2013-09-27,2013,MAR,EGY,2380.02,2374.11,L,Campeonato Africano 2013
2013-09-27,2013,EGY,MAR,2624.21,2630.11,W,Campeonato Africano 2013
2013-09-27,2013,TUN,CMR,2500.34,2517.21,W,Campeonato Africano 2013
2013-09-27,2013,CMR,TUN,2543.80,2526.93,L,Campeonato Africano 2013
2013-09-28,2013,MEX,DOM,2582.68,2592.22,W,Campeonato NORCECA 2013
2013-09-28,2013,DOM,MEX,2450.21,2440.67,L,Campeonato NORCECA 2013
2013-09-28,2013,PUR,CUB,2611.47,2604.34,L,Campeonato NORCECA 2013
2013-09-28,2013,CUB,PUR,2813.83,2817.40,W,Campeonato NORCECA 2013
2013-09-28,2013,USA,CAN,2859.39,2867.59,W,Campeonato NORCECA 2013
2013-09-28,2013,CAN,USA,2796.23,2790.08,L,Campeonato NORCECA 2013
2013-09-28,2013,SRB,RUS,2875.94,2871.87,L,Campeonato Europeu 2013
2013-09-28,2013,RUS,SRB,3047.61,3050.32,W,Campeonato Europeu 2013
2013-09-28,2013,ITA,BUL,2974.14,2977.89,W,Campeonato Europeu 2013
2013-09-28,2013,BUL,ITA,2885.84,2882.09,L,Campeonato Europeu 2013
2013-09-28,2013,UAE,UZB,2258.00,2269.77,W,Campeonato Asiatico 2013
2013-09-28,2013,UZB,UAE,2182.00,2170.23,L,Campeonato Asiatico 2013
2013-09-28,2013,BRN,MYA,2395.00,2406.65,W,Campeonato Asiatico 2013
2013-09-28,2013,MYA,BRN,2316.00,2304.35,L,Campeonato Asiatico 2013
2013-09-28,2013,IRI,KAZ,2784.99,2788.42,W,Campeonato Asiatico 2013
2013-09-28,2013,KAZ,IRI,2511.00,2505.86,L,Campeonato Asiatico 2013
2013-09-28,2013,KSA,TPE,2412.00,2395.07,L,Campeonato Asiatico 2013
2013-09-28,2013,TPE,KSA,2367.00,2383.93,W,Campeonato Asiatico 2013
2013-09-28,2013,OMA,SRI,2262.00,2247.43,L,Campeonato Asiatico 2013
2013-09-28,2013,SRI,OMA,2272.00,2286.57,W,Campeonato Asiatico 2013
2013-09-28,2013,IRQ,AFG,2400.00,2408.58,W,Campeonato Asiatico 2013
2013-09-28,2013,AFG,IRQ,2241.00,2232.42,L,Campeonato Asiatico 2013
2013-09-29,2013,SRB,BUL,2871.87,2879.59,W,Campeonato Europeu 2013
2013-09-29,2013,BUL,SRB,2882.09,2876.94,L,Campeonato Europeu 2013
2013-09-29,2013,RUS,ITA,3050.32,3054.29,W,Campeonato Europeu 2013
2013-09-29,2013,ITA,RUS,2977.89,2973.92,L,Campeonato Europeu 2013
2013-09-29,2013,AUS,BRN,2575.00,2583.25,W,Campeonato Asiatico 2013
2013-09-29,2013,BRN,AUS,2406.65,2398.40,L,Campeonato Asiatico 2013
2013-09-29,2013,KUW,IRI,2258.00,2256.65,L,Campeonato Asiatico 2013
2013-09-29,2013,IRI,KUW,2788.42,2789.32,W,Campeonato Asiatico 2013
2013-09-29,2013,CHN,KSA,2613.00,2619.66,W,Campeonato Asiatico 2013
2013-09-29,2013,KSA,CHN,2395.07,2388.41,L,Campeonato Asiatico 2013
2013-09-29,2013,JPN,OMA,2570.31,2573.01,W,Campeonato Asiatico 2013
2013-09-29,2013,OMA,JPN,2247.43,2243.39,L,Campeonato Asiatico 2013
2013-09-29,2013,KOR,IRQ,2627.08,2631.50,W,Campeonato Asiatico 2013
2013-09-29,2013,IRQ,KOR,2408.58,2401.94,L,Campeonato Asiatico 2013
2013-09-29,2013,QAT,IND,2323.00,2346.37,W,Campeonato Asiatico 2013
2013-09-29,2013,IND,QAT,2542.00,2518.63,L,Campeonato Asiatico 2013
2013-09-30,2013,MYA,AUS,2304.35,2299.34,L,Campeonato Asiatico 2013
2013-09-30,2013,AUS,MYA,2583.25,2588.27,W,Campeonato Asiatico 2013
2013-09-30,2013,KAZ,KUW,2505.86,2511.64,W,Campeonato Asiatico 2013
2013-09-30,2013,KUW,KAZ,2256.65,2250.88,L,Campeonato Asiatico 2013
2013-09-30,2013,TPE,CHN,2383.93,2377.79,L,Campeonato Asiatico 2013
2013-09-30,2013,CHN,TPE,2619.66,2625.80,W,Campeonato Asiatico 2013
2013-09-30,2013,SRI,JPN,2286.57,2281.73,L,Campeonato Asiatico 2013
2013-09-30,2013,JPN,SRI,2573.01,2576.23,W,Campeonato Asiatico 2013
2013-09-30,2013,AFG,KOR,2232.42,2229.68,L,Campeonato Asiatico 2013
2013-09-30,2013,KOR,AFG,2631.50,2633.33,W,Campeonato Asiatico 2013
2013-09-30,2013,LBN,THA,2313.00,2302.83,L,Campeonato Asiatico 2013
2013-09-30,2013,THA,LBN,2429.00,2439.17,W,Campeonato Asiatico 2013
2013-10-01,2013,THA,UZB,2439.17,2444.43,W,Campeonato Asiatico 2013
2013-10-01,2013,UZB,THA,2170.23,2164.97,L,Campeonato Asiatico 2013
2013-10-01,2013,UAE,LBN,2269.77,2256.19,L,Campeonato Asiatico 2013
2013-10-01,2013,LBN,UAE,2302.83,2316.41,W,Campeonato Asiatico 2013
2013-10-01,2013,AUS,IND,2588.27,2570.30,L,Campeonato Asiatico 2013
2013-10-01,2013,IND,AUS,2518.63,2536.59,W,Campeonato Asiatico 2013
2013-10-01,2013,QAT,BRN,2346.37,2333.60,L,Campeonato Asiatico 2013
2013-10-01,2013,BRN,QAT,2398.40,2411.17,W,Campeonato Asiatico 2013
2013-10-01,2013,IRI,IRQ,2789.32,2791.26,W,Campeonato Asiatico 2013
2013-10-01,2013,IRQ,IRI,2401.94,2399.02,L,Campeonato Asiatico 2013
2013-10-01,2013,KOR,KAZ,2633.33,2639.97,W,Campeonato Asiatico 2013
2013-10-01,2013,KAZ,KOR,2511.64,2501.69,L,Campeonato Asiatico 2013
2013-10-01,2013,CHN,SRI,2625.80,2629.44,W,Campeonato Asiatico 2013
2013-10-01,2013,SRI,CHN,2281.73,2278.09,L,Campeonato Asiatico 2013
2013-10-01,2013,JPN,TPE,2576.23,2581.07,W,Campeonato Asiatico 2013
2013-10-01,2013,TPE,JPN,2377.79,2370.53,L,Campeonato Asiatico 2013
2013-10-02,2013,KSA,OMA,2388.41,2367.49,L,Campeonato Asiatico 2013
2013-10-02,2013,OMA,KSA,2243.39,2264.31,W,Campeonato Asiatico 2013
2013-10-02,2013,UZB,LBN,2164.97,2156.12,L,Campeonato Asiatico 2013
2013-10-02,2013,LBN,UZB,2316.41,2325.25,W,Campeonato Asiatico 2013
2013-10-02,2013,UAE,THA,2256.19,2248.61,L,Campeonato Asiatico 2013
2013-10-02,2013,THA,UAE,2444.43,2452.02,W,Campeonato Asiatico 2013
2013-10-02,2013,BRN,IND,2411.17,2401.36,L,Campeonato Asiatico 2013
2013-10-02,2013,IND,BRN,2536.59,2546.40,W,Campeonato Asiatico 2013
2013-10-02,2013,AUS,QAT,2570.30,2576.42,W,Campeonato Asiatico 2013
2013-10-02,2013,QAT,AUS,2333.60,2327.49,L,Campeonato Asiatico 2013
2013-10-02,2013,KAZ,IRQ,2501.69,2512.38,W,Campeonato Asiatico 2013
2013-10-02,2013,IRQ,KAZ,2399.02,2388.33,L,Campeonato Asiatico 2013
2013-10-02,2013,IRI,KOR,2791.26,2795.69,W,Campeonato Asiatico 2013
2013-10-02,2013,KOR,IRI,2639.97,2635.54,L,Campeonato Asiatico 2013
2013-10-02,2013,CHN,JPN,2629.44,2642.36,W,Campeonato Asiatico 2013
2013-10-02,2013,JPN,CHN,2581.07,2574.61,L,Campeonato Asiatico 2013
2013-10-02,2013,TPE,SRI,2370.53,2381.63,W,Campeonato Asiatico 2013
2013-10-02,2013,SRI,TPE,2278.09,2266.99,L,Campeonato Asiatico 2013
2013-10-04,2013,AFG,MYA,2229.68,2217.65,L,Campeonato Asiatico 2013
2013-10-04,2013,MYA,AFG,2299.34,2311.37,W,Campeonato Asiatico 2013
2013-10-04,2013,KUW,OMA,2250.88,2266.46,W,Campeonato Asiatico 2013
2013-10-04,2013,OMA,KUW,2264.31,2248.73,L,Campeonato Asiatico 2013
2013-10-04,2013,KAZ,SRI,2512.38,2518.25,W,Campeonato Asiatico 2013
2013-10-04,2013,SRI,KAZ,2266.99,2261.12,L,Campeonato Asiatico 2013
2013-10-04,2013,BRN,UZB,2401.36,2407.24,W,Campeonato Asiatico 2013
2013-10-04,2013,UZB,BRN,2156.12,2150.24,L,Campeonato Asiatico 2013
2013-10-04,2013,TPE,IRQ,2381.63,2396.92,W,Campeonato Asiatico 2013
2013-10-04,2013,IRQ,TPE,2388.33,2373.04,L,Campeonato Asiatico 2013
2013-10-04,2013,UAE,QAT,2248.61,2236.96,L,Campeonato Asiatico 2013
2013-10-04,2013,QAT,UAE,2327.49,2339.14,W,Campeonato Asiatico 2013
2013-10-04,2013,THA,JPN,2452.02,2442.10,L,Campeonato Asiatico 2013
2013-10-04,2013,JPN,THA,2574.61,2579.56,W,Campeonato Asiatico 2013
2013-10-04,2013,IRI,LBN,2795.69,2796.62,W,Campeonato Asiatico 2013
2013-10-04,2013,LBN,IRI,2325.25,2323.38,L,Campeonato Asiatico 2013
2013-10-04,2013,CHN,IND,2642.36,2653.32,W,Campeonato Asiatico 2013
2013-10-04,2013,IND,CHN,2546.40,2535.44,L,Campeonato Asiatico 2013
2013-10-04,2013,AUS,KOR,2576.42,2563.94,L,Campeonato Asiatico 2013
2013-10-04,2013,KOR,AUS,2635.54,2641.78,W,Campeonato Asiatico 2013
2013-10-05,2013,AFG,OMA,2217.65,2203.99,L,Campeonato Asiatico 2013
2013-10-05,2013,OMA,AFG,2248.73,2262.39,W,Campeonato Asiatico 2013
2013-10-05,2013,MYA,KUW,2311.37,2294.44,L,Campeonato Asiatico 2013
2013-10-05,2013,KUW,MYA,2266.46,2283.38,W,Campeonato Asiatico 2013
2013-10-05,2013,UZB,IRQ,2150.24,2143.73,L,Campeonato Asiatico 2013
2013-10-05,2013,IRQ,UZB,2373.04,2378.47,W,Campeonato Asiatico 2013
2013-10-05,2013,UAE,SRI,2236.96,2253.00,W,Campeonato Asiatico 2013
2013-10-05,2013,SRI,UAE,2261.12,2247.75,L,Campeonato Asiatico 2013
2013-10-05,2013,QAT,KAZ,2339.14,2331.25,L,Campeonato Asiatico 2013
2013-10-05,2013,KAZ,QAT,2518.25,2524.82,W,Campeonato Asiatico 2013
2013-10-05,2013,BRN,TPE,2407.24,2394.37,L,Campeonato Asiatico 2013
2013-10-05,2013,TPE,BRN,2396.92,2409.79,W,Campeonato Asiatico 2013
2013-10-05,2013,THA,LBN,2442.10,2452.16,W,Campeonato Asiatico 2013
2013-10-05,2013,LBN,THA,2323.38,2313.31,L,Campeonato Asiatico 2013
2013-10-05,2013,AUS,IND,2563.94,2575.42,W,Campeonato Asiatico 2013
2013-10-05,2013,IND,AUS,2535.44,2521.67,L,Campeonato Asiatico 2013
2013-10-05,2013,JPN,IRI,2579.56,2576.22,L,Campeonato Asiatico 2013
2013-10-05,2013,IRI,JPN,2796.62,2799.97,W,Campeonato Asiatico 2013
2013-10-05,2013,KOR,CHN,2641.78,2649.52,W,Campeonato Asiatico 2013
2013-10-05,2013,CHN,KOR,2653.32,2640.41,L,Campeonato Asiatico 2013
2013-10-06,2013,SRI,UZB,2247.75,2256.62,W,Campeonato Asiatico 2013
2013-10-06,2013,UZB,SRI,2143.73,2134.86,L,Campeonato Asiatico 2013
2013-10-06,2013,UAE,IRQ,2253.00,2244.83,L,Campeonato Asiatico 2013
2013-10-06,2013,IRQ,UAE,2378.47,2386.64,W,Campeonato Asiatico 2013
2013-10-06,2013,QAT,BRN,2331.25,2346.00,W,Campeonato Asiatico 2013
2013-10-06,2013,BRN,QAT,2394.37,2379.62,L,Campeonato Asiatico 2013
2013-10-06,2013,KAZ,TPE,2524.82,2508.33,L,Campeonato Asiatico 2013
2013-10-06,2013,TPE,KAZ,2409.79,2426.29,W,Campeonato Asiatico 2013
2013-10-06,2013,LBN,IND,2313.31,2307.52,L,Campeonato Asiatico 2013
2013-10-06,2013,IND,LBN,2521.67,2527.46,W,Campeonato Asiatico 2013
2013-10-06,2013,THA,AUS,2452.16,2443.92,L,Campeonato Asiatico 2013
2013-10-06,2013,AUS,THA,2575.42,2583.66,W,Campeonato Asiatico 2013
2013-10-06,2013,JPN,CHN,2576.22,2570.09,L,Campeonato Asiatico 2013
2013-10-06,2013,CHN,JPN,2640.41,2650.62,W,Campeonato Asiatico 2013
2013-10-06,2013,IRI,KOR,2799.97,2804.41,W,Campeonato Asiatico 2013
2013-10-06,2013,KOR,IRI,2649.52,2645.08,L,Campeonato Asiatico 2013
2013-11-19,2013,ITA,RUS,2973.92,2980.06,W,Grand Champions Cup 2013
2013-11-19,2013,RUS,ITA,3054.29,3048.16,L,Grand Champions Cup 2013
2013-11-19,2013,IRI,BRA,2804.41,2801.83,L,Grand Champions Cup 2013
2013-11-19,2013,BRA,IRI,3078.10,3079.81,W,Grand Champions Cup 2013
2013-11-19,2013,USA,JPN,2867.59,2869.88,W,Grand Champions Cup 2013
2013-11-19,2013,JPN,USA,2570.09,2568.56,L,Grand Champions Cup 2013
2013-11-20,2013,ITA,IRI,2980.06,2972.70,L,Grand Champions Cup 2013
2013-11-20,2013,IRI,ITA,2801.83,2809.20,W,Grand Champions Cup 2013
2013-11-20,2013,BRA,USA,3079.81,3082.11,W,Grand Champions Cup 2013
2013-11-20,2013,USA,BRA,2869.88,2866.43,L,Grand Champions Cup 2013
2013-11-20,2013,RUS,JPN,3048.16,3048.75,W,Grand Champions Cup 2013
2013-11-20,2013,JPN,RUS,2568.56,2567.97,L,Grand Champions Cup 2013
2013-11-22,2013,USA,ITA,2866.43,2876.16,W,Grand Champions Cup 2013
2013-11-22,2013,ITA,USA,2972.70,2966.21,L,Grand Champions Cup 2013
2013-11-22,2013,IRI,RUS,2809.20,2807.18,L,Grand Champions Cup 2013
2013-11-22,2013,RUS,IRI,3048.75,3050.76,W,Grand Champions Cup 2013
2013-11-22,2013,JPN,BRA,2567.97,2567.48,L,Grand Champions Cup 2013
2013-11-22,2013,BRA,JPN,3082.11,3082.61,W,Grand Champions Cup 2013
2013-11-23,2013,IRI,USA,2807.18,2813.16,W,Grand Champions Cup 2013
2013-11-23,2013,USA,IRI,2876.16,2867.19,L,Grand Champions Cup 2013
2013-11-23,2013,RUS,BRA,3050.76,3056.22,W,Grand Champions Cup 2013
2013-11-23,2013,BRA,RUS,3082.61,3077.15,L,Grand Champions Cup 2013
2013-11-23,2013,ITA,JPN,2966.21,2967.13,W,Grand Champions Cup 2013
2013-11-23,2013,JPN,ITA,2567.48,2566.56,L,Grand Champions Cup 2013
2013-11-24,2013,BRA,ITA,3077.15,3080.62,W,Grand Champions Cup 2013
2013-11-24,2013,ITA,BRA,2967.13,2963.66,L,Grand Champions Cup 2013
2013-11-24,2013,USA,RUS,2867.19,2864.67,L,Grand Champions Cup 2013
2013-11-24,2013,RUS,USA,3056.22,3058.74,W,Grand Champions Cup 2013
2013-11-24,2013,JPN,IRI,2566.56,2564.61,L,Grand Champions Cup 2013
2013-11-24,2013,IRI,JPN,2813.16,2815.11,W,Grand Champions Cup 2013
2014-05-23,2014,BRA,ITA,3080.62,3060.75,L,Liga Mundial 2014
2014-05-23,2014,ITA,BRA,2963.66,2983.53,W,Liga Mundial 2014
2014-05-23,2014,BUL,USA,2876.94,2861.41,L,Liga Mundial 2014
2014-05-23,2014,USA,BUL,2864.67,2880.20,W,Liga Mundial 2014
2014-05-23,2014,BEL,AUS,2706.84,2716.74,W,Liga Mundial 2014
2014-05-23,2014,AUS,BEL,2583.66,2573.77,L,Liga Mundial 2014
2014-05-23,2014,GER,JPN,2823.72,2829.23,W,Liga Mundial 2014
2014-05-23,2014,JPN,GER,2564.61,2559.10,L,Liga Mundial 2014
2014-05-24,2014,BRA,ITA,3060.75,3042.47,L,Liga Mundial 2014
2014-05-24,2014,ITA,BRA,2983.53,3001.81,W,Liga Mundial 2014
2014-05-24,2014,BUL,USA,2861.41,2847.22,L,Liga Mundial 2014
2014-05-24,2014,USA,BUL,2880.20,2894.39,W,Liga Mundial 2014
2014-05-24,2014,GER,JPN,2829.23,2834.46,W,Liga Mundial 2014
2014-05-24,2014,JPN,GER,2559.10,2553.87,L,Liga Mundial 2014
2014-05-24,2014,ARG,FRA,2729.76,2717.32,L,Liga Mundial 2014
2014-05-24,2014,FRA,ARG,2789.51,2801.95,W,Liga Mundial 2014
2014-05-25,2014,BEL,AUS,2716.74,2725.89,W,Liga Mundial 2014
2014-05-25,2014,AUS,BEL,2573.77,2564.62,L,Liga Mundial 2014
2014-05-25,2014,ARG,FRA,2717.32,2705.90,L,Liga Mundial 2014
2014-05-25,2014,FRA,ARG,2801.95,2813.37,W,Liga Mundial 2014
2014-05-29,2014,BRA,POL,3042.47,3049.62,W,Liga Mundial 2014
2014-05-29,2014,POL,BRA,2840.66,2833.51,L,Liga Mundial 2014
2014-05-30,2014,BRA,POL,3049.62,3026.33,L,Liga Mundial 2014
2014-05-30,2014,POL,BRA,2833.51,2856.79,W,Liga Mundial 2014
2014-05-30,2014,ITA,IRI,3001.81,3009.44,W,Liga Mundial 2014
2014-05-30,2014,IRI,ITA,2815.11,2807.48,L,Liga Mundial 2014
2014-05-30,2014,SRB,RUS,2879.59,2901.71,W,Liga Mundial 2014
2014-05-30,2014,RUS,SRB,3058.74,3036.62,L,Liga Mundial 2014
2014-05-31,2014,SRB,RUS,2901.71,2922.26,W,Liga Mundial 2014
2014-05-31,2014,RUS,SRB,3036.62,3016.08,L,Liga Mundial 2014
2014-05-31,2014,CAN,FIN,2790.08,2801.02,W,Liga Mundial 2014
2014-05-31,2014,FIN,CAN,2693.66,2682.72,L,Liga Mundial 2014
2014-05-31,2014,FRA,JPN,2813.37,2818.87,W,Liga Mundial 2014
2014-05-31,2014,JPN,FRA,2553.87,2548.37,L,Liga Mundial 2014
2014-05-31,2014,ARG,GER,2705.90,2726.21,W,Liga Mundial 2014
2014-05-31,2014,GER,ARG,2834.46,2814.15,L,Liga Mundial 2014
2014-05-31,2014,NED,KOR,2689.05,2702.16,W,Liga Mundial 2014
2014-05-31,2014,KOR,NED,2645.08,2631.97,L,Liga Mundial 2014
2014-05-31,2014,POR,CZE,2591.10,2610.29,W,Liga Mundial 2014
2014-05-31,2014,CZE,POR,2690.94,2671.74,L,Liga Mundial 2014
2014-06-01,2014,ITA,IRI,3009.44,3016.59,W,Liga Mundial 2014
2014-06-01,2014,IRI,ITA,2807.48,2800.33,L,Liga Mundial 2014
2014-06-01,2014,CAN,FIN,2801.02,2811.10,W,Liga Mundial 2014
2014-06-01,2014,FIN,CAN,2682.72,2672.64,L,Liga Mundial 2014
2014-06-01,2014,FRA,JPN,2818.87,2824.09,W,Liga Mundial 2014
2014-06-01,2014,JPN,FRA,2548.37,2543.15,L,Liga Mundial 2014
2014-06-01,2014,ARG,GER,2726.21,2714.93,L,Liga Mundial 2014
2014-06-01,2014,GER,ARG,2814.15,2825.43,W,Liga Mundial 2014
2014-06-01,2014,NED,KOR,2702.16,2684.17,L,Liga Mundial 2014
2014-06-01,2014,KOR,NED,2631.97,2649.96,W,Liga Mundial 2014
2014-06-01,2014,POR,CZE,2610.29,2597.92,L,Liga Mundial 2014
2014-06-01,2014,CZE,POR,2671.74,2684.12,W,Liga Mundial 2014
2014-06-05,2014,AUT,MKD,2343.47,2330.30,L,Liga Europeia 2014
2014-06-05,2014,MKD,AUT,2386.00,2399.17,W,Liga Europeia 2014
2014-06-05,2014,CZE,KOR,2684.12,2697.65,W,Liga Mundial 2014
2014-06-05,2014,KOR,CZE,2649.96,2636.43,L,Liga Mundial 2014
2014-06-06,2014,POL,MNE,2856.79,2832.00,L,Liga Europeia 2014
2014-06-06,2014,MNE,POL,2585.58,2610.37,W,Liga Europeia 2014
2014-06-06,2014,ROU,GRE,2498.00,2481.24,L,Liga Europeia 2014
2014-06-06,2014,GRE,ROU,2457.00,2473.76,W,Liga Europeia 2014
2014-06-06,2014,AUT,MKD,2330.30,2318.23,L,Liga Europeia 2014
2014-06-06,2014,MKD,AUT,2399.17,2411.24,W,Liga Europeia 2014
2014-06-06,2014,BRA,IRI,3026.33,3032.75,W,Liga Mundial 2014
2014-06-06,2014,IRI,BRA,2800.33,2793.91,L,Liga Mundial 2014
2014-06-06,2014,ITA,POL,3016.59,3024.29,W,Liga Mundial 2014
2014-06-06,2014,POL,ITA,2832.00,2824.29,L,Liga Mundial 2014
2014-06-06,2014,USA,RUS,2894.39,2914.43,W,Liga Mundial 2014
2014-06-06,2014,RUS,USA,3016.08,2996.03,L,Liga Mundial 2014
2014-06-06,2014,BEL,CAN,2725.89,2714.50,L,Liga Mundial 2014
2014-06-06,2014,CAN,BEL,2811.10,2822.50,W,Liga Mundial 2014
2014-06-06,2014,ARG,JPN,2714.93,2723.06,W,Liga Mundial 2014
2014-06-06,2014,JPN,ARG,2543.15,2535.02,L,Liga Mundial 2014
2014-06-06,2014,CZE,KOR,2697.65,2710.03,W,Liga Mundial 2014
2014-06-06,2014,KOR,CZE,2636.43,2624.05,L,Liga Mundial 2014
2014-06-06,2014,TUR,CUB,2404.18,2401.64,L,Liga Mundial 2014
2014-06-06,2014,CUB,TUR,2817.40,2819.94,W,Liga Mundial 2014
2014-06-06,2014,MEX,TUN,2592.22,2604.03,W,Liga Mundial 2014
2014-06-06,2014,TUN,MEX,2517.21,2505.40,L,Liga Mundial 2014
2014-06-06,2014,SVK,ESP,2595.39,2612.52,W,Liga Mundial 2014
2014-06-06,2014,ESP,SVK,2645.11,2627.98,L,Liga Mundial 2014
2014-06-06,2014,PUR,CHN,2604.34,2591.32,L,Liga Mundial 2014
2014-06-06,2014,CHN,PUR,2650.62,2663.64,W,Liga Mundial 2014
2014-06-07,2014,ROU,GRE,2481.24,2495.92,W,Liga Europeia 2014
2014-06-07,2014,GRE,ROU,2473.76,2459.08,L,Liga Europeia 2014
2014-06-07,2014,BRA,IRI,3032.75,3012.80,L,Liga Mundial 2014
2014-06-07,2014,IRI,BRA,2793.91,2817.86,W,Liga Mundial 2014
2014-06-07,2014,BUL,SRB,2847.22,2835.41,L,Liga Mundial 2014
2014-06-07,2014,SRB,BUL,2922.26,2934.07,W,Liga Mundial 2014
2014-06-07,2014,USA,RUS,2914.43,2932.89,W,Liga Mundial 2014
2014-06-07,2014,RUS,USA,2996.03,2977.57,L,Liga Mundial 2014
2014-06-07,2014,AUS,FIN,2564.62,2584.13,W,Liga Mundial 2014
2014-06-07,2014,FIN,AUS,2672.64,2653.12,L,Liga Mundial 2014
2014-06-07,2014,GER,FRA,2825.43,2810.38,L,Liga Mundial 2014
2014-06-07,2014,FRA,GER,2824.09,2839.15,W,Liga Mundial 2014
2014-06-07,2014,NED,POR,2684.17,2695.52,W,Liga Mundial 2014
2014-06-07,2014,POR,NED,2597.92,2586.57,L,Liga Mundial 2014
2014-06-07,2014,TUN,CUB,2505.40,2501.18,L,Liga Mundial 2014
2014-06-07,2014,CUB,TUN,2819.94,2824.16,W,Liga Mundial 2014
2014-06-07,2014,MEX,TUR,2604.03,2611.16,W,Liga Mundial 2014
2014-06-07,2014,TUR,MEX,2401.64,2394.51,L,Liga Mundial 2014
2014-06-07,2014,ESP,CHN,2627.98,2614.51,L,Liga Mundial 2014
2014-06-07,2014,CHN,ESP,2663.64,2677.10,W,Liga Mundial 2014
2014-06-07,2014,PUR,SVK,2591.32,2607.24,W,Liga Mundial 2014
2014-06-07,2014,SVK,PUR,2612.52,2596.61,L,Liga Mundial 2014
2014-06-08,2014,POL,MNE,2824.29,2801.07,L,Liga Europeia 2014
2014-06-08,2014,MNE,POL,2610.37,2633.60,W,Liga Europeia 2014
2014-06-08,2014,ITA,POL,3024.29,3029.71,W,Liga Mundial 2014
2014-06-08,2014,POL,ITA,2801.07,2795.65,L,Liga Mundial 2014
2014-06-08,2014,BUL,SRB,2835.41,2824.56,L,Liga Mundial 2014
2014-06-08,2014,SRB,BUL,2934.07,2944.92,W,Liga Mundial 2014
2014-06-08,2014,AUS,FIN,2584.13,2572.07,L,Liga Mundial 2014
2014-06-08,2014,FIN,AUS,2653.12,2665.18,W,Liga Mundial 2014
2014-06-08,2014,BEL,CAN,2714.50,2734.02,W,Liga Mundial 2014
2014-06-08,2014,CAN,BEL,2822.50,2802.98,L,Liga Mundial 2014
2014-06-08,2014,GER,FRA,2810.38,2798.91,L,Liga Mundial 2014
2014-06-08,2014,FRA,GER,2839.15,2850.62,W,Liga Mundial 2014
2014-06-08,2014,ARG,JPN,2723.06,2729.39,W,Liga Mundial 2014
2014-06-08,2014,JPN,ARG,2535.02,2528.69,L,Liga Mundial 2014
2014-06-08,2014,NED,POR,2695.52,2675.96,L,Liga Mundial 2014
2014-06-08,2014,POR,NED,2586.57,2606.12,W,Liga Mundial 2014
2014-06-08,2014,TUR,TUN,2394.51,2413.97,W,Liga Mundial 2014
2014-06-08,2014,TUN,TUR,2501.18,2481.71,L,Liga Mundial 2014
2014-06-08,2014,MEX,CUB,2611.16,2604.36,L,Liga Mundial 2014
2014-06-08,2014,CUB,MEX,2824.16,2830.97,W,Liga Mundial 2014
2014-06-08,2014,CHN,SVK,2677.10,2688.69,W,Liga Mundial 2014
2014-06-08,2014,SVK,CHN,2596.61,2585.02,L,Liga Mundial 2014
2014-06-08,2014,PUR,ESP,2607.24,2592.55,L,Liga Mundial 2014
2014-06-08,2014,ESP,PUR,2614.51,2629.20,W,Liga Mundial 2014
2014-06-10,2014,DEN,SLO,2319.04,2314.48,L,Liga Europeia 2014
2014-06-10,2014,SLO,DEN,2617.83,2622.38,W,Liga Europeia 2014
2014-06-11,2014,DEN,SLO,2314.48,2310.12,L,Liga Europeia 2014
2014-06-11,2014,SLO,DEN,2622.38,2626.74,W,Liga Europeia 2014
2014-06-13,2014,GRE,POL,2459.08,2485.31,W,Liga Europeia 2014
2014-06-13,2014,POL,GRE,2795.65,2773.80,L,Liga Europeia 2014
2014-06-13,2014,MKD,DEN,2411.24,2421.99,W,Liga Europeia 2014
2014-06-13,2014,DEN,MKD,2310.12,2299.37,L,Liga Europeia 2014
2014-06-13,2014,IRI,BRA,2817.86,2840.49,W,Liga Mundial 2014
2014-06-13,2014,BRA,IRI,3012.80,2993.94,L,Liga Mundial 2014
2014-06-13,2014,POL,ITA,2773.80,2794.14,W,Liga Mundial 2014
2014-06-13,2014,ITA,POL,3029.71,3009.37,L,Liga Mundial 2014
2014-06-13,2014,USA,SRB,2932.89,2948.41,W,Liga Mundial 2014
2014-06-13,2014,SRB,USA,2944.92,2929.40,L,Liga Mundial 2014
2014-06-13,2014,CAN,BEL,2802.98,2815.04,W,Liga Mundial 2014
2014-06-13,2014,BEL,CAN,2734.02,2721.96,L,Liga Mundial 2014
2014-06-13,2014,FRA,GER,2850.62,2836.27,L,Liga Mundial 2014
2014-06-13,2014,GER,FRA,2798.91,2813.26,W,Liga Mundial 2014
2014-06-13,2014,CZE,NED,2710.03,2693.56,L,Liga Mundial 2014
2014-06-13,2014,NED,CZE,2675.96,2692.43,W,Liga Mundial 2014
2014-06-13,2014,TUN,TUR,2481.71,2463.83,L,Liga Mundial 2014
2014-06-13,2014,TUR,TUN,2413.97,2431.86,W,Liga Mundial 2014
2014-06-13,2014,MEX,CUB,2604.36,2597.95,L,Liga Mundial 2014
2014-06-13,2014,CUB,MEX,2830.97,2837.37,W,Liga Mundial 2014
2014-06-13,2014,SVK,PUR,2585.02,2600.35,W,Liga Mundial 2014
2014-06-13,2014,PUR,SVK,2592.55,2577.23,L,Liga Mundial 2014
2014-06-13,2014,CHN,ESP,2688.69,2701.14,W,Liga Mundial 2014
2014-06-13,2014,ESP,CHN,2629.20,2616.74,L,Liga Mundial 2014
2014-06-14,2014,AZE,ROU,2215.00,2210.03,L,Liga Europeia 2014
2014-06-14,2014,ROU,AZE,2495.92,2500.88,W,Liga Europeia 2014
2014-06-14,2014,MKD,DEN,2421.99,2431.91,W,Liga Europeia 2014
2014-06-14,2014,DEN,MKD,2299.37,2289.45,L,Liga Europeia 2014
2014-06-14,2014,TUR,AUT,2431.86,2442.12,W,Liga Europeia 2014
2014-06-14,2014,AUT,TUR,2318.23,2307.97,L,Liga Europeia 2014
2014-06-14,2014,RUS,BUL,2977.57,2986.36,W,Liga Mundial 2014
2014-06-14,2014,BUL,RUS,2824.56,2815.77,L,Liga Mundial 2014
2014-06-14,2014,USA,SRB,2948.41,2960.23,W,Liga Mundial 2014
2014-06-14,2014,SRB,USA,2929.40,2917.58,L,Liga Mundial 2014
2014-06-14,2014,FIN,AUS,2665.18,2646.26,L,Liga Mundial 2014
2014-06-14,2014,AUS,FIN,2572.07,2591.00,W,Liga Mundial 2014
2014-06-14,2014,CAN,BEL,2815.04,2799.27,L,Liga Mundial 2014
2014-06-14,2014,BEL,CAN,2721.96,2737.73,W,Liga Mundial 2014
2014-06-14,2014,JPN,ARG,2528.69,2522.70,L,Liga Mundial 2014
2014-06-14,2014,ARG,JPN,2729.39,2735.38,W,Liga Mundial 2014
2014-06-14,2014,KOR,POR,2624.05,2608.27,L,Liga Mundial 2014
2014-06-14,2014,POR,KOR,2606.12,2621.89,W,Liga Mundial 2014
2014-06-14,2014,CZE,NED,2693.56,2681.02,L,Liga Mundial 2014
2014-06-14,2014,NED,CZE,2692.43,2704.97,W,Liga Mundial 2014
2014-06-14,2014,TUN,CUB,2463.83,2460.70,L,Liga Mundial 2014
2014-06-14,2014,CUB,TUN,2837.37,2840.50,W,Liga Mundial 2014
2014-06-14,2014,MEX,TUR,2597.95,2576.64,L,Liga Mundial 2014
2014-06-14,2014,TUR,MEX,2442.12,2459.88,W,Liga Mundial 2014
2014-06-14,2014,CHN,SVK,2701.14,2681.91,L,Liga Mundial 2014
2014-06-14,2014,SVK,CHN,2600.35,2619.58,W,Liga Mundial 2014
2014-06-14,2014,ESP,PUR,2616.74,2600.04,L,Liga Mundial 2014
2014-06-14,2014,PUR,ESP,2577.23,2593.93,W,Liga Mundial 2014
2014-06-15,2014,AZE,ROU,2210.03,2205.30,L,Liga Europeia 2014
2014-06-15,2014,ROU,AZE,2500.88,2505.62,W,Liga Europeia 2014
2014-06-15,2014,GRE,POL,2485.31,2480.97,L,Liga Europeia 2014
2014-06-15,2014,POL,GRE,2794.14,2797.75,W,Liga Europeia 2014
2014-06-15,2014,TUR,AUT,2459.88,2442.24,L,Liga Europeia 2014
2014-06-15,2014,AUT,TUR,2307.97,2329.14,W,Liga Europeia 2014
2014-06-15,2014,IRI,BRA,2840.49,2833.18,L,Liga Mundial 2014
2014-06-15,2014,BRA,IRI,2993.94,3001.25,W,Liga Mundial 2014
2014-06-15,2014,POL,ITA,2797.75,2813.19,W,Liga Mundial 2014
2014-06-15,2014,ITA,POL,3009.37,2990.08,L,Liga Mundial 2014
2014-06-15,2014,RUS,BUL,2986.36,2993.17,W,Liga Mundial 2014
2014-06-15,2014,BUL,RUS,2815.77,2808.96,L,Liga Mundial 2014
2014-06-15,2014,FIN,AUS,2646.26,2656.78,W,Liga Mundial 2014
2014-06-15,2014,AUS,FIN,2591.00,2580.47,L,Liga Mundial 2014
2014-06-15,2014,JPN,ARG,2522.70,2517.02,L,Liga Mundial 2014
2014-06-15,2014,ARG,JPN,2735.38,2741.06,W,Liga Mundial 2014
2014-06-15,2014,FRA,GER,2836.27,2847.94,W,Liga Mundial 2014
2014-06-15,2014,GER,FRA,2813.26,2801.58,L,Liga Mundial 2014
2014-06-15,2014,KOR,POR,2608.27,2596.26,L,Liga Mundial 2014
2014-06-15,2014,POR,KOR,2621.89,2633.90,W,Liga Mundial 2014
2014-06-15,2014,TUR,CUB,2442.24,2464.95,W,Liga Mundial 2014
2014-06-15,2014,CUB,TUR,2840.50,2817.79,L,Liga Mundial 2014
2014-06-15,2014,TUN,MEX,2460.70,2477.22,W,Liga Mundial 2014
2014-06-15,2014,MEX,TUN,2576.64,2560.12,L,Liga Mundial 2014
2014-06-15,2014,ESP,SVK,2600.04,2613.24,W,Liga Mundial 2014
2014-06-15,2014,SVK,ESP,2619.58,2606.38,L,Liga Mundial 2014
2014-06-15,2014,PUR,CHN,2593.93,2584.53,L,Liga Mundial 2014
2014-06-15,2014,CHN,PUR,2681.91,2691.31,W,Liga Mundial 2014
2014-06-19,2014,AUT,SLO,2329.14,2324.56,L,Liga Europeia 2014
2014-06-19,2014,SLO,AUT,2626.74,2631.32,W,Liga Europeia 2014
2014-06-20,2014,ROU,MNE,2505.62,2525.91,W,Liga Europeia 2014
2014-06-20,2014,MNE,ROU,2633.60,2613.31,L,Liga Europeia 2014
2014-06-20,2014,GRE,AZE,2480.97,2486.06,W,Liga Europeia 2014
2014-06-20,2014,AZE,GRE,2205.30,2200.20,L,Liga Europeia 2014
2014-06-20,2014,AUT,SLO,2324.56,2320.91,L,Liga Europeia 2014
2014-06-20,2014,SLO,AUT,2631.32,2635.70,W,Liga Europeia 2014
2014-06-20,2014,IRI,ITA,2833.18,2850.97,W,Liga Mundial 2014
2014-06-20,2014,ITA,IRI,2990.08,2972.29,L,Liga Mundial 2014
2014-06-20,2014,POL,BRA,2813.19,2828.13,W,Liga Mundial 2014
2014-06-20,2014,BRA,POL,3001.25,2982.58,L,Liga Mundial 2014
2014-06-20,2014,RUS,SRB,2993.17,3002.99,W,Liga Mundial 2014
2014-06-20,2014,SRB,RUS,2917.58,2907.76,L,Liga Mundial 2014
2014-06-20,2014,USA,BUL,2960.23,2967.61,W,Liga Mundial 2014
2014-06-20,2014,BUL,USA,2808.96,2801.58,L,Liga Mundial 2014
2014-06-20,2014,BEL,FIN,2737.73,2747.37,W,Liga Mundial 2014
2014-06-20,2014,FIN,BEL,2656.78,2647.15,L,Liga Mundial 2014
2014-06-20,2014,CAN,AUS,2799.27,2779.80,L,Liga Mundial 2014
2014-06-20,2014,AUS,CAN,2580.47,2599.95,W,Liga Mundial 2014
2014-06-20,2014,GER,ARG,2801.58,2786.93,L,Liga Mundial 2014
2014-06-20,2014,ARG,GER,2741.06,2755.71,W,Liga Mundial 2014
2014-06-21,2014,ROU,MNE,2525.91,2516.49,L,Liga Europeia 2014
2014-06-21,2014,MNE,ROU,2613.31,2624.61,W,Liga Europeia 2014
2014-06-21,2014,GRE,AZE,2486.06,2490.11,W,Liga Europeia 2014
2014-06-21,2014,AZE,GRE,2200.20,2195.35,L,Liga Europeia 2014
2014-06-21,2014,MKD,TUR,2431.91,2448.33,W,Liga Europeia 2014
2014-06-21,2014,TUR,MKD,2464.95,2451.26,L,Liga Europeia 2014
2014-06-21,2014,RUS,SRB,3002.99,3012.15,W,Liga Mundial 2014
2014-06-21,2014,SRB,RUS,2907.76,2898.60,L,Liga Mundial 2014
2014-06-21,2014,USA,BUL,2967.61,2949.55,L,Liga Mundial 2014
2014-06-21,2014,BUL,USA,2801.58,2819.64,W,Liga Mundial 2014
2014-06-21,2014,CAN,AUS,2779.80,2786.35,W,Liga Mundial 2014
2014-06-21,2014,AUS,CAN,2599.95,2593.39,L,Liga Mundial 2014
2014-06-21,2014,JPN,FRA,2517.02,2513.78,L,Liga Mundial 2014
2014-06-21,2014,FRA,JPN,2847.94,2851.18,W,Liga Mundial 2014
2014-06-21,2014,GER,ARG,2786.93,2776.03,L,Liga Mundial 2014
2014-06-21,2014,ARG,GER,2755.71,2766.61,W,Liga Mundial 2014
2014-06-21,2014,KOR,CZE,2596.26,2586.75,L,Liga Mundial 2014
2014-06-21,2014,CZE,KOR,2681.02,2690.53,W,Liga Mundial 2014
2014-06-21,2014,POR,NED,2633.90,2623.93,L,Liga Mundial 2014
2014-06-21,2014,NED,POR,2704.97,2714.95,W,Liga Mundial 2014
2014-06-22,2014,MKD,TUR,2448.33,2460.93,W,Liga Europeia 2014
2014-06-22,2014,TUR,MKD,2451.26,2441.18,L,Liga Europeia 2014
2014-06-22,2014,IRI,ITA,2850.97,2867.66,W,Liga Mundial 2014
2014-06-22,2014,ITA,IRI,2972.29,2958.93,L,Liga Mundial 2014
2014-06-22,2014,POL,BRA,2828.13,2822.30,L,Liga Mundial 2014
2014-06-22,2014,BRA,POL,2982.58,2988.40,W,Liga Mundial 2014
2014-06-22,2014,BEL,FIN,2747.37,2731.36,L,Liga Mundial 2014
2014-06-22,2014,FIN,BEL,2647.15,2663.15,W,Liga Mundial 2014
2014-06-22,2014,JPN,FRA,2513.78,2511.27,L,Liga Mundial 2014
2014-06-22,2014,FRA,JPN,2851.18,2853.69,W,Liga Mundial 2014
2014-06-22,2014,KOR,CZE,2586.75,2602.88,W,Liga Mundial 2014
2014-06-22,2014,CZE,KOR,2690.53,2674.41,L,Liga Mundial 2014
2014-06-22,2014,POR,NED,2623.93,2639.63,W,Liga Mundial 2014
2014-06-22,2014,NED,POR,2714.95,2699.25,L,Liga Mundial 2014
2014-06-27,2014,SLO,TUR,2635.70,2643.09,W,Liga Europeia 2014
2014-06-27,2014,TUR,SLO,2441.18,2436.26,L,Liga Europeia 2014
2014-06-27,2014,IRI,POL,2867.66,2878.54,W,Liga Mundial 2014
2014-06-27,2014,POL,IRI,2822.30,2813.60,L,Liga Mundial 2014
2014-06-27,2014,RUS,USA,3012.15,2997.42,L,Liga Mundial 2014
2014-06-27,2014,USA,RUS,2949.55,2964.28,W,Liga Mundial 2014
2014-06-27,2014,SRB,BUL,2898.60,2908.31,W,Liga Mundial 2014
2014-06-27,2014,BUL,SRB,2819.64,2809.93,L,Liga Mundial 2014
2014-06-27,2014,AUS,BEL,2593.39,2585.61,L,Liga Mundial 2014
2014-06-27,2014,BEL,AUS,2731.36,2739.14,W,Liga Mundial 2014
2014-06-27,2014,FIN,CAN,2663.15,2679.91,W,Liga Mundial 2014
2014-06-27,2014,CAN,FIN,2786.35,2769.59,L,Liga Mundial 2014
2014-06-27,2014,FRA,ARG,2853.69,2841.24,L,Liga Mundial 2014
2014-06-27,2014,ARG,FRA,2766.61,2779.06,W,Liga Mundial 2014
2014-06-27,2014,CZE,POR,2674.41,2685.66,W,Liga Mundial 2014
2014-06-27,2014,POR,CZE,2639.63,2628.38,L,Liga Mundial 2014
2014-06-28,2014,POL,ROU,2813.60,2800.90,L,Liga Europeia 2014
2014-06-28,2014,ROU,POL,2516.49,2537.66,W,Liga Europeia 2014
2014-06-28,2014,MNE,AZE,2624.61,2626.95,W,Liga Europeia 2014
2014-06-28,2014,AZE,MNE,2195.35,2193.01,L,Liga Europeia 2014
2014-06-28,2014,SLO,TUR,2643.09,2648.92,W,Liga Europeia 2014
2014-06-28,2014,TUR,SLO,2436.26,2431.59,L,Liga Europeia 2014
2014-06-28,2014,DEN,AUT,2289.45,2275.81,L,Liga Europeia 2014
2014-06-28,2014,AUT,DEN,2320.91,2332.28,W,Liga Europeia 2014
2014-06-28,2014,RUS,USA,2997.42,3006.47,W,Liga Mundial 2014
2014-06-28,2014,USA,RUS,2964.28,2955.23,L,Liga Mundial 2014
2014-06-28,2014,AUS,BEL,2585.61,2579.76,L,Liga Mundial 2014
2014-06-28,2014,BEL,AUS,2739.14,2744.99,W,Liga Mundial 2014
2014-06-28,2014,FIN,CAN,2679.91,2672.44,L,Liga Mundial 2014
2014-06-28,2014,CAN,FIN,2769.59,2777.07,W,Liga Mundial 2014
2014-06-28,2014,JPN,GER,2511.27,2507.70,L,Liga Mundial 2014
2014-06-28,2014,GER,JPN,2776.03,2779.61,W,Liga Mundial 2014
2014-06-28,2014,KOR,NED,2602.88,2593.76,L,Liga Mundial 2014
2014-06-28,2014,NED,KOR,2699.25,2708.37,W,Liga Mundial 2014
2014-06-28,2014,CZE,POR,2685.66,2694.02,W,Liga Mundial 2014
2014-06-28,2014,POR,CZE,2628.38,2620.01,L,Liga Mundial 2014
2014-06-28,2014,CUB,CHN,2817.79,2825.93,W,Liga Mundial 2014
2014-06-28,2014,CHN,CUB,2691.31,2683.17,L,Liga Mundial 2014
2014-06-28,2014,TUR,SVK,2431.59,2446.24,W,Liga Mundial 2014
2014-06-28,2014,SVK,TUR,2606.38,2588.07,L,Liga Mundial 2014
2014-06-29,2014,POL,ROU,2800.90,2803.60,W,Liga Europeia 2014
2014-06-29,2014,ROU,POL,2537.66,2533.16,L,Liga Europeia 2014
2014-06-29,2014,MNE,AZE,2626.95,2628.85,W,Liga Europeia 2014
2014-06-29,2014,AZE,MNE,2193.01,2191.11,L,Liga Europeia 2014
2014-06-29,2014,DEN,AUT,2275.81,2265.32,L,Liga Europeia 2014
2014-06-29,2014,AUT,DEN,2332.28,2342.76,W,Liga Europeia 2014
2014-06-29,2014,IRI,POL,2878.54,2886.41,W,Liga Mundial 2014
2014-06-29,2014,POL,IRI,2803.60,2797.69,L,Liga Mundial 2014
2014-06-29,2014,SRB,BUL,2908.31,2915.55,W,Liga Mundial 2014
2014-06-29,2014,BUL,SRB,2809.93,2802.69,L,Liga Mundial 2014
2014-06-29,2014,JPN,GER,2507.70,2524.24,W,Liga Mundial 2014
2014-06-29,2014,GER,JPN,2779.61,2763.07,L,Liga Mundial 2014
2014-06-29,2014,FRA,ARG,2841.24,2849.47,W,Liga Mundial 2014
2014-06-29,2014,ARG,FRA,2779.06,2770.83,L,Liga Mundial 2014
2014-06-29,2014,KOR,NED,2593.76,2586.94,L,Liga Mundial 2014
2014-06-29,2014,NED,KOR,2708.37,2715.18,W,Liga Mundial 2014
2014-06-29,2014,CHN,SVK,2683.17,2692.33,W,Liga Mundial 2014
2014-06-29,2014,SVK,CHN,2588.07,2578.91,L,Liga Mundial 2014
2014-06-29,2014,TUR,CUB,2446.24,2444.72,L,Liga Mundial 2014
2014-06-29,2014,CUB,TUR,2825.93,2828.46,W,Liga Mundial 2014
2014-07-03,2014,ITA,BRA,2958.93,2949.78,L,Liga Mundial 2014
2014-07-03,2014,BRA,ITA,2988.40,2997.56,W,Liga Mundial 2014
2014-07-04,2014,AZE,POL,2191.11,2190.37,L,Liga Europeia 2014
2014-07-04,2014,POL,AZE,2797.69,2798.14,W,Liga Europeia 2014
2014-07-04,2014,POL,IRI,2798.14,2804.38,W,Liga Mundial 2014
2014-07-04,2014,IRI,POL,2886.41,2873.93,L,Liga Mundial 2014
2014-07-04,2014,SRB,USA,2915.55,2926.69,W,Liga Mundial 2014
2014-07-04,2014,USA,SRB,2955.23,2944.09,L,Liga Mundial 2014
2014-07-04,2014,FIN,BEL,2672.44,2684.49,W,Liga Mundial 2014
2014-07-04,2014,BEL,FIN,2744.99,2732.93,L,Liga Mundial 2014
2014-07-05,2014,AZE,POL,2190.37,2189.67,L,Liga Europeia 2014
2014-07-05,2014,POL,AZE,2804.38,2804.66,W,Liga Europeia 2014
2014-07-05,2014,MNE,GRE,2628.85,2636.61,W,Liga Europeia 2014
2014-07-05,2014,GRE,MNE,2490.11,2482.35,L,Liga Europeia 2014
2014-07-05,2014,TUR,DEN,2444.72,2448.66,W,Liga Europeia 2014
2014-07-05,2014,DEN,TUR,2265.32,2258.76,L,Liga Europeia 2014
2014-07-05,2014,SLO,MKD,2648.92,2655.24,W,Liga Europeia 2014
2014-07-05,2014,MKD,SLO,2460.93,2454.61,L,Liga Europeia 2014
2014-07-05,2014,POL,IRI,2804.66,2810.65,W,Liga Mundial 2014
2014-07-05,2014,IRI,POL,2873.93,2861.96,L,Liga Mundial 2014
2014-07-05,2014,BUL,RUS,2802.69,2797.96,L,Liga Mundial 2014
2014-07-05,2014,RUS,BUL,3006.47,3011.20,W,Liga Mundial 2014
2014-07-05,2014,AUS,CAN,2579.76,2594.90,W,Liga Mundial 2014
2014-07-05,2014,CAN,AUS,2777.07,2761.93,L,Liga Mundial 2014
2014-07-05,2014,FIN,BEL,2684.49,2695.88,W,Liga Mundial 2014
2014-07-05,2014,BEL,FIN,2732.93,2721.54,L,Liga Mundial 2014
2014-07-05,2014,NED,CZE,2715.18,2724.57,W,Liga Mundial 2014
2014-07-05,2014,CZE,NED,2694.02,2684.63,L,Liga Mundial 2014
2014-07-05,2014,POR,KOR,2620.01,2629.06,W,Liga Mundial 2014
2014-07-05,2014,KOR,POR,2586.94,2577.89,L,Liga Mundial 2014
2014-07-06,2014,MNE,GRE,2636.61,2618.90,L,Liga Europeia 2014
2014-07-06,2014,GRE,MNE,2482.35,2500.06,W,Liga Europeia 2014
2014-07-06,2014,TUR,DEN,2448.66,2452.43,W,Liga Europeia 2014
2014-07-06,2014,DEN,TUR,2258.76,2252.48,L,Liga Europeia 2014
2014-07-06,2014,SLO,MKD,2655.24,2636.23,L,Liga Europeia 2014
2014-07-06,2014,MKD,SLO,2454.61,2473.62,W,Liga Europeia 2014
2014-07-06,2014,ITA,BRA,2949.78,2941.15,L,Liga Mundial 2014
2014-07-06,2014,BRA,ITA,2997.56,3006.19,W,Liga Mundial 2014
2014-07-06,2014,BUL,RUS,2797.96,2793.43,L,Liga Mundial 2014
2014-07-06,2014,RUS,BUL,3011.20,3015.73,W,Liga Mundial 2014
2014-07-06,2014,SRB,USA,2926.69,2917.19,L,Liga Mundial 2014
2014-07-06,2014,USA,SRB,2944.09,2953.59,W,Liga Mundial 2014
2014-07-06,2014,AUS,CAN,2594.90,2609.37,W,Liga Mundial 2014
2014-07-06,2014,CAN,AUS,2761.93,2747.46,L,Liga Mundial 2014
2014-07-06,2014,NED,CZE,2724.57,2733.43,W,Liga Mundial 2014
2014-07-06,2014,CZE,NED,2684.63,2675.78,L,Liga Mundial 2014
2014-07-06,2014,POR,KOR,2629.06,2617.60,L,Liga Mundial 2014
2014-07-06,2014,KOR,POR,2577.89,2589.36,W,Liga Mundial 2014
2014-07-10,2014,MKD,MNE,2473.62,2491.06,W,Liga Europeia 2014
2014-07-10,2014,MNE,MKD,2618.90,2601.45,L,Liga Europeia 2014
2014-07-11,2014,BEL,FRA,2721.54,2715.07,L,Liga Mundial 2014
2014-07-11,2014,FRA,BEL,2849.47,2855.94,W,Liga Mundial 2014
2014-07-11,2014,AUS,NED,2609.37,2622.80,W,Liga Mundial 2014
2014-07-11,2014,NED,AUS,2733.43,2720.00,L,Liga Mundial 2014
2014-07-12,2014,GRE,SLO,2500.06,2492.22,L,Liga Europeia 2014
2014-07-12,2014,SLO,GRE,2636.23,2644.07,W,Liga Europeia 2014
2014-07-12,2014,BEL,NED,2715.07,2722.67,W,Liga Mundial 2014
2014-07-12,2014,NED,BEL,2720.00,2712.40,L,Liga Mundial 2014
2014-07-12,2014,FRA,AUS,2855.94,2844.05,L,Liga Mundial 2014
2014-07-12,2014,AUS,FRA,2622.80,2634.69,W,Liga Mundial 2014
2014-07-16,2014,MNE,MKD,2601.45,2608.38,W,Liga Europeia 2014
2014-07-16,2014,MKD,MNE,2491.06,2484.13,L,Liga Europeia 2014
2014-07-16,2014,SLO,GRE,2644.07,2629.96,L,Liga Europeia 2014
2014-07-16,2014,GRE,SLO,2492.22,2506.34,W,Liga Europeia 2014
2014-07-16,2014,ITA,USA,2941.15,2951.50,W,Liga Mundial 2014
2014-07-16,2014,USA,ITA,2953.59,2943.23,L,Liga Mundial 2014
2014-07-16,2014,IRI,RUS,2861.96,2856.12,L,Liga Mundial 2014
2014-07-16,2014,RUS,IRI,3015.73,3021.57,W,Liga Mundial 2014
2014-07-17,2014,USA,AUS,2943.23,2945.41,W,Liga Mundial 2014
2014-07-17,2014,AUS,USA,2634.69,2632.52,L,Liga Mundial 2014
2014-07-17,2014,RUS,BRA,3021.57,3013.74,L,Liga Mundial 2014
2014-07-17,2014,BRA,RUS,3006.19,3016.63,W,Liga Mundial 2014
2014-07-18,2014,AUS,ITA,2632.52,2630.46,L,Liga Mundial 2014
2014-07-18,2014,ITA,AUS,2951.50,2953.57,W,Liga Mundial 2014
2014-07-18,2014,BRA,IRI,3016.63,3005.89,L,Liga Mundial 2014
2014-07-18,2014,IRI,BRA,2856.12,2866.86,W,Liga Mundial 2014
2014-07-19,2014,IRI,USA,2866.86,2861.02,L,Liga Mundial 2014
2014-07-19,2014,USA,IRI,2945.41,2951.24,W,Liga Mundial 2014
2014-07-19,2014,ITA,BRA,2953.57,2947.19,L,Liga Mundial 2014
2014-07-19,2014,BRA,ITA,3005.89,3012.27,W,Liga Mundial 2014
2014-07-20,2014,IRI,ITA,2861.02,2855.35,L,Liga Mundial 2014
2014-07-20,2014,ITA,IRI,2947.19,2952.86,W,Liga Mundial 2014
2014-07-20,2014,USA,BRA,2951.24,2960.04,W,Liga Mundial 2014
2014-07-20,2014,BRA,USA,3012.27,3003.47,L,Liga Mundial 2014
2014-07-23,2014,GRE,MNE,2506.34,2499.19,L,Liga Europeia 2014
2014-07-23,2014,MNE,GRE,2608.38,2615.52,W,Liga Europeia 2014
2014-07-26,2014,MNE,GRE,2615.52,2622.29,W,Liga Europeia 2014
2014-07-26,2014,GRE,MNE,2499.19,2492.42,L,Liga Europeia 2014
2014-08-30,2014,POL,SRB,2810.65,2817.13,W,Campeonato Mundial 2014
2014-08-30,2014,SRB,POL,2917.19,2904.21,L,Campeonato Mundial 2014
2014-08-31,2014,VEN,ARG,2522.00,2516.22,L,Campeonato Mundial 2014
2014-08-31,2014,ARG,VEN,2770.83,2774.69,W,Campeonato Mundial 2014
2014-08-31,2014,CMR,AUS,2526.93,2516.27,L,Campeonato Mundial 2014
2014-08-31,2014,AUS,CMR,2630.46,2635.78,W,Campeonato Mundial 2014
2014-08-31,2014,ITA,IRI,2952.86,2943.31,L,Campeonato Mundial 2014
2014-08-31,2014,IRI,ITA,2855.35,2864.90,W,Campeonato Mundial 2014
2014-08-31,2014,BEL,USA,2722.67,2719.63,L,Campeonato Mundial 2014
2014-08-31,2014,USA,BEL,2960.04,2963.09,W,Campeonato Mundial 2014
2014-08-31,2014,PUR,FRA,2584.53,2579.94,L,Campeonato Mundial 2014
2014-08-31,2014,FRA,PUR,2844.05,2846.80,W,Campeonato Mundial 2014
2014-09-01,2014,BRA,GER,3003.47,3006.47,W,Campeonato Mundial 2014
2014-09-01,2014,GER,BRA,2763.07,2759.06,L,Campeonato Mundial 2014
2014-09-01,2014,FIN,CUB,2695.88,2709.52,W,Campeonato Mundial 2014
2014-09-01,2014,CUB,FIN,2828.46,2811.41,L,Campeonato Mundial 2014
2014-09-01,2014,KOR,TUN,2589.36,2596.24,W,Campeonato Mundial 2014
2014-09-01,2014,TUN,KOR,2477.22,2468.62,L,Campeonato Mundial 2014
2014-09-01,2014,RUS,CAN,3013.74,3016.40,W,Campeonato Mundial 2014
2014-09-01,2014,CAN,RUS,2747.46,2743.91,L,Campeonato Mundial 2014
2014-09-01,2014,MEX,BUL,2560.12,2554.95,L,Campeonato Mundial 2014
2014-09-01,2014,BUL,MEX,2793.43,2797.57,W,Campeonato Mundial 2014
2014-09-01,2014,CHN,EGY,2692.33,2702.62,W,Campeonato Mundial 2014
2014-09-01,2014,EGY,CHN,2630.11,2617.77,L,Campeonato Mundial 2014
2014-09-02,2014,ARG,SRB,2774.69,2769.86,L,Campeonato Mundial 2014
2014-09-02,2014,SRB,ARG,2904.21,2909.04,W,Campeonato Mundial 2014
2014-09-02,2014,VEN,CMR,2516.22,2531.22,W,Campeonato Mundial 2014
2014-09-02,2014,CMR,VEN,2516.27,2501.27,L,Campeonato Mundial 2014
2014-09-02,2014,AUS,POL,2635.78,2631.88,L,Campeonato Mundial 2014
2014-09-02,2014,POL,AUS,2817.13,2819.74,W,Campeonato Mundial 2014
2014-09-02,2014,USA,IRI,2963.09,2953.53,L,Campeonato Mundial 2014
2014-09-02,2014,IRI,USA,2864.90,2871.27,W,Campeonato Mundial 2014
2014-09-02,2014,BEL,PUR,2719.63,2724.26,W,Campeonato Mundial 2014
2014-09-02,2014,PUR,BEL,2579.94,2572.21,L,Campeonato Mundial 2014
2014-09-02,2014,FRA,ITA,2846.80,2841.33,L,Campeonato Mundial 2014
2014-09-02,2014,ITA,FRA,2943.31,2946.96,W,Campeonato Mundial 2014
2014-09-03,2014,CUB,GER,2811.41,2797.04,L,Campeonato Mundial 2014
2014-09-03,2014,GER,CUB,2759.06,2767.68,W,Campeonato Mundial 2014
2014-09-03,2014,FIN,KOR,2709.52,2714.66,W,Campeonato Mundial 2014
2014-09-03,2014,KOR,FIN,2596.24,2591.10,L,Campeonato Mundial 2014
2014-09-03,2014,TUN,BRA,2468.62,2467.54,L,Campeonato Mundial 2014
2014-09-03,2014,BRA,TUN,3006.47,3007.12,W,Campeonato Mundial 2014
2014-09-03,2014,BUL,CAN,2797.57,2788.92,L,Campeonato Mundial 2014
2014-09-03,2014,CAN,BUL,2743.91,2752.56,W,Campeonato Mundial 2014
2014-09-03,2014,MEX,CHN,2554.95,2547.46,L,Campeonato Mundial 2014
2014-09-03,2014,CHN,MEX,2702.62,2708.61,W,Campeonato Mundial 2014
2014-09-03,2014,EGY,RUS,2617.77,2615.03,L,Campeonato Mundial 2014
2014-09-03,2014,RUS,EGY,3016.40,3017.78,W,Campeonato Mundial 2014
2014-09-04,2014,CMR,ARG,2501.27,2496.00,L,Campeonato Mundial 2014
2014-09-04,2014,ARG,CMR,2769.86,2772.50,W,Campeonato Mundial 2014
2014-09-04,2014,SRB,AUS,2909.04,2911.57,W,Campeonato Mundial 2014
2014-09-04,2014,AUS,SRB,2631.88,2630.19,L,Campeonato Mundial 2014
2014-09-04,2014,POL,VEN,2819.74,2821.34,W,Campeonato Mundial 2014
2014-09-04,2014,VEN,POL,2531.22,2526.43,L,Campeonato Mundial 2014
2014-09-04,2014,PUR,USA,2572.21,2569.71,L,Campeonato Mundial 2014
2014-09-04,2014,USA,PUR,2953.53,2954.53,W,Campeonato Mundial 2014
2014-09-04,2014,IRI,FRA,2871.27,2865.84,L,Campeonato Mundial 2014
2014-09-04,2014,FRA,IRI,2841.33,2849.48,W,Campeonato Mundial 2014
2014-09-04,2014,ITA,BEL,2946.96,2949.13,W,Campeonato Mundial 2014
2014-09-04,2014,BEL,ITA,2724.26,2721.01,L,Campeonato Mundial 2014
2014-09-05,2014,KOR,CUB,2591.10,2587.59,L,Campeonato Mundial 2014
2014-09-05,2014,CUB,KOR,2797.04,2801.72,W,Campeonato Mundial 2014
2014-09-05,2014,GER,TUN,2767.68,2769.94,W,Campeonato Mundial 2014
2014-09-05,2014,TUN,GER,2467.54,2463.77,L,Campeonato Mundial 2014
2014-09-05,2014,BRA,FIN,3007.12,3008.69,W,Campeonato Mundial 2014
2014-09-05,2014,FIN,BRA,2714.66,2712.31,L,Campeonato Mundial 2014
2014-09-05,2014,CHN,BUL,2708.61,2700.88,L,Campeonato Mundial 2014
2014-09-05,2014,BUL,CHN,2788.92,2794.72,W,Campeonato Mundial 2014
2014-09-05,2014,CAN,EGY,2752.56,2757.24,W,Campeonato Mundial 2014
2014-09-05,2014,EGY,CAN,2615.03,2605.67,L,Campeonato Mundial 2014
2014-09-05,2014,RUS,MEX,3017.78,3018.72,W,Campeonato Mundial 2014
2014-09-05,2014,MEX,RUS,2547.46,2545.90,L,Campeonato Mundial 2014
2014-09-06,2014,ARG,AUS,2772.50,2777.08,W,Campeonato Mundial 2014
2014-09-06,2014,AUS,ARG,2630.19,2627.13,L,Campeonato Mundial 2014
2014-09-06,2014,VEN,SRB,2526.43,2523.48,L,Campeonato Mundial 2014
2014-09-06,2014,SRB,VEN,2911.57,2913.04,W,Campeonato Mundial 2014
2014-09-06,2014,CMR,POL,2496.00,2492.00,L,Campeonato Mundial 2014
2014-09-06,2014,POL,CMR,2821.34,2822.67,W,Campeonato Mundial 2014
2014-09-06,2014,CUB,TUN,2801.72,2804.22,W,Campeonato Mundial 2014
2014-09-06,2014,TUN,CUB,2463.77,2461.27,L,Campeonato Mundial 2014
2014-09-06,2014,FIN,GER,2712.31,2706.04,L,Campeonato Mundial 2014
2014-09-06,2014,GER,FIN,2769.94,2776.21,W,Campeonato Mundial 2014
2014-09-06,2014,KOR,BRA,2587.59,2586.37,L,Campeonato Mundial 2014
2014-09-06,2014,BRA,KOR,3008.69,3009.50,W,Campeonato Mundial 2014
2014-09-06,2014,BUL,EGY,2794.72,2798.50,W,Campeonato Mundial 2014
2014-09-06,2014,EGY,BUL,2605.67,2598.11,L,Campeonato Mundial 2014
2014-09-06,2014,MEX,CAN,2545.90,2541.33,L,Campeonato Mundial 2014
2014-09-06,2014,CAN,MEX,2757.24,2760.66,W,Campeonato Mundial 2014
2014-09-06,2014,CHN,RUS,2700.88,2698.11,L,Campeonato Mundial 2014
2014-09-06,2014,RUS,CHN,3018.72,3020.10,W,Campeonato Mundial 2014
2014-09-06,2014,USA,FRA,2954.53,2948.06,L,Campeonato Mundial 2014
2014-09-06,2014,FRA,USA,2849.48,2859.18,W,Campeonato Mundial 2014
2014-09-06,2014,BEL,IRI,2721.01,2717.98,L,Campeonato Mundial 2014
2014-09-06,2014,IRI,BEL,2865.84,2868.87,W,Campeonato Mundial 2014
2014-09-06,2014,PUR,ITA,2569.71,2587.68,W,Campeonato Mundial 2014
2014-09-06,2014,ITA,PUR,2949.13,2940.14,L,Campeonato Mundial 2014
2014-09-07,2014,AUS,VEN,2627.13,2630.68,W,Campeonato Mundial 2014
2014-09-07,2014,VEN,AUS,2523.48,2512.83,L,Campeonato Mundial 2014
2014-09-07,2014,POL,ARG,2822.67,2827.02,W,Campeonato Mundial 2014
2014-09-07,2014,ARG,POL,2777.08,2770.56,L,Campeonato Mundial 2014
2014-09-07,2014,SRB,CMR,2913.04,2914.26,W,Campeonato Mundial 2014
2014-09-07,2014,CMR,SRB,2492.00,2489.56,L,Campeonato Mundial 2014
2014-09-07,2014,TUN,FIN,2461.27,2457.34,L,Campeonato Mundial 2014
2014-09-07,2014,FIN,TUN,2706.04,2708.99,W,Campeonato Mundial 2014
2014-09-07,2014,GER,KOR,2776.21,2779.98,W,Campeonato Mundial 2014
2014-09-07,2014,KOR,GER,2586.37,2582.60,L,Campeonato Mundial 2014
2014-09-07,2014,BRA,CUB,3009.50,3011.85,W,Campeonato Mundial 2014
2014-09-07,2014,CUB,BRA,2804.22,2799.52,L,Campeonato Mundial 2014
2014-09-07,2014,EGY,MEX,2598.11,2580.68,L,Campeonato Mundial 2014
2014-09-07,2014,MEX,EGY,2541.33,2552.95,W,Campeonato Mundial 2014
2014-09-07,2014,CAN,CHN,2760.66,2766.83,W,Campeonato Mundial 2014
2014-09-07,2014,CHN,CAN,2698.11,2689.89,L,Campeonato Mundial 2014
2014-09-07,2014,RUS,BUL,3020.10,3022.28,W,Campeonato Mundial 2014
2014-09-07,2014,BUL,RUS,2798.50,2795.22,L,Campeonato Mundial 2014
2014-09-07,2014,FRA,BEL,2859.18,2862.25,W,Campeonato Mundial 2014
2014-09-07,2014,BEL,FRA,2717.98,2714.90,L,Campeonato Mundial 2014
2014-09-07,2014,IRI,PUR,2868.87,2870.53,W,Campeonato Mundial 2014
2014-09-07,2014,PUR,IRI,2587.68,2584.38,L,Campeonato Mundial 2014
2014-09-07,2014,ITA,USA,2940.14,2935.26,L,Campeonato Mundial 2014
2014-09-07,2014,USA,ITA,2948.06,2952.95,W,Campeonato Mundial 2014
2014-09-10,2014,ARG,FRA,2770.56,2766.85,L,Campeonato Mundial 2014
2014-09-10,2014,FRA,ARG,2862.25,2865.96,W,Campeonato Mundial 2014
2014-09-10,2014,SRB,ITA,2914.26,2919.57,W,Campeonato Mundial 2014
2014-09-10,2014,ITA,SRB,2935.26,2929.95,L,Campeonato Mundial 2014
2014-09-10,2014,POL,USA,2827.02,2823.75,L,Campeonato Mundial 2014
2014-09-10,2014,USA,POL,2952.95,2956.21,W,Campeonato Mundial 2014
2014-09-10,2014,AUS,IRI,2630.68,2628.68,L,Campeonato Mundial 2014
2014-09-10,2014,IRI,AUS,2870.53,2872.54,W,Campeonato Mundial 2014
2014-09-10,2014,BRA,BUL,3011.85,3014.08,W,Campeonato Mundial 2014
2014-09-10,2014,BUL,BRA,2795.22,2792.99,L,Campeonato Mundial 2014
2014-09-10,2014,FIN,RUS,2708.99,2707.57,L,Campeonato Mundial 2014
2014-09-10,2014,RUS,FIN,3022.28,3023.70,W,Campeonato Mundial 2014
2014-09-10,2014,GER,CHN,2779.98,2783.71,W,Campeonato Mundial 2014
2014-09-10,2014,CHN,GER,2689.89,2684.29,L,Campeonato Mundial 2014
2014-09-10,2014,CUB,CAN,2799.52,2788.59,L,Campeonato Mundial 2014
2014-09-10,2014,CAN,CUB,2766.83,2772.30,W,Campeonato Mundial 2014
2014-09-11,2014,ARG,IRI,2766.85,2763.33,L,Campeonato Mundial 2014
2014-09-11,2014,IRI,ARG,2872.54,2876.06,W,Campeonato Mundial 2014
2014-09-11,2014,SRB,USA,2919.57,2915.09,L,Campeonato Mundial 2014
2014-09-11,2014,USA,SRB,2956.21,2960.68,W,Campeonato Mundial 2014
2014-09-11,2014,POL,ITA,2823.75,2830.23,W,Campeonato Mundial 2014
2014-09-11,2014,ITA,POL,2929.95,2923.47,L,Campeonato Mundial 2014
2014-09-11,2014,AUS,FRA,2628.68,2626.64,L,Campeonato Mundial 2014
2014-09-11,2014,FRA,AUS,2865.96,2867.99,W,Campeonato Mundial 2014
2014-09-11,2014,BRA,CHN,3014.08,3015.39,W,Campeonato Mundial 2014
2014-09-11,2014,CHN,BRA,2684.29,2682.34,L,Campeonato Mundial 2014
2014-09-11,2014,FIN,CAN,2707.57,2703.49,L,Campeonato Mundial 2014
2014-09-11,2014,CAN,FIN,2772.30,2776.38,W,Campeonato Mundial 2014
2014-09-11,2014,GER,BUL,2783.71,2788.84,W,Campeonato Mundial 2014
2014-09-11,2014,BUL,GER,2792.99,2787.86,L,Campeonato Mundial 2014
2014-09-11,2014,CUB,RUS,2788.59,2785.51,L,Campeonato Mundial 2014
2014-09-11,2014,RUS,CUB,3023.70,3025.75,W,Campeonato Mundial 2014
2014-09-13,2014,ARG,ITA,2763.33,2770.48,W,Campeonato Mundial 2014
2014-09-13,2014,ITA,ARG,2923.47,2916.32,L,Campeonato Mundial 2014
2014-09-13,2014,SRB,FRA,2915.09,2909.42,L,Campeonato Mundial 2014
2014-09-13,2014,FRA,SRB,2867.99,2873.67,W,Campeonato Mundial 2014
2014-09-13,2014,POL,IRI,2830.23,2835.89,W,Campeonato Mundial 2014
2014-09-13,2014,IRI,POL,2876.06,2870.40,L,Campeonato Mundial 2014
2014-09-13,2014,AUS,USA,2626.64,2625.37,L,Campeonato Mundial 2014
2014-09-13,2014,USA,AUS,2960.68,2961.96,W,Campeonato Mundial 2014
2014-09-13,2014,BRA,CAN,3015.39,3017.40,W,Campeonato Mundial 2014
2014-09-13,2014,CAN,BRA,2776.38,2774.36,L,Campeonato Mundial 2014
2014-09-13,2014,FIN,CHN,2703.49,2698.19,L,Campeonato Mundial 2014
2014-09-13,2014,CHN,FIN,2682.34,2690.30,W,Campeonato Mundial 2014
2014-09-13,2014,GER,RUS,2788.84,2786.81,L,Campeonato Mundial 2014
2014-09-13,2014,RUS,GER,3025.75,3027.78,W,Campeonato Mundial 2014
2014-09-13,2014,CUB,BUL,2785.51,2793.06,W,Campeonato Mundial 2014
2014-09-13,2014,BUL,CUB,2787.86,2782.82,L,Campeonato Mundial 2014
2014-09-14,2014,ARG,USA,2770.48,2777.99,W,Campeonato Mundial 2014
2014-09-14,2014,USA,ARG,2961.96,2954.45,L,Campeonato Mundial 2014
2014-09-14,2014,SRB,IRI,2909.42,2903.86,L,Campeonato Mundial 2014
2014-09-14,2014,IRI,SRB,2870.40,2875.96,W,Campeonato Mundial 2014
2014-09-14,2014,POL,FRA,2835.89,2841.43,W,Campeonato Mundial 2014
2014-09-14,2014,FRA,POL,2873.67,2868.12,L,Campeonato Mundial 2014
2014-09-14,2014,AUS,ITA,2625.37,2623.79,L,Campeonato Mundial 2014
2014-09-14,2014,ITA,AUS,2916.32,2917.90,W,Campeonato Mundial 2014
2014-09-14,2014,BRA,RUS,3017.40,3022.55,W,Campeonato Mundial 2014
2014-09-14,2014,RUS,BRA,3027.78,3022.64,L,Campeonato Mundial 2014
2014-09-14,2014,FIN,BUL,2698.19,2704.38,W,Campeonato Mundial 2014
2014-09-14,2014,BUL,FIN,2782.82,2776.63,L,Campeonato Mundial 2014
2014-09-14,2014,GER,CAN,2786.81,2791.63,W,Campeonato Mundial 2014
2014-09-14,2014,CAN,GER,2774.36,2769.54,L,Campeonato Mundial 2014
2014-09-14,2014,CUB,CHN,2793.06,2783.40,L,Campeonato Mundial 2014
2014-09-14,2014,CHN,CUB,2690.30,2699.95,W,Campeonato Mundial 2014
2014-09-16,2014,FRA,GER,2868.12,2872.04,W,Campeonato Mundial 2014
2014-09-16,2014,GER,FRA,2791.63,2787.71,L,Campeonato Mundial 2014
2014-09-16,2014,POL,BRA,2841.43,2848.83,W,Campeonato Mundial 2014
2014-09-16,2014,BRA,POL,3022.55,3015.16,L,Campeonato Mundial 2014
2014-09-17,2014,GER,IRI,2787.71,2793.95,W,Campeonato Mundial 2014
2014-09-17,2014,IRI,GER,2875.96,2869.72,L,Campeonato Mundial 2014
2014-09-17,2014,BRA,RUS,3015.16,3020.27,W,Campeonato Mundial 2014
2014-09-17,2014,RUS,BRA,3022.64,3017.53,L,Campeonato Mundial 2014
2014-09-18,2014,FRA,IRI,2872.04,2877.01,W,Campeonato Mundial 2014
2014-09-18,2014,IRI,FRA,2869.72,2864.75,L,Campeonato Mundial 2014
2014-09-18,2014,POL,RUS,2848.83,2856.08,W,Campeonato Mundial 2014
2014-09-18,2014,RUS,POL,3017.53,3010.27,L,Campeonato Mundial 2014
2014-09-20,2014,IRI,RUS,2864.75,2861.73,L,Campeonato Mundial 2014
2014-09-20,2014,RUS,IRI,3010.27,3013.29,W,Campeonato Mundial 2014
2014-09-20,2014,FRA,BRA,2877.01,2873.96,L,Campeonato Mundial 2014
2014-09-20,2014,BRA,FRA,3020.27,3023.31,W,Campeonato Mundial 2014
2014-09-20,2014,GER,POL,2793.95,2789.84,L,Campeonato Mundial 2014
2014-09-20,2014,POL,GER,2856.08,2860.19,W,Campeonato Mundial 2014
2014-09-21,2014,FRA,GER,2873.96,2867.77,L,Campeonato Mundial 2014
2014-09-21,2014,GER,FRA,2789.84,2796.03,W,Campeonato Mundial 2014
2014-09-21,2014,BRA,POL,3023.31,3016.13,L,Campeonato Mundial 2014
2014-09-21,2014,POL,BRA,2860.19,2867.38,W,Campeonato Mundial 2014
2015-05-16,2015,CAN,CUB,2769.54,2785.14,W,Liga Mundial 2015
2015-05-16,2015,CUB,CAN,2783.40,2767.80,L,Liga Mundial 2015
2015-05-16,2015,POR,NED,2617.60,2606.59,L,Liga Mundial 2015
2015-05-16,2015,NED,POR,2712.40,2723.40,W,Liga Mundial 2015
2015-05-17,2015,CAN,CUB,2785.14,2799.39,W,Liga Mundial 2015
2015-05-17,2015,CUB,CAN,2767.80,2753.55,L,Liga Mundial 2015
2015-05-17,2015,POR,NED,2606.59,2596.45,L,Liga Mundial 2015
2015-05-17,2015,NED,POR,2723.40,2733.54,W,Liga Mundial 2015
2015-05-21,2015,CAN,CUB,2799.39,2812.42,W,Campeonato NORCECA 2015
2015-05-21,2015,CUB,CAN,2753.55,2740.52,L,Campeonato NORCECA 2015
2015-05-21,2015,USA,MEX,2954.45,2957.16,W,Campeonato NORCECA 2015
2015-05-21,2015,MEX,USA,2552.95,2550.24,L,Campeonato NORCECA 2015
2015-05-22,2015,MEX,CAN,2550.24,2544.81,L,Campeonato NORCECA 2015
2015-05-22,2015,CAN,MEX,2812.42,2817.85,W,Campeonato NORCECA 2015
2015-05-23,2015,CUB,MEX,2740.52,2747.86,W,Campeonato NORCECA 2015
2015-05-23,2015,MEX,CUB,2544.81,2537.46,L,Campeonato NORCECA 2015
2015-05-23,2015,USA,CAN,2957.16,2936.45,L,Campeonato NORCECA 2015
2015-05-23,2015,CAN,USA,2817.85,2838.56,W,Campeonato NORCECA 2015
2015-05-23,2015,FIN,BEL,2704.38,2689.84,L,Liga Mundial 2015
2015-05-23,2015,BEL,FIN,2714.90,2729.45,W,Liga Mundial 2015
2015-05-24,2015,FIN,BEL,2689.84,2676.54,L,Liga Mundial 2015
2015-05-24,2015,BEL,FIN,2729.45,2742.75,W,Liga Mundial 2015
2015-05-28,2015,POL,RUS,2867.38,2888.34,W,Liga Mundial 2015
2015-05-28,2015,RUS,POL,3013.29,2992.34,L,Liga Mundial 2015
2015-05-29,2015,BRA,SRB,3016.13,3026.44,W,Liga Mundial 2015
2015-05-29,2015,SRB,BRA,2903.86,2893.54,L,Liga Mundial 2015
2015-05-29,2015,AUS,ITA,2623.79,2619.13,L,Liga Mundial 2015
2015-05-29,2015,ITA,AUS,2917.90,2922.56,W,Liga Mundial 2015
2015-05-29,2015,POL,RUS,2888.34,2907.70,W,Liga Mundial 2015
2015-05-29,2015,RUS,POL,2992.34,2972.98,L,Liga Mundial 2015
2015-05-29,2015,ARG,CUB,2777.99,2791.69,W,Liga Mundial 2015
2015-05-29,2015,CUB,ARG,2747.86,2734.16,L,Liga Mundial 2015
2015-05-30,2015,AUS,ITA,2619.13,2614.67,L,Liga Mundial 2015
2015-05-30,2015,ITA,AUS,2922.56,2927.01,W,Liga Mundial 2015
2015-05-30,2015,USA,IRI,2936.45,2948.27,W,Liga Mundial 2015
2015-05-30,2015,IRI,USA,2861.73,2849.91,L,Liga Mundial 2015
2015-05-30,2015,BUL,CAN,2776.63,2764.27,L,Liga Mundial 2015
2015-05-30,2015,CAN,BUL,2838.56,2848.86,W,Liga Mundial 2015
2015-05-30,2015,ARG,CUB,2791.69,2774.23,L,Liga Mundial 2015
2015-05-30,2015,CUB,ARG,2734.16,2748.71,W,Liga Mundial 2015
2015-05-30,2015,KOR,FRA,2582.60,2577.73,L,Liga Mundial 2015
2015-05-30,2015,FRA,KOR,2867.77,2872.64,W,Liga Mundial 2015
2015-05-30,2015,JPN,CZE,2524.24,2545.40,W,Liga Mundial 2015
2015-05-30,2015,CZE,JPN,2675.78,2654.62,L,Liga Mundial 2015
2015-05-30,2015,BEL,FIN,2742.75,2754.92,W,Liga Mundial 2015
2015-05-30,2015,FIN,BEL,2676.54,2664.36,L,Liga Mundial 2015
2015-05-31,2015,BRA,SRB,3026.44,3035.97,W,Liga Mundial 2015
2015-05-31,2015,SRB,BRA,2893.54,2884.02,L,Liga Mundial 2015
2015-05-31,2015,USA,IRI,2948.27,2959.13,W,Liga Mundial 2015
2015-05-31,2015,IRI,USA,2849.91,2839.05,L,Liga Mundial 2015
2015-05-31,2015,BUL,CAN,2764.27,2782.86,W,Liga Mundial 2015
2015-05-31,2015,CAN,BUL,2848.86,2833.37,L,Liga Mundial 2015
2015-05-31,2015,KOR,FRA,2577.73,2573.09,L,Liga Mundial 2015
2015-05-31,2015,FRA,KOR,2872.64,2877.28,W,Liga Mundial 2015
2015-05-31,2015,JPN,CZE,2545.40,2534.96,L,Liga Mundial 2015
2015-05-31,2015,CZE,JPN,2654.62,2665.05,W,Liga Mundial 2015
2015-05-31,2015,BEL,FIN,2754.92,2766.10,W,Liga Mundial 2015
2015-05-31,2015,FIN,BEL,2664.36,2653.19,L,Liga Mundial 2015
2015-06-05,2015,BRA,AUS,3035.97,3038.41,W,Liga Mundial 2015
2015-06-05,2015,AUS,BRA,2614.67,2612.24,L,Liga Mundial 2015
2015-06-05,2015,ITA,SRB,2927.01,2910.16,L,Liga Mundial 2015
2015-06-05,2015,SRB,ITA,2884.02,2900.86,W,Liga Mundial 2015
2015-06-05,2015,USA,RUS,2959.13,2974.73,W,Liga Mundial 2015
2015-06-05,2015,RUS,USA,2972.98,2957.38,L,Liga Mundial 2015
2015-06-05,2015,POL,IRI,2907.70,2919.77,W,Liga Mundial 2015
2015-06-05,2015,IRI,POL,2839.05,2826.97,L,Liga Mundial 2015
2015-06-05,2015,CAN,ARG,2833.37,2843.77,W,Liga Mundial 2015
2015-06-05,2015,ARG,CAN,2774.23,2761.76,L,Liga Mundial 2015
2015-06-05,2015,CUB,BUL,2748.71,2737.44,L,Liga Mundial 2015
2015-06-05,2015,BUL,CUB,2782.86,2796.39,W,Liga Mundial 2015
2015-06-05,2015,FIN,POR,2653.19,2665.76,W,Liga Mundial 2015
2015-06-05,2015,POR,FIN,2596.45,2583.88,L,Liga Mundial 2015
2015-06-06,2015,USA,RUS,2974.73,2986.61,W,Liga Mundial 2015
2015-06-06,2015,RUS,USA,2957.38,2943.13,L,Liga Mundial 2015
2015-06-06,2015,POL,IRI,2919.77,2930.86,W,Liga Mundial 2015
2015-06-06,2015,IRI,POL,2826.97,2815.89,L,Liga Mundial 2015
2015-06-06,2015,CAN,ARG,2843.77,2828.37,L,Liga Mundial 2015
2015-06-06,2015,ARG,CAN,2761.76,2780.24,W,Liga Mundial 2015
2015-06-06,2015,CUB,BUL,2737.44,2727.04,L,Liga Mundial 2015
2015-06-06,2015,BUL,CUB,2796.39,2808.87,W,Liga Mundial 2015
2015-06-06,2015,KOR,CZE,2573.09,2561.97,L,Liga Mundial 2015
2015-06-06,2015,CZE,KOR,2665.05,2676.17,W,Liga Mundial 2015
2015-06-06,2015,JPN,FRA,2534.96,2531.29,L,Liga Mundial 2015
2015-06-06,2015,FRA,JPN,2877.28,2880.95,W,Liga Mundial 2015
2015-06-06,2015,NED,BEL,2733.54,2749.94,W,Liga Mundial 2015
2015-06-06,2015,BEL,NED,2766.10,2749.70,L,Liga Mundial 2015
2015-06-06,2015,FIN,POR,2665.76,2675.37,W,Liga Mundial 2015
2015-06-06,2015,POR,FIN,2583.88,2572.35,L,Liga Mundial 2015
2015-06-07,2015,BRA,AUS,3038.41,3040.78,W,Liga Mundial 2015
2015-06-07,2015,AUS,BRA,2612.24,2609.86,L,Liga Mundial 2015
2015-06-07,2015,ITA,SRB,2910.16,2924.76,W,Liga Mundial 2015
2015-06-07,2015,SRB,ITA,2900.86,2886.27,L,Liga Mundial 2015
2015-06-07,2015,KOR,CZE,2561.97,2581.73,W,Liga Mundial 2015
2015-06-07,2015,CZE,KOR,2676.17,2656.41,L,Liga Mundial 2015
2015-06-07,2015,JPN,FRA,2531.29,2527.76,L,Liga Mundial 2015
2015-06-07,2015,FRA,JPN,2880.95,2884.49,W,Liga Mundial 2015
2015-06-07,2015,NED,BEL,2749.94,2734.93,L,Liga Mundial 2015
2015-06-07,2015,BEL,NED,2749.70,2762.21,W,Liga Mundial 2015
2015-06-12,2015,SRB,BRA,2886.27,2907.53,W,Liga Mundial 2015
2015-06-12,2015,BRA,SRB,3040.78,3019.52,L,Liga Mundial 2015
2015-06-12,2015,ITA,AUS,2924.76,2898.97,L,Liga Mundial 2015
2015-06-12,2015,AUS,ITA,2609.86,2635.65,W,Liga Mundial 2015
2015-06-12,2015,USA,POL,2986.61,2997.12,W,Liga Mundial 2015
2015-06-12,2015,POL,USA,2930.86,2918.24,L,Liga Mundial 2015
2015-06-12,2015,CAN,BUL,2828.37,2817.81,L,Liga Mundial 2015
2015-06-12,2015,BUL,CAN,2808.87,2824.71,W,Liga Mundial 2015
2015-06-12,2015,CUB,ARG,2727.04,2741.44,W,Liga Mundial 2015
2015-06-12,2015,ARG,CUB,2780.24,2762.96,L,Liga Mundial 2015
2015-06-12,2015,FRA,CZE,2884.49,2890.85,W,Liga Mundial 2015
2015-06-12,2015,CZE,FRA,2656.41,2650.05,L,Liga Mundial 2015
2015-06-12,2015,PUR,TUR,2584.38,2563.94,L,Liga Mundial 2015
2015-06-12,2015,TUR,PUR,2452.43,2472.86,W,Liga Mundial 2015
2015-06-12,2015,MNE,TUN,2622.29,2630.66,W,Liga Mundial 2015
2015-06-12,2015,TUN,MNE,2457.34,2448.97,L,Liga Mundial 2015
2015-06-12,2015,SVK,CHN,2578.91,2568.93,L,Liga Mundial 2015
2015-06-12,2015,CHN,SVK,2699.95,2709.93,W,Liga Mundial 2015
2015-06-12,2015,MEX,GRE,2537.46,2520.53,L,Liga Mundial 2015
2015-06-12,2015,GRE,MEX,2492.42,2509.35,W,Liga Mundial 2015
2015-06-12,2015,ESP,EGY,2613.24,2626.84,W,Liga Mundial 2015
2015-06-12,2015,EGY,ESP,2580.68,2567.08,L,Liga Mundial 2015
2015-06-12,2015,KAZ,VEN,2508.33,2523.52,W,Liga Mundial 2015
2015-06-12,2015,VEN,KAZ,2512.83,2497.64,L,Liga Mundial 2015
2015-06-13,2015,RUS,IRI,2943.13,2922.87,L,Liga Mundial 2015
2015-06-13,2015,IRI,RUS,2815.89,2836.15,W,Liga Mundial 2015
2015-06-13,2015,USA,POL,2997.12,3006.83,W,Liga Mundial 2015
2015-06-13,2015,POL,USA,2918.24,2908.53,L,Liga Mundial 2015
2015-06-13,2015,CAN,BUL,2817.81,2828.01,W,Liga Mundial 2015
2015-06-13,2015,BUL,CAN,2824.71,2811.96,L,Liga Mundial 2015
2015-06-13,2015,CUB,ARG,2741.44,2732.05,L,Liga Mundial 2015
2015-06-13,2015,ARG,CUB,2762.96,2774.68,W,Liga Mundial 2015
2015-06-13,2015,KOR,JPN,2581.73,2564.42,L,Liga Mundial 2015
2015-06-13,2015,JPN,KOR,2527.76,2545.07,W,Liga Mundial 2015
2015-06-13,2015,NED,FIN,2734.93,2747.39,W,Liga Mundial 2015
2015-06-13,2015,FIN,NED,2675.37,2664.99,L,Liga Mundial 2015
2015-06-13,2015,BEL,POR,2762.21,2768.48,W,Liga Mundial 2015
2015-06-13,2015,POR,BEL,2572.35,2564.82,L,Liga Mundial 2015
2015-06-13,2015,TUR,TUN,2472.86,2486.83,W,Liga Mundial 2015
2015-06-13,2015,TUN,TUR,2448.97,2435.00,L,Liga Mundial 2015
2015-06-13,2015,MNE,PUR,2630.66,2642.82,W,Liga Mundial 2015
2015-06-13,2015,PUR,MNE,2563.94,2551.78,L,Liga Mundial 2015
2015-06-13,2015,CHN,GRE,2709.93,2717.12,W,Liga Mundial 2015
2015-06-13,2015,GRE,CHN,2509.35,2502.16,L,Liga Mundial 2015
2015-06-13,2015,MEX,SVK,2520.53,2507.61,L,Liga Mundial 2015
2015-06-13,2015,SVK,MEX,2568.93,2581.86,W,Liga Mundial 2015
2015-06-13,2015,ESP,VEN,2626.84,2636.51,W,Liga Mundial 2015
2015-06-13,2015,VEN,ESP,2497.64,2487.97,L,Liga Mundial 2015
2015-06-13,2015,KAZ,EGY,2523.52,2510.40,L,Liga Mundial 2015
2015-06-13,2015,EGY,KAZ,2567.08,2580.21,W,Liga Mundial 2015
2015-06-14,2015,SRB,BRA,2907.53,2898.92,L,Liga Mundial 2015
2015-06-14,2015,BRA,SRB,3019.52,3028.12,W,Liga Mundial 2015
2015-06-14,2015,ITA,AUS,2898.97,2903.47,W,Liga Mundial 2015
2015-06-14,2015,AUS,ITA,2635.65,2631.15,L,Liga Mundial 2015
2015-06-14,2015,RUS,IRI,2922.87,2907.31,L,Liga Mundial 2015
2015-06-14,2015,IRI,RUS,2836.15,2851.70,W,Liga Mundial 2015
2015-06-14,2015,KOR,JPN,2564.42,2576.22,W,Liga Mundial 2015
2015-06-14,2015,JPN,KOR,2545.07,2533.26,L,Liga Mundial 2015
2015-06-14,2015,FRA,CZE,2890.85,2895.85,W,Liga Mundial 2015
2015-06-14,2015,CZE,FRA,2650.05,2645.05,L,Liga Mundial 2015
2015-06-14,2015,NED,FIN,2747.39,2756.98,W,Liga Mundial 2015
2015-06-14,2015,FIN,NED,2664.99,2655.40,L,Liga Mundial 2015
2015-06-14,2015,BEL,POR,2768.48,2774.39,W,Liga Mundial 2015
2015-06-14,2015,POR,BEL,2564.82,2558.91,L,Liga Mundial 2015
2015-06-14,2015,TUN,PUR,2435.00,2454.86,W,Liga Mundial 2015
2015-06-14,2015,PUR,TUN,2551.78,2531.92,L,Liga Mundial 2015
2015-06-14,2015,MNE,TUR,2642.82,2651.50,W,Liga Mundial 2015
2015-06-14,2015,TUR,MNE,2486.83,2478.15,L,Liga Mundial 2015
2015-06-14,2015,SVK,GRE,2581.86,2563.48,L,Liga Mundial 2015
2015-06-14,2015,GRE,SVK,2502.16,2520.55,W,Liga Mundial 2015
2015-06-14,2015,MEX,CHN,2507.61,2501.85,L,Liga Mundial 2015
2015-06-14,2015,CHN,MEX,2717.12,2724.03,W,Liga Mundial 2015
2015-06-14,2015,VEN,EGY,2487.97,2476.86,L,Liga Mundial 2015
2015-06-14,2015,EGY,VEN,2580.21,2591.32,W,Liga Mundial 2015
2015-06-14,2015,KAZ,ESP,2510.40,2500.61,L,Liga Mundial 2015
2015-06-14,2015,ESP,KAZ,2636.51,2646.29,W,Liga Mundial 2015
2015-06-18,2015,SRB,AUS,2898.92,2903.33,W,Liga Mundial 2015
2015-06-18,2015,AUS,SRB,2631.15,2626.74,L,Liga Mundial 2015
2015-06-19,2015,ITA,BRA,2903.47,2920.28,W,Liga Mundial 2015
2015-06-19,2015,BRA,ITA,3028.12,3011.32,L,Liga Mundial 2015
2015-06-19,2015,RUS,POL,2907.31,2894.86,L,Liga Mundial 2015
2015-06-19,2015,POL,RUS,2908.53,2920.99,W,Liga Mundial 2015
2015-06-19,2015,IRI,USA,2851.70,2869.44,W,Liga Mundial 2015
2015-06-19,2015,USA,IRI,3006.83,2989.09,L,Liga Mundial 2015
2015-06-19,2015,CUB,CAN,2732.05,2724.75,L,Liga Mundial 2015
2015-06-19,2015,CAN,CUB,2828.01,2835.31,W,Liga Mundial 2015
2015-06-19,2015,CZE,FRA,2645.05,2640.28,L,Liga Mundial 2015
2015-06-19,2015,FRA,CZE,2895.85,2900.62,W,Liga Mundial 2015
2015-06-19,2015,NED,POR,2756.98,2763.03,W,Liga Mundial 2015
2015-06-19,2015,POR,NED,2558.91,2552.85,L,Liga Mundial 2015
2015-06-19,2015,MNE,TUN,2651.50,2658.82,W,Liga Mundial 2015
2015-06-19,2015,TUN,MNE,2454.86,2447.55,L,Liga Mundial 2015
2015-06-19,2015,TUR,PUR,2478.15,2495.45,W,Liga Mundial 2015
2015-06-19,2015,PUR,TUR,2531.92,2514.62,L,Liga Mundial 2015
2015-06-19,2015,SVK,CHN,2563.48,2554.95,L,Liga Mundial 2015
2015-06-19,2015,CHN,SVK,2724.03,2732.55,W,Liga Mundial 2015
2015-06-19,2015,GRE,MEX,2520.55,2534.74,W,Liga Mundial 2015
2015-06-19,2015,MEX,GRE,2501.85,2490.02,L,Liga Mundial 2015
2015-06-19,2015,ESP,VEN,2646.29,2654.50,W,Liga Mundial 2015
2015-06-19,2015,VEN,ESP,2476.86,2468.65,L,Liga Mundial 2015
2015-06-19,2015,EGY,KAZ,2591.32,2602.49,W,Liga Mundial 2015
2015-06-19,2015,KAZ,EGY,2500.61,2489.44,L,Liga Mundial 2015
2015-06-20,2015,SRB,AUS,2903.33,2907.56,W,Liga Mundial 2015
2015-06-20,2015,AUS,SRB,2626.74,2622.51,L,Liga Mundial 2015
2015-06-20,2015,RUS,POL,2894.86,2883.30,L,Liga Mundial 2015
2015-06-20,2015,POL,RUS,2920.99,2932.55,W,Liga Mundial 2015
2015-06-20,2015,ARG,BUL,2774.68,2763.52,L,Liga Mundial 2015
2015-06-20,2015,BUL,ARG,2811.96,2823.12,W,Liga Mundial 2015
2015-06-20,2015,CUB,CAN,2724.75,2737.83,W,Liga Mundial 2015
2015-06-20,2015,CAN,CUB,2835.31,2822.24,L,Liga Mundial 2015
2015-06-20,2015,JPN,KOR,2533.26,2547.30,W,Liga Mundial 2015
2015-06-20,2015,KOR,JPN,2576.22,2562.19,L,Liga Mundial 2015
2015-06-20,2015,CZE,FRA,2640.28,2635.71,L,Liga Mundial 2015
2015-06-20,2015,FRA,CZE,2900.62,2905.19,W,Liga Mundial 2015
2015-06-20,2015,NED,POR,2763.03,2743.78,L,Liga Mundial 2015
2015-06-20,2015,POR,NED,2552.85,2572.11,W,Liga Mundial 2015
2015-06-20,2015,PUR,MNE,2514.62,2505.51,L,Liga Mundial 2015
2015-06-20,2015,MNE,PUR,2658.82,2667.93,W,Liga Mundial 2015
2015-06-20,2015,TUR,TUN,2495.45,2508.40,W,Liga Mundial 2015
2015-06-20,2015,TUN,TUR,2447.55,2434.60,L,Liga Mundial 2015
2015-06-20,2015,CHN,MEX,2732.55,2738.51,W,Liga Mundial 2015
2015-06-20,2015,MEX,CHN,2490.02,2485.06,L,Liga Mundial 2015
2015-06-20,2015,SVK,GRE,2554.95,2539.08,L,Liga Mundial 2015
2015-06-20,2015,GRE,SVK,2534.74,2550.61,W,Liga Mundial 2015
2015-06-20,2015,ESP,KAZ,2654.50,2662.87,W,Liga Mundial 2015
2015-06-20,2015,KAZ,ESP,2489.44,2481.08,L,Liga Mundial 2015
2015-06-20,2015,EGY,VEN,2602.49,2611.98,W,Liga Mundial 2015
2015-06-20,2015,VEN,EGY,2468.65,2459.16,L,Liga Mundial 2015
2015-06-21,2015,ITA,BRA,2920.28,2910.98,L,Liga Mundial 2015
2015-06-21,2015,BRA,ITA,3011.32,3020.62,W,Liga Mundial 2015
2015-06-21,2015,IRI,USA,2869.44,2886.08,W,Liga Mundial 2015
2015-06-21,2015,USA,IRI,2989.09,2975.78,L,Liga Mundial 2015
2015-06-21,2015,ARG,BUL,2763.52,2778.14,W,Liga Mundial 2015
2015-06-21,2015,BUL,ARG,2823.12,2808.50,L,Liga Mundial 2015
2015-06-21,2015,JPN,KOR,2547.30,2560.34,W,Liga Mundial 2015
2015-06-21,2015,KOR,JPN,2562.19,2549.15,L,Liga Mundial 2015
2015-06-21,2015,TUN,PUR,2434.60,2424.62,L,Liga Mundial 2015
2015-06-21,2015,PUR,TUN,2505.51,2515.50,W,Liga Mundial 2015
2015-06-21,2015,TUR,MNE,2508.40,2526.26,W,Liga Mundial 2015
2015-06-21,2015,MNE,TUR,2667.93,2650.06,L,Liga Mundial 2015
2015-06-21,2015,MEX,SVK,2485.06,2474.49,L,Liga Mundial 2015
2015-06-21,2015,SVK,MEX,2539.08,2549.65,W,Liga Mundial 2015
2015-06-21,2015,CHN,GRE,2738.51,2744.84,W,Liga Mundial 2015
2015-06-21,2015,GRE,CHN,2550.61,2544.28,L,Liga Mundial 2015
2015-06-21,2015,KAZ,VEN,2481.08,2467.79,L,Liga Mundial 2015
2015-06-21,2015,VEN,KAZ,2459.16,2472.44,W,Liga Mundial 2015
2015-06-21,2015,EGY,ESP,2611.98,2626.30,W,Liga Mundial 2015
2015-06-21,2015,ESP,EGY,2662.87,2648.55,L,Liga Mundial 2015
2015-06-25,2015,FRA,JPN,2905.19,2908.21,W,Liga Mundial 2015
2015-06-25,2015,JPN,FRA,2560.34,2557.32,L,Liga Mundial 2015
2015-06-26,2015,SRB,ITA,2907.56,2920.18,W,Liga Mundial 2015
2015-06-26,2015,ITA,SRB,2910.98,2898.36,L,Liga Mundial 2015
2015-06-26,2015,RUS,USA,2883.30,2874.05,L,Liga Mundial 2015
2015-06-26,2015,USA,RUS,2975.78,2983.18,W,Liga Mundial 2015
2015-06-26,2015,IRI,POL,2886.08,2900.25,W,Liga Mundial 2015
2015-06-26,2015,POL,IRI,2932.55,2918.39,L,Liga Mundial 2015
2015-06-26,2015,ARG,CAN,2778.14,2792.22,W,Liga Mundial 2015
2015-06-26,2015,CAN,ARG,2822.24,2813.79,L,Liga Mundial 2015
2015-06-26,2015,CZE,KOR,2635.71,2645.16,W,Liga Mundial 2015
2015-06-26,2015,KOR,CZE,2549.15,2539.70,L,Liga Mundial 2015
2015-06-26,2015,FIN,NED,2655.40,2646.01,L,Liga Mundial 2015
2015-06-26,2015,NED,FIN,2743.78,2753.16,W,Liga Mundial 2015
2015-06-27,2015,AUS,BRA,2622.51,2620.22,L,Liga Mundial 2015
2015-06-27,2015,BRA,AUS,3020.62,3022.91,W,Liga Mundial 2015
2015-06-27,2015,RUS,USA,2874.05,2867.09,L,Liga Mundial 2015
2015-06-27,2015,USA,RUS,2983.18,2990.13,W,Liga Mundial 2015
2015-06-27,2015,ARG,CAN,2792.22,2802.84,W,Liga Mundial 2015
2015-06-27,2015,CAN,ARG,2813.79,2805.82,L,Liga Mundial 2015
2015-06-27,2015,BUL,CUB,2808.50,2818.49,W,Liga Mundial 2015
2015-06-27,2015,CUB,BUL,2737.83,2729.83,L,Liga Mundial 2015
2015-06-27,2015,CZE,KOR,2645.16,2652.22,W,Liga Mundial 2015
2015-06-27,2015,KOR,CZE,2539.70,2532.65,L,Liga Mundial 2015
2015-06-27,2015,FRA,JPN,2908.21,2910.55,W,Liga Mundial 2015
2015-06-27,2015,JPN,FRA,2557.32,2554.97,L,Liga Mundial 2015
2015-06-27,2015,POR,BEL,2572.11,2566.16,L,Liga Mundial 2015
2015-06-27,2015,BEL,POR,2774.39,2780.34,W,Liga Mundial 2015
2015-06-27,2015,FIN,NED,2646.01,2639.00,L,Liga Mundial 2015
2015-06-27,2015,NED,FIN,2753.16,2760.17,W,Liga Mundial 2015
2015-06-28,2015,AUS,BRA,2620.22,2618.43,L,Liga Mundial 2015
2015-06-28,2015,BRA,AUS,3022.91,3024.71,W,Liga Mundial 2015
2015-06-28,2015,SRB,ITA,2920.18,2929.55,W,Liga Mundial 2015
2015-06-28,2015,ITA,SRB,2898.36,2888.98,L,Liga Mundial 2015
2015-06-28,2015,IRI,POL,2900.25,2890.77,L,Liga Mundial 2015
2015-06-28,2015,POL,IRI,2918.39,2927.87,W,Liga Mundial 2015
2015-06-28,2015,BUL,CUB,2818.49,2825.99,W,Liga Mundial 2015
2015-06-28,2015,CUB,BUL,2729.83,2724.21,L,Liga Mundial 2015
2015-06-28,2015,POR,BEL,2566.16,2561.65,L,Liga Mundial 2015
2015-06-28,2015,BEL,POR,2780.34,2784.85,W,Liga Mundial 2015
2015-07-02,2015,BRA,ITA,3024.71,3030.99,W,Liga Mundial 2015
2015-07-02,2015,ITA,BRA,2888.98,2882.70,L,Liga Mundial 2015
2015-07-02,2015,FRA,KOR,2910.55,2912.59,W,Liga Mundial 2015
2015-07-02,2015,KOR,FRA,2532.65,2530.61,L,Liga Mundial 2015
2015-07-03,2015,AUT,ISR,2342.76,2357.49,W,Liga Europeia 2015
2015-07-03,2015,ISR,AUT,2336.36,2321.64,L,Liga Europeia 2015
2015-07-03,2015,BRA,ITA,3030.99,3016.96,L,Liga Mundial 2015
2015-07-03,2015,ITA,BRA,2882.70,2896.73,W,Liga Mundial 2015
2015-07-03,2015,IRI,RUS,2890.77,2900.09,W,Liga Mundial 2015
2015-07-03,2015,RUS,IRI,2867.09,2857.77,L,Liga Mundial 2015
2015-07-03,2015,POL,USA,2927.87,2939.64,W,Liga Mundial 2015
2015-07-03,2015,USA,POL,2990.13,2978.36,L,Liga Mundial 2015
2015-07-03,2015,CZE,JPN,2652.22,2639.49,L,Liga Mundial 2015
2015-07-03,2015,JPN,CZE,2554.97,2567.70,W,Liga Mundial 2015
2015-07-03,2015,BEL,NED,2784.85,2794.14,W,Liga Mundial 2015
2015-07-03,2015,NED,BEL,2760.17,2750.88,L,Liga Mundial 2015
2015-07-04,2015,DEN,POL,2252.48,2251.92,L,Liga Europeia 2015
2015-07-04,2015,POL,DEN,2939.64,2940.02,W,Liga Europeia 2015
2015-07-04,2015,AUT,ISR,2357.49,2370.94,W,Liga Europeia 2015
2015-07-04,2015,ISR,AUT,2321.64,2308.18,L,Liga Europeia 2015
2015-07-04,2015,AUS,SRB,2618.43,2615.57,L,Liga Mundial 2015
2015-07-04,2015,SRB,AUS,2929.55,2932.41,W,Liga Mundial 2015
2015-07-04,2015,IRI,RUS,2900.09,2888.87,L,Liga Mundial 2015
2015-07-04,2015,RUS,IRI,2857.77,2868.98,W,Liga Mundial 2015
2015-07-04,2015,POL,USA,2940.02,2931.12,L,Liga Mundial 2015
2015-07-04,2015,USA,POL,2978.36,2985.04,W,Liga Mundial 2015
2015-07-04,2015,BUL,ARG,2825.99,2835.33,W,Liga Mundial 2015
2015-07-04,2015,ARG,BUL,2802.84,2793.51,L,Liga Mundial 2015
2015-07-04,2015,CZE,JPN,2639.49,2647.45,W,Liga Mundial 2015
2015-07-04,2015,JPN,CZE,2567.70,2559.74,L,Liga Mundial 2015
2015-07-04,2015,FRA,KOR,2912.59,2914.59,W,Liga Mundial 2015
2015-07-04,2015,KOR,FRA,2530.61,2528.61,L,Liga Mundial 2015
2015-07-04,2015,POR,FIN,2561.65,2553.84,L,Liga Mundial 2015
2015-07-04,2015,FIN,POR,2639.00,2646.81,W,Liga Mundial 2015
2015-07-04,2015,BEL,NED,2794.14,2782.91,L,Liga Mundial 2015
2015-07-04,2015,NED,BEL,2750.88,2762.12,W,Liga Mundial 2015
2015-07-04,2015,MNE,CHN,2650.06,2665.89,W,Liga Mundial 2015
2015-07-04,2015,CHN,MNE,2744.84,2729.01,L,Liga Mundial 2015
2015-07-04,2015,SVK,EGY,2549.65,2539.87,L,Liga Mundial 2015
2015-07-04,2015,EGY,SVK,2626.30,2636.09,W,Liga Mundial 2015
2015-07-05,2015,DEN,POL,2251.92,2251.33,L,Liga Europeia 2015
2015-07-05,2015,POL,DEN,2931.12,2931.41,W,Liga Europeia 2015
2015-07-05,2015,AUS,SRB,2615.57,2632.79,W,Liga Mundial 2015
2015-07-05,2015,SRB,AUS,2932.41,2915.19,L,Liga Mundial 2015
2015-07-05,2015,BUL,ARG,2835.33,2824.13,L,Liga Mundial 2015
2015-07-05,2015,ARG,BUL,2793.51,2804.70,W,Liga Mundial 2015
2015-07-05,2015,POR,FIN,2553.84,2546.45,L,Liga Mundial 2015
2015-07-05,2015,FIN,POR,2646.81,2654.20,W,Liga Mundial 2015
2015-07-05,2015,CHN,SVK,2729.01,2710.30,L,Liga Mundial 2015
2015-07-05,2015,SVK,CHN,2539.87,2558.57,W,Liga Mundial 2015
2015-07-05,2015,MNE,EGY,2665.89,2652.32,L,Liga Mundial 2015
2015-07-05,2015,EGY,MNE,2636.09,2649.66,W,Liga Mundial 2015
2015-07-10,2015,ISR,DEN,2308.18,2290.75,L,Liga Europeia 2015
2015-07-10,2015,DEN,ISR,2251.33,2268.76,W,Liga Europeia 2015
2015-07-10,2015,POL,AUT,2931.41,2931.98,W,Liga Europeia 2015
2015-07-10,2015,AUT,POL,2370.94,2369.80,L,Liga Europeia 2015
2015-07-10,2015,EST,MKD,2536.00,2548.78,W,Liga Europeia 2015
2015-07-10,2015,MKD,EST,2484.13,2471.36,L,Liga Europeia 2015
2015-07-10,2015,GRE,ROU,2544.28,2556.38,W,Liga Europeia 2015
2015-07-10,2015,ROU,GRE,2533.16,2518.64,L,Liga Europeia 2015
2015-07-10,2015,BUL,BEL,2824.13,2832.95,W,Liga Mundial 2015
2015-07-10,2015,BEL,BUL,2782.91,2774.09,L,Liga Mundial 2015
2015-07-10,2015,FRA,ARG,2914.59,2921.53,W,Liga Mundial 2015
2015-07-10,2015,ARG,FRA,2804.70,2797.77,L,Liga Mundial 2015
2015-07-11,2015,ISR,DEN,2290.75,2304.80,W,Liga Europeia 2015
2015-07-11,2015,DEN,ISR,2268.76,2254.71,L,Liga Europeia 2015
2015-07-11,2015,POL,AUT,2931.98,2932.55,W,Liga Europeia 2015
2015-07-11,2015,AUT,POL,2369.80,2368.66,L,Liga Europeia 2015
2015-07-11,2015,EST,MKD,2548.78,2560.49,W,Liga Europeia 2015
2015-07-11,2015,MKD,EST,2471.36,2459.64,L,Liga Europeia 2015
2015-07-11,2015,TUR,SLO,2526.26,2517.39,L,Liga Europeia 2015
2015-07-11,2015,SLO,TUR,2629.96,2640.61,W,Liga Europeia 2015
2015-07-11,2015,GRE,ROU,2556.38,2567.53,W,Liga Europeia 2015
2015-07-11,2015,ROU,GRE,2518.64,2505.26,L,Liga Europeia 2015
2015-07-11,2015,CRO,BLR,2500.16,2513.75,W,Liga Europeia 2015
2015-07-11,2015,BLR,CRO,2467.38,2453.79,L,Liga Europeia 2015
2015-07-11,2015,BEL,ARG,2774.09,2767.10,L,Liga Mundial 2015
2015-07-11,2015,ARG,BEL,2797.77,2804.76,W,Liga Mundial 2015
2015-07-11,2015,BUL,FRA,2832.95,2827.32,L,Liga Mundial 2015
2015-07-11,2015,FRA,BUL,2921.53,2927.16,W,Liga Mundial 2015
2015-07-12,2015,TUR,SLO,2517.39,2509.14,L,Liga Europeia 2015
2015-07-12,2015,SLO,TUR,2640.61,2650.50,W,Liga Europeia 2015
2015-07-12,2015,CRO,BLR,2513.75,2496.19,L,Liga Europeia 2015
2015-07-12,2015,BLR,CRO,2453.79,2471.35,W,Liga Europeia 2015
2015-07-15,2015,BRA,FRA,3016.96,3004.43,L,Liga Mundial 2015
2015-07-15,2015,FRA,BRA,2927.16,2936.55,W,Liga Mundial 2015
2015-07-15,2015,SRB,ITA,2915.19,2904.66,L,Liga Mundial 2015
2015-07-15,2015,ITA,SRB,2896.73,2907.26,W,Liga Mundial 2015
2015-07-16,2015,BRA,USA,3004.43,3011.51,W,Liga Mundial 2015
2015-07-16,2015,USA,BRA,2985.04,2977.96,L,Liga Mundial 2015
2015-07-16,2015,POL,ITA,2932.55,2939.51,W,Liga Mundial 2015
2015-07-16,2015,ITA,POL,2907.26,2900.30,L,Liga Mundial 2015
2015-07-17,2015,EST,POL,2560.49,2587.45,W,Liga Europeia 2015
2015-07-17,2015,POL,EST,2939.51,2930.52,L,Liga Europeia 2015
2015-07-17,2015,ROU,BLR,2505.26,2518.80,W,Liga Europeia 2015
2015-07-17,2015,BLR,ROU,2471.35,2457.81,L,Liga Europeia 2015
2015-07-17,2015,GRE,TUR,2567.53,2577.95,W,Liga Europeia 2015
2015-07-17,2015,TUR,GRE,2509.14,2498.73,L,Liga Europeia 2015
2015-07-17,2015,USA,FRA,2977.96,2984.57,W,Liga Mundial 2015
2015-07-17,2015,FRA,USA,2936.55,2929.94,L,Liga Mundial 2015
2015-07-17,2015,SRB,POL,2904.66,2912.72,W,Liga Mundial 2015
2015-07-17,2015,POL,SRB,2930.52,2925.15,L,Liga Mundial 2015
2015-07-18,2015,EST,POL,2587.45,2613.69,W,Liga Europeia 2015
2015-07-18,2015,POL,EST,2925.15,2916.40,L,Liga Europeia 2015
2015-07-18,2015,MKD,ISR,2459.64,2468.37,W,Liga Europeia 2015
2015-07-18,2015,ISR,MKD,2304.80,2296.07,L,Liga Europeia 2015
2015-07-18,2015,ROU,BLR,2518.80,2531.19,W,Liga Europeia 2015
2015-07-18,2015,BLR,ROU,2457.81,2445.42,L,Liga Europeia 2015
2015-07-18,2015,GRE,TUR,2577.95,2585.71,W,Liga Europeia 2015
2015-07-18,2015,TUR,GRE,2498.73,2490.97,L,Liga Europeia 2015
2015-07-18,2015,SLO,CRO,2650.50,2659.25,W,Liga Europeia 2015
2015-07-18,2015,CRO,SLO,2496.19,2487.44,L,Liga Europeia 2015
2015-07-18,2015,USA,SRB,2984.57,2975.54,L,Liga Mundial 2015
2015-07-18,2015,SRB,USA,2912.72,2921.75,W,Liga Mundial 2015
2015-07-18,2015,FRA,POL,2929.94,2937.15,W,Liga Mundial 2015
2015-07-18,2015,POL,FRA,2916.40,2911.60,L,Liga Mundial 2015
2015-07-19,2015,MKD,ISR,2468.37,2476.49,W,Liga Europeia 2015
2015-07-19,2015,ISR,MKD,2296.07,2289.31,L,Liga Europeia 2015
2015-07-19,2015,SLO,CRO,2659.25,2667.38,W,Liga Europeia 2015
2015-07-19,2015,CRO,SLO,2487.44,2479.31,L,Liga Europeia 2015
2015-07-19,2015,USA,POL,2975.54,2979.63,W,Liga Mundial 2015
2015-07-19,2015,POL,USA,2911.60,2907.51,L,Liga Mundial 2015
2015-07-19,2015,SRB,FRA,2921.75,2914.58,L,Liga Mundial 2015
2015-07-19,2015,FRA,SRB,2937.15,2944.32,W,Liga Mundial 2015
2015-07-22,2015,EGY,KEN,2649.66,2653.51,W,Campeonato Africano 2015
2015-07-22,2015,KEN,EGY,2354.00,2349.37,L,Campeonato Africano 2015
2015-07-22,2015,CMR,MRI,2489.56,2497.30,W,Campeonato Africano 2015
2015-07-22,2015,MRI,CMR,2306.00,2298.26,L,Campeonato Africano 2015
2015-07-22,2015,MAR,RWA,2374.11,2385.75,W,Campeonato Africano 2015
2015-07-22,2015,RWA,MAR,2295.00,2283.36,L,Campeonato Africano 2015
2015-07-23,2015,BOT,ALG,2146.00,2141.22,L,Campeonato Africano 2015
2015-07-23,2015,ALG,BOT,2435.01,2439.78,W,Campeonato Africano 2015
2015-07-23,2015,RWA,MRI,2283.36,2299.00,W,Campeonato Africano 2015
2015-07-23,2015,MRI,RWA,2298.26,2282.62,L,Campeonato Africano 2015
2015-07-23,2015,TUN,CMR,2424.62,2414.69,L,Campeonato Africano 2015
2015-07-23,2015,CMR,TUN,2497.30,2509.21,W,Campeonato Africano 2015
2015-07-24,2015,KEN,ALG,2349.37,2338.19,L,Campeonato Africano 2015
2015-07-24,2015,ALG,KEN,2439.78,2450.97,W,Campeonato Africano 2015
2015-07-24,2015,BOT,EGY,2141.22,2139.73,L,Campeonato Africano 2015
2015-07-24,2015,EGY,BOT,2653.51,2654.76,W,Campeonato Africano 2015
2015-07-24,2015,MRI,TUN,2282.62,2273.06,L,Campeonato Africano 2015
2015-07-24,2015,TUN,MRI,2414.69,2422.66,W,Campeonato Africano 2015
2015-07-24,2015,CMR,MAR,2509.21,2489.09,L,Campeonato Africano 2015
2015-07-24,2015,MAR,CMR,2385.75,2405.87,W,Campeonato Africano 2015
2015-07-24,2015,TUR,ROU,2490.97,2502.12,W,Liga Europeia 2015
2015-07-24,2015,ROU,TUR,2531.19,2514.46,L,Liga Europeia 2015
2015-07-25,2015,KEN,BOT,2338.19,2345.45,W,Campeonato Africano 2015
2015-07-25,2015,BOT,KEN,2139.73,2132.47,L,Campeonato Africano 2015
2015-07-25,2015,ALG,EGY,2450.97,2443.88,L,Campeonato Africano 2015
2015-07-25,2015,EGY,ALG,2654.76,2659.48,W,Campeonato Africano 2015
2015-07-25,2015,RWA,TUN,2299.00,2289.12,L,Campeonato Africano 2015
2015-07-25,2015,TUN,RWA,2422.66,2430.89,W,Campeonato Africano 2015
2015-07-25,2015,MAR,MRI,2405.87,2415.40,W,Campeonato Africano 2015
2015-07-25,2015,MRI,MAR,2273.06,2263.53,L,Campeonato Africano 2015
2015-07-25,2015,MKD,DEN,2476.49,2453.03,L,Liga Europeia 2015
2015-07-25,2015,DEN,MKD,2254.71,2278.17,W,Liga Europeia 2015
2015-07-25,2015,AUT,EST,2368.66,2362.78,L,Liga Europeia 2015
2015-07-25,2015,EST,AUT,2613.69,2619.58,W,Liga Europeia 2015
2015-07-25,2015,BLR,SLO,2445.42,2438.88,L,Liga Europeia 2015
2015-07-25,2015,SLO,BLR,2667.38,2673.92,W,Liga Europeia 2015
2015-07-25,2015,TUR,ROU,2502.12,2512.47,W,Liga Europeia 2015
2015-07-25,2015,ROU,TUR,2514.46,2501.52,L,Liga Europeia 2015
2015-07-25,2015,CRO,GRE,2479.31,2468.76,L,Liga Europeia 2015
2015-07-25,2015,GRE,CRO,2585.71,2592.74,W,Liga Europeia 2015
2015-07-26,2015,CMR,RWA,2489.09,2496.30,W,Campeonato Africano 2015
2015-07-26,2015,RWA,CMR,2289.12,2281.92,L,Campeonato Africano 2015
2015-07-26,2015,TUN,MAR,2430.89,2440.44,W,Campeonato Africano 2015
2015-07-26,2015,MAR,TUN,2415.40,2401.07,L,Campeonato Africano 2015
2015-07-26,2015,AUT,EST,2362.78,2358.14,L,Liga Europeia 2015
2015-07-26,2015,EST,AUT,2619.58,2624.22,W,Liga Europeia 2015
2015-07-26,2015,MKD,DEN,2453.03,2459.72,W,Liga Europeia 2015
2015-07-26,2015,DEN,MKD,2278.17,2271.47,L,Liga Europeia 2015
2015-07-26,2015,BLR,SLO,2438.88,2433.74,L,Liga Europeia 2015
2015-07-26,2015,SLO,BLR,2673.92,2679.05,W,Liga Europeia 2015
2015-07-26,2015,CRO,GRE,2468.76,2460.54,L,Liga Europeia 2015
2015-07-26,2015,GRE,CRO,2592.74,2599.31,W,Liga Europeia 2015
2015-07-28,2015,KEN,RWA,2345.45,2327.73,L,Campeonato Africano 2015
2015-07-28,2015,RWA,KEN,2281.92,2299.63,W,Campeonato Africano 2015
2015-07-28,2015,CMR,BOT,2496.30,2499.59,W,Campeonato Africano 2015
2015-07-28,2015,BOT,CMR,2132.47,2129.18,L,Campeonato Africano 2015
2015-07-28,2015,TUN,ALG,2440.44,2450.54,W,Campeonato Africano 2015
2015-07-28,2015,ALG,TUN,2443.88,2428.73,L,Campeonato Africano 2015
2015-07-28,2015,EGY,MAR,2659.48,2663.17,W,Campeonato Africano 2015
2015-07-28,2015,MAR,EGY,2401.07,2395.54,L,Campeonato Africano 2015
2015-07-29,2015,KEN,BOT,2327.73,2304.99,L,Campeonato Africano 2015
2015-07-29,2015,BOT,KEN,2129.18,2151.93,W,Campeonato Africano 2015
2015-07-29,2015,RWA,CMR,2299.63,2293.62,L,Campeonato Africano 2015
2015-07-29,2015,CMR,RWA,2499.59,2505.60,W,Campeonato Africano 2015
2015-07-30,2015,MAR,ALG,2395.54,2409.23,W,Campeonato Africano 2015
2015-07-30,2015,ALG,MAR,2428.73,2412.30,L,Campeonato Africano 2015
2015-07-30,2015,EGY,TUN,2663.17,2667.71,W,Campeonato Africano 2015
2015-07-30,2015,TUN,EGY,2450.54,2446.00,L,Campeonato Africano 2015
2015-07-30,2015,GRE,BLR,2599.31,2604.88,W,Liga Europeia 2015
2015-07-30,2015,BLR,GRE,2433.74,2426.79,L,Liga Europeia 2015
2015-07-31,2015,TPE,KAZ,2426.29,2443.07,W,Campeonato Asiatico 2015
2015-07-31,2015,KAZ,TPE,2467.79,2453.80,L,Campeonato Asiatico 2015
2015-07-31,2015,KUW,IRI,2283.38,2282.49,L,Campeonato Asiatico 2015
2015-07-31,2015,IRI,KUW,2888.87,2889.47,W,Campeonato Asiatico 2015
2015-07-31,2015,IND,TKM,2527.46,2532.51,W,Campeonato Asiatico 2015
2015-07-31,2015,TKM,IND,2250.00,2244.95,L,Campeonato Asiatico 2015
2015-07-31,2015,QAT,AUS,2346.00,2371.17,W,Campeonato Asiatico 2015
2015-07-31,2015,AUS,QAT,2632.79,2616.01,L,Campeonato Asiatico 2015
2015-07-31,2015,OMA,KOR,2262.39,2257.06,L,Campeonato Asiatico 2015
2015-07-31,2015,KOR,OMA,2528.61,2532.16,W,Campeonato Asiatico 2015
2015-07-31,2015,PAK,THA,2446.00,2430.91,L,Campeonato Asiatico 2015
2015-07-31,2015,THA,PAK,2443.92,2459.01,W,Campeonato Asiatico 2015
2015-07-31,2015,CHN,SRI,2710.30,2712.01,W,Campeonato Asiatico 2015
2015-07-31,2015,SRI,CHN,2256.62,2254.56,L,Campeonato Asiatico 2015
2015-07-31,2015,JPN,BRN,2559.74,2564.98,W,Campeonato Asiatico 2015
2015-07-31,2015,BRN,JPN,2379.62,2371.77,L,Campeonato Asiatico 2015
2015-07-31,2015,ISR,POL,2289.31,2288.62,L,Liga Europeia 2015
2015-07-31,2015,POL,ISR,2907.51,2907.78,W,Liga Europeia 2015
2015-07-31,2015,EST,DEN,2624.22,2627.12,W,Liga Europeia 2015
2015-07-31,2015,DEN,EST,2271.47,2268.57,L,Liga Europeia 2015
2015-07-31,2015,TUR,CRO,2512.47,2520.99,W,Liga Europeia 2015
2015-07-31,2015,CRO,TUR,2460.54,2449.90,L,Liga Europeia 2015
2015-07-31,2015,ROU,SLO,2501.52,2494.90,L,Liga Europeia 2015
2015-07-31,2015,SLO,ROU,2679.05,2685.67,W,Liga Europeia 2015
2015-07-31,2015,GRE,BLR,2604.88,2593.84,L,Liga Europeia 2015
2015-07-31,2015,BLR,GRE,2426.79,2445.19,W,Liga Europeia 2015
2015-08-01,2015,TPE,KUW,2443.07,2451.59,W,Campeonato Asiatico 2015
2015-08-01,2015,KUW,TPE,2282.49,2273.97,L,Campeonato Asiatico 2015
2015-08-01,2015,KAZ,IRI,2453.80,2451.92,L,Campeonato Asiatico 2015
2015-08-01,2015,IRI,KAZ,2889.47,2890.60,W,Campeonato Asiatico 2015
2015-08-01,2015,TKM,AUS,2244.95,2241.78,L,Campeonato Asiatico 2015
2015-08-01,2015,AUS,TKM,2616.01,2617.59,W,Campeonato Asiatico 2015
2015-08-01,2015,IND,QAT,2532.51,2511.01,L,Campeonato Asiatico 2015
2015-08-01,2015,QAT,IND,2371.17,2392.67,W,Campeonato Asiatico 2015
2015-08-01,2015,OMA,PAK,2257.06,2249.00,L,Campeonato Asiatico 2015
2015-08-01,2015,PAK,OMA,2430.91,2438.97,W,Campeonato Asiatico 2015
2015-08-01,2015,KOR,THA,2532.16,2538.11,W,Campeonato Asiatico 2015
2015-08-01,2015,THA,KOR,2459.01,2447.12,L,Campeonato Asiatico 2015
2015-08-01,2015,CHN,JPN,2712.01,2718.02,W,Campeonato Asiatico 2015
2015-08-01,2015,JPN,CHN,2564.98,2560.47,L,Campeonato Asiatico 2015
2015-08-01,2015,SRI,BRN,2254.56,2244.44,L,Campeonato Asiatico 2015
2015-08-01,2015,BRN,SRI,2371.77,2381.89,W,Campeonato Asiatico 2015
2015-08-01,2015,ISR,POL,2288.62,2287.93,L,Liga Europeia 2015
2015-08-01,2015,POL,ISR,2907.78,2908.06,W,Liga Europeia 2015
2015-08-01,2015,EST,DEN,2627.12,2629.93,W,Liga Europeia 2015
2015-08-01,2015,DEN,EST,2268.57,2265.76,L,Liga Europeia 2015
2015-08-01,2015,MKD,AUT,2459.72,2468.67,W,Liga Europeia 2015
2015-08-01,2015,AUT,MKD,2358.14,2349.19,L,Liga Europeia 2015
2015-08-01,2015,ROU,SLO,2494.90,2488.65,L,Liga Europeia 2015
2015-08-01,2015,SLO,ROU,2685.67,2691.92,W,Liga Europeia 2015
2015-08-01,2015,TUR,CRO,2520.99,2526.98,W,Liga Europeia 2015
2015-08-01,2015,CRO,TUR,2449.90,2439.92,L,Liga Europeia 2015
2015-08-02,2015,KAZ,KUW,2451.92,2458.53,W,Campeonato Asiatico 2015
2015-08-02,2015,KUW,KAZ,2273.97,2266.04,L,Campeonato Asiatico 2015
2015-08-02,2015,IRI,TPE,2890.60,2891.71,W,Campeonato Asiatico 2015
2015-08-02,2015,TPE,IRI,2451.59,2449.37,L,Campeonato Asiatico 2015
2015-08-02,2015,TKM,QAT,2241.78,2232.91,L,Campeonato Asiatico 2015
2015-08-02,2015,QAT,TKM,2392.67,2401.54,W,Campeonato Asiatico 2015
2015-08-02,2015,AUS,IND,2617.59,2622.86,W,Campeonato Asiatico 2015
2015-08-02,2015,IND,AUS,2511.01,2500.47,L,Campeonato Asiatico 2015
2015-08-02,2015,KOR,PAK,2538.11,2543.52,W,Campeonato Asiatico 2015
2015-08-02,2015,PAK,KOR,2438.97,2428.14,L,Campeonato Asiatico 2015
2015-08-02,2015,THA,OMA,2447.12,2454.39,W,Campeonato Asiatico 2015
2015-08-02,2015,OMA,THA,2249.00,2241.73,L,Campeonato Asiatico 2015
2015-08-02,2015,BRN,CHN,2381.89,2378.10,L,Campeonato Asiatico 2015
2015-08-02,2015,CHN,BRN,2718.02,2720.54,W,Campeonato Asiatico 2015
2015-08-02,2015,SRI,JPN,2244.44,2240.25,L,Campeonato Asiatico 2015
2015-08-02,2015,JPN,SRI,2560.47,2562.57,W,Campeonato Asiatico 2015
2015-08-02,2015,MKD,AUT,2468.67,2477.03,W,Liga Europeia 2015
2015-08-02,2015,AUT,MKD,2349.19,2340.83,L,Liga Europeia 2015
2015-08-03,2015,KOR,TPE,2543.52,2549.04,W,Campeonato Asiatico 2015
2015-08-03,2015,TPE,KOR,2449.37,2438.34,L,Campeonato Asiatico 2015
2015-08-03,2015,IRI,THA,2891.71,2892.83,W,Campeonato Asiatico 2015
2015-08-03,2015,THA,IRI,2454.39,2452.15,L,Campeonato Asiatico 2015
2015-08-03,2015,QAT,JPN,2401.54,2423.03,W,Campeonato Asiatico 2015
2015-08-03,2015,JPN,QAT,2562.57,2551.82,L,Campeonato Asiatico 2015
2015-08-03,2015,CHN,AUS,2720.54,2727.80,W,Campeonato Asiatico 2015
2015-08-03,2015,AUS,CHN,2622.86,2617.42,L,Campeonato Asiatico 2015
2015-08-03,2015,KAZ,OMA,2458.53,2462.99,W,Campeonato Asiatico 2015
2015-08-03,2015,OMA,KAZ,2241.73,2235.04,L,Campeonato Asiatico 2015
2015-08-03,2015,PAK,KUW,2428.14,2436.61,W,Campeonato Asiatico 2015
2015-08-03,2015,KUW,PAK,2266.04,2257.58,L,Campeonato Asiatico 2015
2015-08-03,2015,IND,SRI,2500.47,2505.95,W,Campeonato Asiatico 2015
2015-08-03,2015,SRI,IND,2240.25,2234.77,L,Campeonato Asiatico 2015
2015-08-03,2015,BRN,TKM,2378.10,2387.18,W,Campeonato Asiatico 2015
2015-08-03,2015,TKM,BRN,2232.91,2223.84,L,Campeonato Asiatico 2015
2015-08-04,2015,TPE,THA,2438.34,2453.94,W,Campeonato Asiatico 2015
2015-08-04,2015,THA,TPE,2452.15,2436.55,L,Campeonato Asiatico 2015
2015-08-04,2015,IRI,KOR,2892.83,2879.65,L,Campeonato Asiatico 2015
2015-08-04,2015,KOR,IRI,2549.04,2562.22,W,Campeonato Asiatico 2015
2015-08-04,2015,AUS,JPN,2617.42,2623.52,W,Campeonato Asiatico 2015
2015-08-04,2015,JPN,AUS,2551.82,2545.72,L,Campeonato Asiatico 2015
2015-08-04,2015,QAT,CHN,2423.03,2418.61,L,Campeonato Asiatico 2015
2015-08-04,2015,CHN,QAT,2727.80,2730.75,W,Campeonato Asiatico 2015
2015-08-04,2015,KUW,OMA,2257.58,2271.60,W,Campeonato Asiatico 2015
2015-08-04,2015,OMA,KUW,2235.04,2221.01,L,Campeonato Asiatico 2015
2015-08-04,2015,KAZ,PAK,2462.99,2472.23,W,Campeonato Asiatico 2015
2015-08-04,2015,PAK,KAZ,2436.61,2422.75,L,Campeonato Asiatico 2015
2015-08-04,2015,TKM,SRI,2223.84,2209.31,L,Campeonato Asiatico 2015
2015-08-04,2015,SRI,TKM,2234.77,2249.30,W,Campeonato Asiatico 2015
2015-08-04,2015,IND,BRN,2505.95,2486.01,L,Campeonato Asiatico 2015
2015-08-04,2015,BRN,IND,2387.18,2407.11,W,Campeonato Asiatico 2015
2015-08-06,2015,KUW,TKM,2271.60,2281.89,W,Campeonato Asiatico 2015
2015-08-06,2015,TKM,KUW,2209.31,2199.03,L,Campeonato Asiatico 2015
2015-08-06,2015,SRI,OMA,2249.30,2260.78,W,Campeonato Asiatico 2015
2015-08-06,2015,OMA,SRI,2221.01,2209.53,L,Campeonato Asiatico 2015
2015-08-06,2015,KAZ,IND,2472.23,2482.63,W,Campeonato Asiatico 2015
2015-08-06,2015,IND,KAZ,2486.01,2473.02,L,Campeonato Asiatico 2015
2015-08-06,2015,BRN,PAK,2407.11,2395.18,L,Campeonato Asiatico 2015
2015-08-06,2015,PAK,BRN,2422.75,2434.68,W,Campeonato Asiatico 2015
2015-08-06,2015,KOR,JPN,2562.22,2556.98,L,Campeonato Asiatico 2015
2015-08-06,2015,JPN,KOR,2545.72,2550.96,W,Campeonato Asiatico 2015
2015-08-06,2015,CHN,THA,2730.75,2733.08,W,Campeonato Asiatico 2015
2015-08-06,2015,THA,CHN,2436.55,2432.67,L,Campeonato Asiatico 2015
2015-08-06,2015,QAT,TPE,2418.61,2432.38,W,Campeonato Asiatico 2015
2015-08-06,2015,TPE,QAT,2453.94,2440.17,L,Campeonato Asiatico 2015
2015-08-06,2015,IRI,AUS,2879.65,2881.51,W,Campeonato Asiatico 2015
2015-08-06,2015,AUS,IRI,2623.52,2621.65,L,Campeonato Asiatico 2015
2015-08-07,2015,TKM,OMA,2199.03,2186.91,L,Campeonato Asiatico 2015
2015-08-07,2015,OMA,TKM,2209.53,2221.65,W,Campeonato Asiatico 2015
2015-08-07,2015,KUW,SRI,2281.89,2268.63,L,Campeonato Asiatico 2015
2015-08-07,2015,SRI,KUW,2260.78,2274.04,W,Campeonato Asiatico 2015
2015-08-07,2015,IND,BRN,2473.02,2482.76,W,Campeonato Asiatico 2015
2015-08-07,2015,BRN,IND,2395.18,2385.43,L,Campeonato Asiatico 2015
2015-08-07,2015,KAZ,PAK,2482.63,2491.25,W,Campeonato Asiatico 2015
2015-08-07,2015,PAK,KAZ,2434.68,2423.90,L,Campeonato Asiatico 2015
2015-08-07,2015,THA,AUS,2432.67,2426.37,L,Campeonato Asiatico 2015
2015-08-07,2015,AUS,THA,2621.65,2624.17,W,Campeonato Asiatico 2015
2015-08-07,2015,KOR,TPE,2556.98,2550.36,L,Campeonato Asiatico 2015
2015-08-07,2015,TPE,KOR,2440.17,2456.72,W,Campeonato Asiatico 2015
2015-08-07,2015,JPN,QAT,2550.96,2554.31,W,Campeonato Asiatico 2015
2015-08-07,2015,QAT,JPN,2432.38,2423.98,L,Campeonato Asiatico 2015
2015-08-07,2015,CHN,IRI,2733.08,2728.60,L,Campeonato Asiatico 2015
2015-08-07,2015,IRI,CHN,2881.51,2884.50,W,Campeonato Asiatico 2015
2015-08-07,2015,EST,ISR,2629.93,2633.00,W,Liga Europeia 2015
2015-08-07,2015,ISR,EST,2287.93,2284.87,L,Liga Europeia 2015
2015-08-07,2015,POL,MKD,2908.06,2898.83,L,Liga Europeia 2015
2015-08-07,2015,MKD,POL,2477.03,2500.10,W,Liga Europeia 2015
2015-08-08,2015,THA,KOR,2426.37,2418.15,L,Campeonato Asiatico 2015
2015-08-08,2015,KOR,THA,2550.36,2553.65,W,Campeonato Asiatico 2015
2015-08-08,2015,AUS,TPE,2624.17,2626.93,W,Campeonato Asiatico 2015
2015-08-08,2015,TPE,AUS,2456.72,2449.82,L,Campeonato Asiatico 2015
2015-08-08,2015,CHN,QAT,2728.60,2730.82,W,Campeonato Asiatico 2015
2015-08-08,2015,QAT,CHN,2423.98,2420.29,L,Campeonato Asiatico 2015
2015-08-08,2015,IRI,JPN,2884.50,2875.80,L,Campeonato Asiatico 2015
2015-08-08,2015,JPN,IRI,2554.31,2563.01,W,Campeonato Asiatico 2015
2015-08-08,2015,DEN,AUT,2265.76,2280.92,W,Liga Europeia 2015
2015-08-08,2015,AUT,DEN,2340.83,2325.67,L,Liga Europeia 2015
2015-08-08,2015,EST,ISR,2633.00,2635.37,W,Liga Europeia 2015
2015-08-08,2015,ISR,EST,2284.87,2282.49,L,Liga Europeia 2015
2015-08-08,2015,POL,MKD,2898.83,2889.74,L,Liga Europeia 2015
2015-08-08,2015,MKD,POL,2500.10,2518.27,W,Liga Europeia 2015
2015-08-08,2015,BLR,TUR,2445.19,2435.58,L,Liga Europeia 2015
2015-08-08,2015,TUR,BLR,2526.98,2532.74,W,Liga Europeia 2015
2015-08-08,2015,SLO,GRE,2691.92,2700.98,W,Liga Europeia 2015
2015-08-08,2015,GRE,SLO,2593.84,2588.40,L,Liga Europeia 2015
2015-08-08,2015,CRO,ROU,2439.92,2454.16,W,Liga Europeia 2015
2015-08-08,2015,ROU,CRO,2488.65,2474.41,L,Liga Europeia 2015
2015-08-09,2015,DEN,AUT,2280.92,2292.20,W,Liga Europeia 2015
2015-08-09,2015,AUT,DEN,2325.67,2314.39,L,Liga Europeia 2015
2015-08-09,2015,SLO,GRE,2700.98,2707.85,W,Liga Europeia 2015
2015-08-09,2015,GRE,SLO,2588.40,2583.25,L,Liga Europeia 2015
2015-08-09,2015,BLR,TUR,2435.58,2448.30,W,Liga Europeia 2015
2015-08-09,2015,TUR,BLR,2532.74,2523.20,L,Liga Europeia 2015
2015-08-09,2015,CRO,ROU,2454.16,2464.74,W,Liga Europeia 2015
2015-08-09,2015,ROU,CRO,2474.41,2463.83,L,Liga Europeia 2015
2015-08-13,2015,POL,SLO,2889.74,2882.34,L,Liga Europeia 2015
2015-08-13,2015,SLO,POL,2707.85,2722.65,W,Liga Europeia 2015
2015-08-13,2015,EST,MKD,2635.37,2622.13,L,Liga Europeia 2015
2015-08-13,2015,MKD,EST,2518.27,2531.52,W,Liga Europeia 2015
2015-08-14,2015,POL,EST,2882.34,2884.17,W,Liga Europeia 2015
2015-08-14,2015,EST,POL,2622.13,2618.47,L,Liga Europeia 2015
2015-08-14,2015,SLO,MKD,2722.65,2727.65,W,Liga Europeia 2015
2015-08-14,2015,MKD,SLO,2531.52,2526.52,L,Liga Europeia 2015
2015-09-30,2015,CHI,VEN,2427.79,2414.71,L,Campeonato Sul-Americano 2015
2015-09-30,2015,VEN,CHI,2472.44,2483.35,W,Campeonato Sul-Americano 2015
2015-09-30,2015,BRA,PER,3011.51,3011.81,W,Campeonato Sul-Americano 2015
2015-09-30,2015,PER,BRA,2333.00,2332.41,L,Campeonato Sul-Americano 2015
2015-09-30,2015,COL,URU,2506.99,2513.62,W,Campeonato Sul-Americano 2015
2015-09-30,2015,URU,COL,2288.00,2281.37,L,Campeonato Sul-Americano 2015
2015-09-30,2015,ARG,GUY,2804.76,2806.09,W,Campeonato Sul-Americano 2015
2015-09-30,2015,GUY,ARG,2400.00,2397.34,L,Campeonato Sul-Americano 2015
2015-10-01,2015,VEN,PER,2483.35,2490.73,W,Campeonato Sul-Americano 2015
2015-10-01,2015,PER,VEN,2332.41,2323.54,L,Campeonato Sul-Americano 2015
2015-10-01,2015,CHI,BRA,2414.71,2413.78,L,Campeonato Sul-Americano 2015
2015-10-01,2015,BRA,CHI,3011.81,3012.28,W,Campeonato Sul-Americano 2015
2015-10-01,2015,COL,GUY,2513.62,2523.78,W,Campeonato Sul-Americano 2015
2015-10-01,2015,GUY,COL,2397.34,2387.18,L,Campeonato Sul-Americano 2015
2015-10-01,2015,URU,ARG,2281.37,2279.98,L,Campeonato Sul-Americano 2015
2015-10-01,2015,ARG,URU,2806.09,2806.78,W,Campeonato Sul-Americano 2015
2015-10-02,2015,PER,CHI,2323.54,2312.35,L,Campeonato Sul-Americano 2015
2015-10-02,2015,CHI,PER,2413.78,2424.97,W,Campeonato Sul-Americano 2015
2015-10-02,2015,BRA,VEN,3012.28,3012.99,W,Campeonato Sul-Americano 2015
2015-10-02,2015,VEN,BRA,2490.73,2489.55,L,Campeonato Sul-Americano 2015
2015-10-02,2015,GUY,URU,2387.18,2367.69,L,Campeonato Sul-Americano 2015
2015-10-02,2015,URU,GUY,2279.98,2299.47,W,Campeonato Sul-Americano 2015
2015-10-02,2015,ARG,COL,2806.78,2809.24,W,Campeonato Sul-Americano 2015
2015-10-02,2015,COL,ARG,2523.78,2518.86,L,Campeonato Sul-Americano 2015
2015-10-03,2015,GUY,PER,2367.69,2350.32,L,Campeonato Sul-Americano 2015
2015-10-03,2015,PER,GUY,2312.35,2329.72,W,Campeonato Sul-Americano 2015
2015-10-03,2015,CHI,URU,2424.97,2434.77,W,Campeonato Sul-Americano 2015
2015-10-03,2015,URU,CHI,2299.47,2289.66,L,Campeonato Sul-Americano 2015
2015-10-03,2015,ARG,VEN,2809.24,2810.61,W,Campeonato Sul-Americano 2015
2015-10-03,2015,VEN,ARG,2489.55,2486.81,L,Campeonato Sul-Americano 2015
2015-10-03,2015,BRA,COL,3012.99,3013.54,W,Campeonato Sul-Americano 2015
2015-10-03,2015,COL,BRA,2518.86,2517.21,L,Campeonato Sul-Americano 2015
2015-10-04,2015,VEN,COL,2486.81,2477.68,L,Campeonato Sul-Americano 2015
2015-10-04,2015,COL,VEN,2517.21,2530.90,W,Campeonato Sul-Americano 2015
2015-10-04,2015,ARG,BRA,2810.61,2808.24,L,Campeonato Sul-Americano 2015
2015-10-04,2015,BRA,ARG,3013.54,3015.91,W,Campeonato Sul-Americano 2015
2015-10-09,2015,CZE,NED,2647.45,2640.64,L,Campeonato Europeu 2015
2015-10-09,2015,NED,CZE,2762.12,2768.94,W,Campeonato Europeu 2015
2015-10-09,2015,BUL,GER,2827.32,2834.15,W,Campeonato Europeu 2015
2015-10-09,2015,GER,BUL,2796.03,2782.37,L,Campeonato Europeu 2015
2015-10-09,2015,CRO,FRA,2464.74,2463.55,L,Campeonato Europeu 2015
2015-10-09,2015,FRA,CRO,2944.32,2945.21,W,Campeonato Europeu 2015
2015-10-09,2015,ITA,EST,2900.30,2902.78,W,Campeonato Europeu 2015
2015-10-09,2015,EST,ITA,2618.47,2615.17,L,Campeonato Europeu 2015
2015-10-09,2015,SLO,BLR,2727.65,2730.99,W,Campeonato Europeu 2015
2015-10-09,2015,BLR,SLO,2448.30,2444.97,L,Campeonato Europeu 2015
2015-10-09,2015,POL,BEL,2884.17,2887.55,W,Campeonato Europeu 2015
2015-10-09,2015,BEL,POL,2767.10,2762.03,L,Campeonato Europeu 2015
2015-10-09,2015,SVK,SRB,2558.57,2555.72,L,Campeonato Europeu 2015
2015-10-09,2015,SRB,SVK,2914.58,2916.29,W,Campeonato Europeu 2015
2015-10-09,2015,RUS,FIN,2868.98,2873.48,W,Campeonato Europeu 2015
2015-10-09,2015,FIN,RUS,2654.20,2649.70,L,Campeonato Europeu 2015
2015-10-10,2015,NED,GER,2768.94,2776.73,W,Campeonato Europeu 2015
2015-10-10,2015,GER,NED,2782.37,2766.79,L,Campeonato Europeu 2015
2015-10-10,2015,CZE,BUL,2640.64,2636.93,L,Campeonato Europeu 2015
2015-10-10,2015,BUL,CZE,2834.15,2837.85,W,Campeonato Europeu 2015
2015-10-10,2015,FRA,EST,2945.21,2946.51,W,Campeonato Europeu 2015
2015-10-10,2015,EST,FRA,2615.17,2613.22,L,Campeonato Europeu 2015
2015-10-10,2015,CRO,ITA,2463.55,2462.08,L,Campeonato Europeu 2015
2015-10-10,2015,ITA,CRO,2902.78,2903.89,W,Campeonato Europeu 2015
2015-10-10,2015,BLR,BEL,2444.97,2442.19,L,Campeonato Europeu 2015
2015-10-10,2015,BEL,BLR,2762.03,2764.12,W,Campeonato Europeu 2015
2015-10-10,2015,SLO,POL,2730.99,2725.21,L,Campeonato Europeu 2015
2015-10-10,2015,POL,SLO,2887.55,2890.43,W,Campeonato Europeu 2015
2015-10-10,2015,SRB,FIN,2916.29,2918.95,W,Campeonato Europeu 2015
2015-10-10,2015,FIN,SRB,2649.70,2647.04,L,Campeonato Europeu 2015
2015-10-10,2015,SVK,RUS,2555.72,2552.95,L,Campeonato Europeu 2015
2015-10-10,2015,RUS,SVK,2873.48,2875.56,W,Campeonato Europeu 2015
2015-10-11,2015,GER,CZE,2766.79,2776.43,W,Campeonato Europeu 2015
2015-10-11,2015,CZE,GER,2636.93,2632.11,L,Campeonato Europeu 2015
2015-10-11,2015,NED,BUL,2776.73,2770.53,L,Campeonato Europeu 2015
2015-10-11,2015,BUL,NED,2837.85,2844.05,W,Campeonato Europeu 2015
2015-10-11,2015,EST,CRO,2613.22,2617.65,W,Campeonato Europeu 2015
2015-10-11,2015,CRO,EST,2462.08,2456.17,L,Campeonato Europeu 2015
2015-10-11,2015,FRA,ITA,2946.51,2950.90,W,Campeonato Europeu 2015
2015-10-11,2015,ITA,FRA,2903.89,2897.30,L,Campeonato Europeu 2015
2015-10-11,2015,BEL,SLO,2764.12,2770.78,W,Campeonato Europeu 2015
2015-10-11,2015,SLO,BEL,2725.21,2718.55,L,Campeonato Europeu 2015
2015-10-11,2015,BLR,POL,2442.19,2440.78,L,Campeonato Europeu 2015
2015-10-11,2015,POL,BLR,2890.43,2891.14,W,Campeonato Europeu 2015
2015-10-11,2015,FIN,SVK,2647.04,2652.55,W,Campeonato Europeu 2015
2015-10-11,2015,SVK,FIN,2552.95,2545.59,L,Campeonato Europeu 2015
2015-10-11,2015,SRB,RUS,2918.95,2913.33,L,Campeonato Europeu 2015
2015-10-11,2015,RUS,SRB,2875.56,2883.99,W,Campeonato Europeu 2015
2015-10-13,2015,NED,SLO,2770.53,2761.92,L,Campeonato Europeu 2015
2015-10-13,2015,SLO,NED,2718.55,2727.16,W,Campeonato Europeu 2015
2015-10-13,2015,SRB,EST,2913.33,2914.87,W,Campeonato Europeu 2015
2015-10-13,2015,EST,SRB,2617.65,2615.34,L,Campeonato Europeu 2015
2015-10-13,2015,BEL,GER,2770.78,2765.86,L,Campeonato Europeu 2015
2015-10-13,2015,GER,BEL,2776.43,2791.19,W,Campeonato Europeu 2015
2015-10-13,2015,ITA,FIN,2897.30,2899.27,W,Campeonato Europeu 2015
2015-10-13,2015,FIN,ITA,2652.55,2649.61,L,Campeonato Europeu 2015
2015-10-14,2015,POL,SLO,2891.14,2883.94,L,Campeonato Europeu 2015
2015-10-14,2015,SLO,POL,2727.16,2737.96,W,Campeonato Europeu 2015
2015-10-14,2015,FRA,SRB,2950.90,2955.38,W,Campeonato Europeu 2015
2015-10-14,2015,SRB,FRA,2914.87,2910.39,L,Campeonato Europeu 2015
2015-10-14,2015,BUL,GER,2844.05,2850.42,W,Campeonato Europeu 2015
2015-10-14,2015,GER,BUL,2791.19,2778.45,L,Campeonato Europeu 2015
2015-10-14,2015,RUS,ITA,2883.99,2876.82,L,Campeonato Europeu 2015
2015-10-14,2015,ITA,RUS,2899.27,2904.05,W,Campeonato Europeu 2015
2015-10-17,2015,SLO,ITA,2737.96,2748.79,W,Campeonato Europeu 2015
2015-10-17,2015,ITA,SLO,2904.05,2896.82,L,Campeonato Europeu 2015
2015-10-17,2015,BUL,FRA,2850.42,2846.88,L,Campeonato Europeu 2015
2015-10-17,2015,FRA,BUL,2955.38,2958.92,W,Campeonato Europeu 2015
2015-10-18,2015,BUL,ITA,2846.88,2842.60,L,Campeonato Europeu 2015
2015-10-18,2015,ITA,BUL,2896.82,2901.11,W,Campeonato Europeu 2015
2015-10-18,2015,FRA,SLO,2958.92,2961.21,W,Campeonato Europeu 2015
2015-10-18,2015,SLO,FRA,2748.79,2746.50,L,Campeonato Europeu 2015
2016-01-08,2016,CAN,MEX,2805.82,2809.70,W,Campeonato NORCECA 2016
2016-01-08,2016,MEX,CAN,2474.49,2470.61,L,Campeonato NORCECA 2016
2016-01-08,2016,CUB,PUR,2724.21,2731.14,W,Campeonato NORCECA 2016
2016-01-08,2016,PUR,CUB,2515.50,2508.56,L,Campeonato NORCECA 2016
2016-01-09,2016,CAN,PUR,2809.70,2814.21,W,Campeonato NORCECA 2016
2016-01-09,2016,PUR,CAN,2508.56,2504.06,L,Campeonato NORCECA 2016
2016-01-09,2016,MEX,CUB,2470.61,2465.13,L,Campeonato NORCECA 2016
2016-01-09,2016,CUB,MEX,2731.14,2736.62,W,Campeonato NORCECA 2016
2016-01-10,2016,PUR,MEX,2504.06,2487.38,L,Campeonato NORCECA 2016
2016-01-10,2016,MEX,PUR,2465.13,2481.81,W,Campeonato NORCECA 2016
2016-01-10,2016,CAN,CUB,2814.21,2795.91,L,Campeonato NORCECA 2016
2016-01-10,2016,CUB,CAN,2736.62,2754.91,W,Campeonato NORCECA 2016
2016-06-03,2016,AUT,LUX,2314.39,2331.30,W,Liga Europeia 2016
2016-06-03,2016,LUX,AUT,2359.00,2342.08,L,Liga Europeia 2016
2016-06-03,2016,BLR,EST,2440.78,2432.74,L,Liga Europeia 2016
2016-06-03,2016,EST,BLR,2615.34,2623.38,W,Liga Europeia 2016
2016-06-04,2016,LUX,EST,2342.08,2337.13,L,Liga Europeia 2016
2016-06-04,2016,EST,LUX,2623.38,2628.34,W,Liga Europeia 2016
2016-06-04,2016,AUT,BLR,2331.30,2350.56,W,Liga Europeia 2016
2016-06-04,2016,BLR,AUT,2432.74,2413.48,L,Liga Europeia 2016
2016-06-05,2016,LUX,BLR,2337.13,2325.37,L,Liga Europeia 2016
2016-06-05,2016,BLR,LUX,2413.48,2425.24,W,Liga Europeia 2016
2016-06-05,2016,EST,AUT,2628.34,2633.38,W,Liga Europeia 2016
2016-06-05,2016,AUT,EST,2350.56,2345.52,L,Liga Europeia 2016
2016-06-10,2016,ALB,MKD,2338.00,2330.42,L,Liga Europeia 2016
2016-06-10,2016,MKD,ALB,2526.52,2534.10,W,Liga Europeia 2016
2016-06-10,2016,BUL,DEN,2842.60,2843.81,W,Liga Europeia 2016
2016-06-10,2016,DEN,BUL,2292.20,2290.99,L,Liga Europeia 2016
2016-06-11,2016,MKD,DEN,2534.10,2540.04,W,Liga Europeia 2016
2016-06-11,2016,DEN,MKD,2290.99,2285.05,L,Liga Europeia 2016
2016-06-11,2016,ALB,BUL,2330.42,2328.94,L,Liga Europeia 2016
2016-06-11,2016,BUL,ALB,2843.81,2845.29,W,Liga Europeia 2016
2016-06-12,2016,DEN,ALB,2285.05,2301.93,W,Liga Europeia 2016
2016-06-12,2016,ALB,DEN,2328.94,2312.05,L,Liga Europeia 2016
2016-06-12,2016,MKD,BUL,2540.04,2565.62,W,Liga Europeia 2016
2016-06-12,2016,BUL,MKD,2845.29,2819.71,L,Liga Europeia 2016
2016-06-16,2016,DEN,BUL,2301.93,2300.49,L,Liga Europeia 2016
2016-06-16,2016,BUL,DEN,2819.71,2821.15,W,Liga Europeia 2016
2016-06-16,2016,MKD,ALB,2565.62,2571.28,W,Liga Europeia 2016
2016-06-16,2016,ALB,MKD,2312.05,2306.40,L,Liga Europeia 2016
2016-06-17,2016,BUL,ALB,2821.15,2822.63,W,Liga Europeia 2016
2016-06-17,2016,ALB,BUL,2306.40,2304.93,L,Liga Europeia 2016
2016-06-17,2016,DEN,MKD,2300.49,2295.27,L,Liga Europeia 2016
2016-06-17,2016,MKD,DEN,2571.28,2576.49,W,Liga Europeia 2016
2016-06-18,2016,ALB,DEN,2304.93,2292.08,L,Liga Europeia 2016
2016-06-18,2016,DEN,ALB,2295.27,2308.12,W,Liga Europeia 2016
2016-06-18,2016,BUL,MKD,2822.63,2802.51,L,Liga Europeia 2016
2016-06-18,2016,MKD,BUL,2576.49,2596.61,W,Liga Europeia 2016
2016-06-18,2016,AUT,BLR,2345.52,2363.90,W,Liga Europeia 2016
2016-06-18,2016,BLR,AUT,2425.24,2406.85,L,Liga Europeia 2016
2016-06-18,2016,EST,LUX,2633.38,2637.73,W,Liga Europeia 2016
2016-06-18,2016,LUX,EST,2325.37,2321.01,L,Liga Europeia 2016
2016-06-19,2016,BLR,LUX,2406.85,2418.22,W,Liga Europeia 2016
2016-06-19,2016,LUX,BLR,2321.01,2309.65,L,Liga Europeia 2016
2016-06-19,2016,AUT,EST,2363.90,2358.76,L,Liga Europeia 2016
2016-06-19,2016,EST,AUT,2637.73,2642.87,W,Liga Europeia 2016
2016-06-20,2016,LUX,AUT,2309.65,2298.90,L,Liga Europeia 2016
2016-06-20,2016,AUT,LUX,2358.76,2369.51,W,Liga Europeia 2016
2016-06-20,2016,BLR,EST,2418.22,2412.84,L,Liga Europeia 2016
2016-06-20,2016,EST,BLR,2642.87,2648.26,W,Liga Europeia 2016
2016-07-01,2016,MKD,AUT,2596.61,2601.94,W,Liga Europeia 2016
2016-07-01,2016,AUT,MKD,2369.51,2364.18,L,Liga Europeia 2016
2016-07-01,2016,EST,BUL,2648.26,2665.97,W,Liga Europeia 2016
2016-07-01,2016,BUL,EST,2802.51,2784.80,L,Liga Europeia 2016
2016-07-02,2016,AUT,BUL,2364.18,2387.14,W,Liga Europeia 2016
2016-07-02,2016,BUL,AUT,2784.80,2761.83,L,Liga Europeia 2016
2016-07-02,2016,MKD,EST,2601.94,2591.72,L,Liga Europeia 2016
2016-07-02,2016,EST,MKD,2665.97,2676.19,W,Liga Europeia 2016
2016-08-07,2016,ITA,FRA,2901.11,2918.68,W,Jogos Olimpicos 2016
2016-08-07,2016,FRA,ITA,2961.21,2943.65,L,Jogos Olimpicos 2016
2016-08-07,2016,BRA,MEX,3015.91,3017.23,W,Jogos Olimpicos 2016
2016-08-07,2016,MEX,BRA,2481.81,2480.48,L,Jogos Olimpicos 2016
2016-08-07,2016,POL,EGY,2883.94,2890.65,W,Jogos Olimpicos 2016
2016-08-07,2016,EGY,POL,2667.71,2661.00,L,Jogos Olimpicos 2016
2016-08-07,2016,USA,CAN,2979.63,2957.36,L,Jogos Olimpicos 2016
2016-08-07,2016,CAN,USA,2795.91,2818.18,W,Jogos Olimpicos 2016
2016-08-07,2016,RUS,CUB,2876.82,2886.76,W,Jogos Olimpicos 2016
2016-08-07,2016,CUB,RUS,2754.91,2744.97,L,Jogos Olimpicos 2016
2016-08-07,2016,ARG,IRI,2808.24,2826.12,W,Jogos Olimpicos 2016
2016-08-07,2016,IRI,ARG,2875.80,2857.92,L,Jogos Olimpicos 2016
2016-08-09,2016,RUS,ARG,2886.76,2869.17,L,Jogos Olimpicos 2016
2016-08-09,2016,ARG,RUS,2826.12,2843.71,W,Jogos Olimpicos 2016
2016-08-09,2016,FRA,MEX,2943.65,2945.60,W,Jogos Olimpicos 2016
2016-08-09,2016,MEX,FRA,2480.48,2478.53,L,Jogos Olimpicos 2016
2016-08-09,2016,ITA,USA,2918.68,2935.34,W,Jogos Olimpicos 2016
2016-08-09,2016,USA,ITA,2957.36,2940.70,L,Jogos Olimpicos 2016
2016-08-09,2016,POL,IRI,2890.65,2904.24,W,Jogos Olimpicos 2016
2016-08-09,2016,IRI,POL,2857.92,2844.33,L,Jogos Olimpicos 2016
2016-08-09,2016,CUB,EGY,2744.97,2726.41,L,Jogos Olimpicos 2016
2016-08-09,2016,EGY,CUB,2661.00,2679.56,W,Jogos Olimpicos 2016
2016-08-09,2016,BRA,CAN,3017.23,3024.47,W,Jogos Olimpicos 2016
2016-08-09,2016,CAN,BRA,2818.18,2810.94,L,Jogos Olimpicos 2016
2016-08-11,2016,IRI,CUB,2844.33,2854.42,W,Jogos Olimpicos 2016
2016-08-11,2016,CUB,IRI,2726.41,2718.00,L,Jogos Olimpicos 2016
2016-08-11,2016,RUS,EGY,2869.17,2876.71,W,Jogos Olimpicos 2016
2016-08-11,2016,EGY,RUS,2679.56,2672.02,L,Jogos Olimpicos 2016
2016-08-11,2016,POL,ARG,2904.24,2916.65,W,Jogos Olimpicos 2016
2016-08-11,2016,ARG,POL,2843.71,2831.30,L,Jogos Olimpicos 2016
2016-08-11,2016,CAN,FRA,2810.94,2803.06,L,Jogos Olimpicos 2016
2016-08-11,2016,FRA,CAN,2945.60,2955.06,W,Jogos Olimpicos 2016
2016-08-11,2016,ITA,MEX,2935.34,2937.36,W,Jogos Olimpicos 2016
2016-08-11,2016,MEX,ITA,2478.53,2476.85,L,Jogos Olimpicos 2016
2016-08-11,2016,BRA,USA,3024.47,3005.92,L,Jogos Olimpicos 2016
2016-08-11,2016,USA,BRA,2940.70,2959.25,W,Jogos Olimpicos 2016
2016-08-13,2016,IRI,EGY,2854.42,2862.20,W,Jogos Olimpicos 2016
2016-08-13,2016,EGY,IRI,2672.02,2664.24,L,Jogos Olimpicos 2016
2016-08-13,2016,ARG,CUB,2831.30,2841.57,W,Jogos Olimpicos 2016
2016-08-13,2016,CUB,ARG,2718.00,2709.44,L,Jogos Olimpicos 2016
2016-08-13,2016,POL,RUS,2916.65,2899.94,L,Jogos Olimpicos 2016
2016-08-13,2016,RUS,POL,2876.71,2893.43,W,Jogos Olimpicos 2016
2016-08-13,2016,USA,FRA,2959.25,2974.06,W,Jogos Olimpicos 2016
2016-08-13,2016,FRA,USA,2955.06,2940.24,L,Jogos Olimpicos 2016
2016-08-13,2016,CAN,MEX,2803.06,2806.37,W,Jogos Olimpicos 2016
2016-08-13,2016,MEX,CAN,2476.85,2473.53,L,Jogos Olimpicos 2016
2016-08-13,2016,BRA,ITA,3005.92,2988.00,L,Jogos Olimpicos 2016
2016-08-13,2016,ITA,BRA,2937.36,2955.28,W,Jogos Olimpicos 2016
2016-08-15,2016,ARG,EGY,2841.57,2849.52,W,Jogos Olimpicos 2016
2016-08-15,2016,EGY,ARG,2664.24,2656.30,L,Jogos Olimpicos 2016
2016-08-15,2016,USA,MEX,2974.06,2975.66,W,Jogos Olimpicos 2016
2016-08-15,2016,MEX,USA,2473.53,2472.21,L,Jogos Olimpicos 2016
2016-08-15,2016,RUS,IRI,2893.43,2907.08,W,Jogos Olimpicos 2016
2016-08-15,2016,IRI,RUS,2862.20,2848.54,L,Jogos Olimpicos 2016
2016-08-15,2016,POL,CUB,2899.94,2907.45,W,Jogos Olimpicos 2016
2016-08-15,2016,CUB,POL,2709.44,2703.18,L,Jogos Olimpicos 2016
2016-08-15,2016,ITA,CAN,2955.28,2934.22,L,Jogos Olimpicos 2016
2016-08-15,2016,CAN,ITA,2806.37,2823.92,W,Jogos Olimpicos 2016
2016-08-15,2016,BRA,FRA,2988.00,3000.95,W,Jogos Olimpicos 2016
2016-08-15,2016,FRA,BRA,2940.24,2927.29,L,Jogos Olimpicos 2016
2016-08-17,2016,ITA,IRI,2934.22,2943.70,W,Jogos Olimpicos 2016
2016-08-17,2016,IRI,ITA,2848.54,2839.06,L,Jogos Olimpicos 2016
2016-08-17,2016,USA,POL,2975.66,2985.73,W,Jogos Olimpicos 2016
2016-08-17,2016,POL,USA,2907.45,2897.37,L,Jogos Olimpicos 2016
2016-08-17,2016,CAN,RUS,2823.92,2814.36,L,Jogos Olimpicos 2016
2016-08-17,2016,RUS,CAN,2907.08,2916.65,W,Jogos Olimpicos 2016
2016-08-17,2016,BRA,ARG,3000.95,3008.32,W,Jogos Olimpicos 2016
2016-08-17,2016,ARG,BRA,2849.52,2842.15,L,Jogos Olimpicos 2016
2016-08-19,2016,ITA,USA,2943.70,2957.70,W,Jogos Olimpicos 2016
2016-08-19,2016,USA,ITA,2985.73,2971.73,L,Jogos Olimpicos 2016
2016-08-19,2016,RUS,BRA,2916.65,2907.37,L,Jogos Olimpicos 2016
2016-08-19,2016,BRA,RUS,3008.32,3017.60,W,Jogos Olimpicos 2016
2016-08-21,2016,USA,RUS,2971.73,2981.94,W,Jogos Olimpicos 2016
2016-08-21,2016,RUS,USA,2907.37,2897.16,L,Jogos Olimpicos 2016
2016-08-21,2016,ITA,BRA,2957.70,2947.34,L,Jogos Olimpicos 2016
2016-08-21,2016,BRA,ITA,3017.60,3027.97,W,Jogos Olimpicos 2016
2017-06-02,2017,BRA,POL,3027.97,3007.58,L,Liga Mundial 2017
2017-06-02,2017,POL,BRA,2897.37,2917.76,W,Liga Mundial 2017
2017-06-02,2017,ITA,IRI,2947.34,2957.81,W,Liga Mundial 2017
2017-06-02,2017,IRI,ITA,2839.06,2828.59,L,Liga Mundial 2017
2017-06-02,2017,BEL,CAN,2765.86,2752.94,L,Liga Mundial 2017
2017-06-02,2017,CAN,BEL,2814.36,2827.28,W,Liga Mundial 2017
2017-06-02,2017,SRB,USA,2910.39,2928.44,W,Liga Mundial 2017
2017-06-02,2017,USA,SRB,2981.94,2963.89,L,Liga Mundial 2017
2017-06-02,2017,FRA,BUL,2927.29,2935.64,W,Liga Mundial 2017
2017-06-02,2017,BUL,FRA,2761.83,2753.48,L,Liga Mundial 2017
2017-06-02,2017,RUS,ARG,2897.16,2909.80,W,Liga Mundial 2017
2017-06-02,2017,ARG,RUS,2842.15,2829.50,L,Liga Mundial 2017
2017-06-03,2017,ITA,POL,2957.81,2941.09,L,Liga Mundial 2017
2017-06-03,2017,POL,ITA,2917.76,2934.48,W,Liga Mundial 2017
2017-06-03,2017,IRI,BRA,2828.59,2820.70,L,Liga Mundial 2017
2017-06-03,2017,BRA,IRI,3007.58,3015.47,W,Liga Mundial 2017
2017-06-03,2017,CAN,USA,2827.28,2847.89,W,Liga Mundial 2017
2017-06-03,2017,USA,CAN,2963.89,2943.28,L,Liga Mundial 2017
2017-06-03,2017,BEL,SRB,2752.94,2774.93,W,Liga Mundial 2017
2017-06-03,2017,SRB,BEL,2928.44,2906.44,L,Liga Mundial 2017
2017-06-03,2017,BUL,ARG,2753.48,2741.71,L,Liga Mundial 2017
2017-06-03,2017,ARG,BUL,2829.50,2841.27,W,Liga Mundial 2017
2017-06-03,2017,RUS,FRA,2909.80,2895.92,L,Liga Mundial 2017
2017-06-03,2017,FRA,RUS,2935.64,2949.53,W,Liga Mundial 2017
2017-06-04,2017,ITA,BRA,2941.09,2929.25,L,Liga Mundial 2017
2017-06-04,2017,BRA,ITA,3015.47,3027.31,W,Liga Mundial 2017
2017-06-04,2017,POL,IRI,2934.48,2914.73,L,Liga Mundial 2017
2017-06-04,2017,IRI,POL,2820.70,2840.45,W,Liga Mundial 2017
2017-06-04,2017,USA,BEL,2943.28,2921.53,L,Liga Mundial 2017
2017-06-04,2017,BEL,USA,2774.93,2796.68,W,Liga Mundial 2017
2017-06-04,2017,CAN,SRB,2847.89,2835.40,L,Liga Mundial 2017
2017-06-04,2017,SRB,CAN,2906.44,2918.94,W,Liga Mundial 2017
2017-06-04,2017,ARG,FRA,2841.27,2830.80,L,Liga Mundial 2017
2017-06-04,2017,FRA,ARG,2949.53,2960.00,W,Liga Mundial 2017
2017-06-04,2017,RUS,BUL,2895.92,2874.67,L,Liga Mundial 2017
2017-06-04,2017,BUL,RUS,2741.71,2762.97,W,Liga Mundial 2017
2017-06-09,2017,SRB,ARG,2918.94,2930.21,W,Liga Mundial 2017
2017-06-09,2017,ARG,SRB,2830.80,2819.53,L,Liga Mundial 2017
2017-06-09,2017,IRI,BEL,2840.45,2853.57,W,Liga Mundial 2017
2017-06-09,2017,BEL,IRI,2796.68,2783.56,L,Liga Mundial 2017
2017-06-09,2017,CAN,BRA,2835.40,2827.93,L,Liga Mundial 2017
2017-06-09,2017,BRA,CAN,3027.31,3034.77,W,Liga Mundial 2017
2017-06-09,2017,BUL,POL,2762.97,2784.13,W,Liga Mundial 2017
2017-06-09,2017,POL,BUL,2914.73,2893.57,L,Liga Mundial 2017
2017-06-09,2017,ITA,USA,2929.25,2913.92,L,Liga Mundial 2017
2017-06-09,2017,USA,ITA,2921.53,2936.87,W,Liga Mundial 2017
2017-06-09,2017,FRA,RUS,2960.00,2971.39,W,Liga Mundial 2017
2017-06-09,2017,RUS,FRA,2874.67,2863.28,L,Liga Mundial 2017
2017-06-09,2017,DEN,HUN,2308.12,2324.08,W,Liga Europeia 2017
2017-06-09,2017,HUN,DEN,2330.32,2314.36,L,Liga Europeia 2017
2017-06-09,2017,UKR,ISR,2488.00,2495.04,W,Liga Europeia 2017
2017-06-09,2017,ISR,UKR,2282.49,2275.45,L,Liga Europeia 2017
2017-06-10,2017,BEL,ARG,2783.56,2800.11,W,Liga Mundial 2017
2017-06-10,2017,ARG,BEL,2819.53,2802.98,L,Liga Mundial 2017
2017-06-10,2017,IRI,SRB,2853.57,2841.82,L,Liga Mundial 2017
2017-06-10,2017,SRB,IRI,2930.21,2941.96,W,Liga Mundial 2017
2017-06-10,2017,BRA,POL,3034.77,3043.99,W,Liga Mundial 2017
2017-06-10,2017,POL,BRA,2893.57,2884.35,L,Liga Mundial 2017
2017-06-10,2017,CAN,BUL,2827.93,2841.05,W,Liga Mundial 2017
2017-06-10,2017,BUL,CAN,2784.13,2771.01,L,Liga Mundial 2017
2017-06-10,2017,USA,RUS,2936.87,2948.74,W,Liga Mundial 2017
2017-06-10,2017,RUS,USA,2863.28,2851.41,L,Liga Mundial 2017
2017-06-10,2017,FRA,ITA,2971.39,2983.93,W,Liga Mundial 2017
2017-06-10,2017,ITA,FRA,2913.92,2901.38,L,Liga Mundial 2017
2017-06-10,2017,HUN,ISR,2314.36,2327.69,W,Liga Europeia 2017
2017-06-10,2017,ISR,HUN,2275.45,2262.13,L,Liga Europeia 2017
2017-06-10,2017,DEN,UKR,2324.08,2345.91,W,Liga Europeia 2017
2017-06-10,2017,UKR,DEN,2495.04,2473.20,L,Liga Europeia 2017
2017-06-11,2017,SRB,BEL,2941.96,2949.62,W,Liga Mundial 2017
2017-06-11,2017,BEL,SRB,2800.11,2792.45,L,Liga Mundial 2017
2017-06-11,2017,IRI,ARG,2841.82,2852.93,W,Liga Mundial 2017
2017-06-11,2017,ARG,IRI,2802.98,2791.87,L,Liga Mundial 2017
2017-06-11,2017,POL,CAN,2884.35,2895.30,W,Liga Mundial 2017
2017-06-11,2017,CAN,POL,2841.05,2830.10,L,Liga Mundial 2017
2017-06-11,2017,BRA,BUL,3043.99,3023.29,L,Liga Mundial 2017
2017-06-11,2017,BUL,BRA,2771.01,2791.71,W,Liga Mundial 2017
2017-06-11,2017,ITA,RUS,2901.38,2887.09,L,Liga Mundial 2017
2017-06-11,2017,RUS,ITA,2851.41,2865.69,W,Liga Mundial 2017
2017-06-11,2017,FRA,USA,2983.93,2995.16,W,Liga Mundial 2017
2017-06-11,2017,USA,FRA,2948.74,2937.50,L,Liga Mundial 2017
2017-06-11,2017,ISR,DEN,2262.13,2280.68,W,Liga Europeia 2017
2017-06-11,2017,DEN,ISR,2345.91,2327.36,L,Liga Europeia 2017
2017-06-11,2017,HUN,UKR,2327.69,2318.63,L,Liga Europeia 2017
2017-06-11,2017,UKR,HUN,2473.20,2482.26,W,Liga Europeia 2017
2017-06-15,2017,IRI,USA,2852.93,2843.42,L,Liga Mundial 2017
2017-06-15,2017,USA,IRI,2937.50,2947.01,W,Liga Mundial 2017
2017-06-15,2017,POL,RUS,2895.30,2881.74,L,Liga Mundial 2017
2017-06-15,2017,RUS,POL,2865.69,2879.26,W,Liga Mundial 2017
2017-06-16,2017,BRA,BUL,3023.29,3028.51,W,Liga Mundial 2017
2017-06-16,2017,BUL,BRA,2791.71,2786.50,L,Liga Mundial 2017
2017-06-16,2017,ARG,SRB,2791.87,2784.69,L,Liga Mundial 2017
2017-06-16,2017,SRB,ARG,2949.62,2956.80,W,Liga Mundial 2017
2017-06-16,2017,ITA,FRA,2887.09,2903.36,W,Liga Mundial 2017
2017-06-16,2017,FRA,ITA,2995.16,2978.90,L,Liga Mundial 2017
2017-06-16,2017,BEL,CAN,2792.45,2781.29,L,Liga Mundial 2017
2017-06-16,2017,CAN,BEL,2830.10,2841.25,W,Liga Mundial 2017
2017-06-16,2017,ALB,SWE,2292.08,2308.28,W,Liga Europeia 2017
2017-06-16,2017,SWE,ALB,2320.00,2303.80,L,Liga Europeia 2017
2017-06-16,2017,MKD,AZE,2591.72,2594.41,W,Liga Europeia 2017
2017-06-16,2017,AZE,MKD,2189.67,2186.97,L,Liga Europeia 2017
2017-06-16,2017,ISR,UKR,2280.68,2273.52,L,Liga Europeia 2017
2017-06-16,2017,UKR,ISR,2482.26,2489.42,W,Liga Europeia 2017
2017-06-16,2017,HUN,DEN,2318.63,2304.00,L,Liga Europeia 2017
2017-06-16,2017,DEN,HUN,2327.36,2341.99,W,Liga Europeia 2017
2017-06-17,2017,BUL,SRB,2786.50,2804.67,W,Liga Mundial 2017
2017-06-17,2017,SRB,BUL,2956.80,2938.62,L,Liga Mundial 2017
2017-06-17,2017,ARG,BRA,2784.69,2804.75,W,Liga Mundial 2017
2017-06-17,2017,BRA,ARG,3028.51,3008.44,L,Liga Mundial 2017
2017-06-17,2017,USA,RUS,2947.01,2932.11,L,Liga Mundial 2017
2017-06-17,2017,RUS,USA,2879.26,2894.16,W,Liga Mundial 2017
2017-06-17,2017,POL,IRI,2881.74,2892.86,W,Liga Mundial 2017
2017-06-17,2017,IRI,POL,2843.42,2832.29,L,Liga Mundial 2017
2017-06-17,2017,FRA,CAN,2978.90,2986.69,W,Liga Mundial 2017
2017-06-17,2017,CAN,FRA,2841.25,2833.46,L,Liga Mundial 2017
2017-06-17,2017,ITA,BEL,2903.36,2886.64,L,Liga Mundial 2017
2017-06-17,2017,BEL,ITA,2781.29,2798.01,W,Liga Mundial 2017
2017-06-17,2017,SWE,AZE,2303.80,2313.94,W,Liga Europeia 2017
2017-06-17,2017,AZE,SWE,2186.97,2176.83,L,Liga Europeia 2017
2017-06-17,2017,ALB,MKD,2308.28,2303.44,L,Liga Europeia 2017
2017-06-17,2017,MKD,ALB,2594.41,2599.26,W,Liga Europeia 2017
2017-06-17,2017,ISR,HUN,2273.52,2259.83,L,Liga Europeia 2017
2017-06-17,2017,HUN,ISR,2304.00,2317.69,W,Liga Europeia 2017
2017-06-17,2017,UKR,DEN,2489.42,2498.41,W,Liga Europeia 2017
2017-06-17,2017,DEN,UKR,2341.99,2333.00,L,Liga Europeia 2017
2017-06-18,2017,SRB,BRA,2938.62,2928.60,L,Liga Mundial 2017
2017-06-18,2017,BRA,SRB,3008.44,3018.46,W,Liga Mundial 2017
2017-06-18,2017,ARG,BUL,2804.75,2817.25,W,Liga Mundial 2017
2017-06-18,2017,BUL,ARG,2804.67,2792.18,L,Liga Mundial 2017
2017-06-18,2017,RUS,IRI,2894.16,2904.46,W,Liga Mundial 2017
2017-06-18,2017,IRI,RUS,2832.29,2821.99,L,Liga Mundial 2017
2017-06-18,2017,POL,USA,2892.86,2881.77,L,Liga Mundial 2017
2017-06-18,2017,USA,POL,2932.11,2943.20,W,Liga Mundial 2017
2017-06-18,2017,CAN,ITA,2833.46,2847.86,W,Liga Mundial 2017
2017-06-18,2017,ITA,CAN,2886.64,2872.24,L,Liga Mundial 2017
2017-06-18,2017,BEL,FRA,2798.01,2791.71,L,Liga Mundial 2017
2017-06-18,2017,FRA,BEL,2986.69,2993.00,W,Liga Mundial 2017
2017-06-18,2017,AZE,ALB,2176.83,2167.07,L,Liga Europeia 2017
2017-06-18,2017,ALB,AZE,2303.44,2313.20,W,Liga Europeia 2017
2017-06-18,2017,SWE,MKD,2313.94,2309.07,L,Liga Europeia 2017
2017-06-18,2017,MKD,SWE,2599.26,2604.12,W,Liga Europeia 2017
2017-06-18,2017,UKR,HUN,2498.41,2504.94,W,Liga Europeia 2017
2017-06-18,2017,HUN,UKR,2317.69,2311.16,L,Liga Europeia 2017
2017-06-18,2017,DEN,ISR,2333.00,2342.90,W,Liga Europeia 2017
2017-06-18,2017,ISR,DEN,2259.83,2249.92,L,Liga Europeia 2017
2017-06-23,2017,SWE,MKD,2309.07,2304.43,L,Liga Europeia 2017
2017-06-23,2017,MKD,SWE,2604.12,2608.76,W,Liga Europeia 2017
2017-06-23,2017,ALB,AZE,2313.20,2322.24,W,Liga Europeia 2017
2017-06-23,2017,AZE,ALB,2167.07,2158.03,L,Liga Europeia 2017
2017-06-24,2017,MKD,AZE,2608.76,2610.85,W,Liga Europeia 2017
2017-06-24,2017,AZE,MKD,2158.03,2155.94,L,Liga Europeia 2017
2017-06-24,2017,SWE,ALB,2304.43,2320.20,W,Liga Europeia 2017
2017-06-24,2017,ALB,SWE,2322.24,2306.47,L,Liga Europeia 2017
2017-06-25,2017,AZE,SWE,2155.94,2148.95,L,Liga Europeia 2017
2017-06-25,2017,SWE,AZE,2320.20,2327.19,W,Liga Europeia 2017
2017-06-25,2017,MKD,ALB,2610.85,2614.54,W,Liga Europeia 2017
2017-06-25,2017,ALB,MKD,2306.47,2302.78,L,Liga Europeia 2017
2017-07-01,2017,SWE,UKR,2327.19,2320.58,L,Liga Europeia 2017
2017-07-01,2017,UKR,SWE,2504.94,2511.55,W,Liga Europeia 2017
2017-07-01,2017,DEN,MKD,2342.90,2338.57,L,Liga Europeia 2017
2017-07-01,2017,MKD,DEN,2614.54,2618.87,W,Liga Europeia 2017
2017-07-02,2017,SWE,DEN,2320.58,2333.73,W,Liga Europeia 2017
2017-07-02,2017,DEN,SWE,2338.57,2325.43,L,Liga Europeia 2017
2017-07-02,2017,UKR,MKD,2511.55,2527.79,W,Liga Europeia 2017
2017-07-02,2017,MKD,UKR,2618.87,2602.63,L,Liga Europeia 2017
2017-07-04,2017,BRA,CAN,3018.46,3023.91,W,Liga Mundial 2017
2017-07-04,2017,CAN,BRA,2847.86,2842.41,L,Liga Mundial 2017
2017-07-04,2017,FRA,USA,2993.00,3001.57,W,Liga Mundial 2017
2017-07-04,2017,USA,FRA,2943.20,2934.62,L,Liga Mundial 2017
2017-07-05,2017,RUS,CAN,2904.46,2892.69,L,Liga Mundial 2017
2017-07-05,2017,CAN,RUS,2842.41,2854.17,W,Liga Mundial 2017
2017-07-05,2017,SRB,USA,2928.60,2918.78,L,Liga Mundial 2017
2017-07-05,2017,USA,SRB,2934.62,2944.45,W,Liga Mundial 2017
2017-07-06,2017,BRA,RUS,3023.91,3030.30,W,Liga Mundial 2017
2017-07-06,2017,RUS,BRA,2892.69,2886.30,L,Liga Mundial 2017
2017-07-06,2017,FRA,SRB,3001.57,3009.24,W,Liga Mundial 2017
2017-07-06,2017,SRB,FRA,2918.78,2911.12,L,Liga Mundial 2017
2017-07-07,2017,BRA,USA,3030.30,3037.88,W,Liga Mundial 2017
2017-07-07,2017,USA,BRA,2944.45,2936.87,L,Liga Mundial 2017
2017-07-07,2017,FRA,CAN,3009.24,3015.05,W,Liga Mundial 2017
2017-07-07,2017,CAN,FRA,2854.17,2848.36,L,Liga Mundial 2017
2017-07-08,2017,USA,CAN,2936.87,2924.38,L,Liga Mundial 2017
2017-07-08,2017,CAN,USA,2848.36,2860.86,W,Liga Mundial 2017
2017-07-08,2017,BRA,FRA,3037.88,3027.22,L,Liga Mundial 2017
2017-07-08,2017,FRA,BRA,3015.05,3025.70,W,Liga Mundial 2017
2017-07-24,2017,INA,KSA,2428.00,2440.41,W,Campeonato Asiatico 2017
2017-07-24,2017,KSA,INA,2367.49,2355.08,L,Campeonato Asiatico 2017
2017-07-24,2017,QAT,KAZ,2420.29,2408.32,L,Campeonato Asiatico 2017
2017-07-24,2017,KAZ,QAT,2491.25,2503.23,W,Campeonato Asiatico 2017
2017-07-24,2017,TPE,PAK,2449.82,2463.70,W,Campeonato Asiatico 2017
2017-07-24,2017,PAK,TPE,2423.90,2410.02,L,Campeonato Asiatico 2017
2017-07-24,2017,IRI,IRQ,2821.99,2823.50,W,Campeonato Asiatico 2017
2017-07-24,2017,IRQ,IRI,2386.64,2384.38,L,Campeonato Asiatico 2017
2017-07-24,2017,JPN,SRI,2563.01,2567.79,W,Campeonato Asiatico 2017
2017-07-24,2017,SRI,JPN,2274.04,2269.26,L,Campeonato Asiatico 2017
2017-07-24,2017,KOR,VIE,2553.65,2557.44,W,Campeonato Asiatico 2017
2017-07-24,2017,VIE,KOR,2218.00,2214.20,L,Campeonato Asiatico 2017
2017-07-24,2017,CHN,THA,2730.82,2735.07,W,Campeonato Asiatico 2017
2017-07-24,2017,THA,CHN,2418.15,2413.90,L,Campeonato Asiatico 2017
2017-07-24,2017,AUS,HKG,2626.93,2629.34,W,Campeonato Asiatico 2017
2017-07-24,2017,HKG,AUS,2203.00,2200.60,L,Campeonato Asiatico 2017
2017-07-25,2017,KSA,QAT,2355.08,2342.36,L,Campeonato Asiatico 2017
2017-07-25,2017,QAT,KSA,2408.32,2421.04,W,Campeonato Asiatico 2017
2017-07-25,2017,INA,KAZ,2440.41,2428.10,L,Campeonato Asiatico 2017
2017-07-25,2017,KAZ,INA,2503.23,2515.55,W,Campeonato Asiatico 2017
2017-07-25,2017,IRQ,TPE,2384.38,2372.75,L,Campeonato Asiatico 2017
2017-07-25,2017,TPE,IRQ,2463.70,2475.34,W,Campeonato Asiatico 2017
2017-07-25,2017,IRI,PAK,2823.50,2825.19,W,Campeonato Asiatico 2017
2017-07-25,2017,PAK,IRI,2410.02,2407.47,L,Campeonato Asiatico 2017
2017-07-25,2017,SRI,KOR,2269.26,2264.47,L,Campeonato Asiatico 2017
2017-07-25,2017,KOR,SRI,2557.44,2562.24,W,Campeonato Asiatico 2017
2017-07-25,2017,JPN,VIE,2567.79,2571.26,W,Campeonato Asiatico 2017
2017-07-25,2017,VIE,JPN,2214.20,2210.74,L,Campeonato Asiatico 2017
2017-07-25,2017,AUS,THA,2629.34,2636.07,W,Campeonato Asiatico 2017
2017-07-25,2017,THA,AUS,2413.90,2407.16,L,Campeonato Asiatico 2017
2017-07-25,2017,HKG,CHN,2200.60,2199.27,L,Campeonato Asiatico 2017
2017-07-25,2017,CHN,HKG,2735.07,2736.40,W,Campeonato Asiatico 2017
2017-07-26,2017,KAZ,KSA,2515.55,2523.64,W,Campeonato Asiatico 2017
2017-07-26,2017,KSA,KAZ,2342.36,2334.27,L,Campeonato Asiatico 2017
2017-07-26,2017,INA,QAT,2428.10,2442.79,W,Campeonato Asiatico 2017
2017-07-26,2017,QAT,INA,2421.04,2406.34,L,Campeonato Asiatico 2017
2017-07-26,2017,PAK,IRQ,2407.47,2420.98,W,Campeonato Asiatico 2017
2017-07-26,2017,IRQ,PAK,2372.75,2359.24,L,Campeonato Asiatico 2017
2017-07-26,2017,IRI,TPE,2825.19,2827.55,W,Campeonato Asiatico 2017
2017-07-26,2017,TPE,IRI,2475.34,2471.80,L,Campeonato Asiatico 2017
2017-07-26,2017,VIE,SRI,2210.74,2228.04,W,Campeonato Asiatico 2017
2017-07-26,2017,SRI,VIE,2264.47,2247.17,L,Campeonato Asiatico 2017
2017-07-26,2017,JPN,KOR,2571.26,2555.87,L,Campeonato Asiatico 2017
2017-07-26,2017,KOR,JPN,2562.24,2577.63,W,Campeonato Asiatico 2017
2017-07-26,2017,THA,HKG,2407.16,2414.13,W,Campeonato Asiatico 2017
2017-07-26,2017,HKG,THA,2199.27,2192.31,L,Campeonato Asiatico 2017
2017-07-26,2017,AUS,CHN,2636.07,2655.29,W,Campeonato Asiatico 2017
2017-07-26,2017,CHN,AUS,2736.40,2717.18,L,Campeonato Asiatico 2017
2017-07-27,2017,KAZ,JPN,2523.64,2510.02,L,Campeonato Asiatico 2017
2017-07-27,2017,JPN,KAZ,2555.87,2569.48,W,Campeonato Asiatico 2017
2017-07-27,2017,KOR,INA,2577.63,2587.08,W,Campeonato Asiatico 2017
2017-07-27,2017,INA,KOR,2442.79,2433.34,L,Campeonato Asiatico 2017
2017-07-27,2017,AUS,TPE,2655.29,2633.03,L,Campeonato Asiatico 2017
2017-07-27,2017,TPE,AUS,2471.80,2494.06,W,Campeonato Asiatico 2017
2017-07-27,2017,IRI,CHN,2827.55,2814.48,L,Campeonato Asiatico 2017
2017-07-27,2017,CHN,IRI,2717.18,2736.79,W,Campeonato Asiatico 2017
2017-07-27,2017,QAT,SRI,2406.34,2384.91,L,Campeonato Asiatico 2017
2017-07-27,2017,SRI,QAT,2247.17,2268.59,W,Campeonato Asiatico 2017
2017-07-27,2017,VIE,KSA,2228.04,2247.49,W,Campeonato Asiatico 2017
2017-07-27,2017,KSA,VIE,2334.27,2314.82,L,Campeonato Asiatico 2017
2017-07-27,2017,PAK,HKG,2420.98,2427.32,W,Campeonato Asiatico 2017
2017-07-27,2017,HKG,PAK,2192.31,2185.97,L,Campeonato Asiatico 2017
2017-07-27,2017,THA,IRQ,2414.13,2426.78,W,Campeonato Asiatico 2017
2017-07-27,2017,IRQ,THA,2359.24,2346.59,L,Campeonato Asiatico 2017
2017-07-29,2017,KAZ,KOR,2510.02,2498.30,L,Campeonato Asiatico 2017
2017-07-29,2017,KOR,KAZ,2587.08,2598.81,W,Campeonato Asiatico 2017
2017-07-29,2017,INA,JPN,2433.34,2423.93,L,Campeonato Asiatico 2017
2017-07-29,2017,JPN,INA,2569.48,2578.89,W,Campeonato Asiatico 2017
2017-07-29,2017,CHN,TPE,2736.79,2712.74,L,Campeonato Asiatico 2017
2017-07-29,2017,TPE,CHN,2494.06,2518.12,W,Campeonato Asiatico 2017
2017-07-29,2017,IRI,AUS,2814.48,2818.38,W,Campeonato Asiatico 2017
2017-07-29,2017,AUS,IRI,2633.03,2625.22,L,Campeonato Asiatico 2017
2017-07-29,2017,QAT,VIE,2384.91,2394.27,W,Campeonato Asiatico 2017
2017-07-29,2017,VIE,QAT,2247.49,2238.13,L,Campeonato Asiatico 2017
2017-07-29,2017,KSA,SRI,2314.82,2327.84,W,Campeonato Asiatico 2017
2017-07-29,2017,SRI,KSA,2268.59,2255.58,L,Campeonato Asiatico 2017
2017-07-29,2017,PAK,THA,2427.32,2412.30,L,Campeonato Asiatico 2017
2017-07-29,2017,THA,PAK,2426.78,2441.80,W,Campeonato Asiatico 2017
2017-07-29,2017,IRQ,HKG,2346.59,2355.11,W,Campeonato Asiatico 2017
2017-07-29,2017,HKG,IRQ,2185.97,2177.45,L,Campeonato Asiatico 2017
2017-07-30,2017,SRI,HKG,2255.58,2265.31,W,Campeonato Asiatico 2017
2017-07-30,2017,HKG,SRI,2177.45,2167.71,L,Campeonato Asiatico 2017
2017-07-30,2017,IRQ,KSA,2355.11,2366.63,W,Campeonato Asiatico 2017
2017-07-30,2017,KSA,IRQ,2327.84,2316.32,L,Campeonato Asiatico 2017
2017-07-30,2017,QAT,PAK,2394.27,2407.42,W,Campeonato Asiatico 2017
2017-07-30,2017,PAK,QAT,2412.30,2399.15,L,Campeonato Asiatico 2017
2017-07-30,2017,THA,VIE,2441.80,2422.71,L,Campeonato Asiatico 2017
2017-07-30,2017,VIE,THA,2238.13,2257.22,W,Campeonato Asiatico 2017
2017-07-30,2017,TPE,KAZ,2518.12,2504.90,L,Campeonato Asiatico 2017
2017-07-30,2017,KAZ,TPE,2498.30,2511.51,W,Campeonato Asiatico 2017
2017-07-30,2017,JPN,AUS,2578.89,2593.04,W,Campeonato Asiatico 2017
2017-07-30,2017,AUS,JPN,2625.22,2611.06,L,Campeonato Asiatico 2017
2017-07-30,2017,KOR,CHN,2598.81,2615.27,W,Campeonato Asiatico 2017
2017-07-30,2017,CHN,KOR,2712.74,2696.28,L,Campeonato Asiatico 2017
2017-07-30,2017,IRI,INA,2818.38,2804.78,L,Campeonato Asiatico 2017
2017-07-30,2017,INA,IRI,2423.93,2446.59,W,Campeonato Asiatico 2017
2017-07-31,2017,HKG,KSA,2167.71,2160.26,L,Campeonato Asiatico 2017
2017-07-31,2017,KSA,HKG,2316.32,2323.77,W,Campeonato Asiatico 2017
2017-07-31,2017,SRI,IRQ,2265.31,2256.36,L,Campeonato Asiatico 2017
2017-07-31,2017,IRQ,SRI,2366.63,2375.59,W,Campeonato Asiatico 2017
2017-07-31,2017,PAK,THA,2399.15,2387.50,L,Campeonato Asiatico 2017
2017-07-31,2017,THA,PAK,2422.71,2434.36,W,Campeonato Asiatico 2017
2017-07-31,2017,QAT,VIE,2407.42,2414.83,W,Campeonato Asiatico 2017
2017-07-31,2017,VIE,QAT,2257.22,2249.81,L,Campeonato Asiatico 2017
2017-07-31,2017,CHN,TPE,2696.28,2702.52,W,Campeonato Asiatico 2017
2017-07-31,2017,TPE,CHN,2504.90,2498.67,L,Campeonato Asiatico 2017
2017-07-31,2017,IRI,AUS,2804.78,2808.49,W,Campeonato Asiatico 2017
2017-07-31,2017,AUS,IRI,2611.06,2604.89,L,Campeonato Asiatico 2017
2017-07-31,2017,KOR,KAZ,2615.27,2599.14,L,Campeonato Asiatico 2017
2017-07-31,2017,KAZ,KOR,2511.51,2527.63,W,Campeonato Asiatico 2017
2017-07-31,2017,INA,JPN,2446.59,2439.07,L,Campeonato Asiatico 2017
2017-07-31,2017,JPN,INA,2593.04,2600.57,W,Campeonato Asiatico 2017
2017-08-01,2017,TPE,AUS,2498.67,2514.87,W,Campeonato Asiatico 2017
2017-08-01,2017,AUS,TPE,2604.89,2588.68,L,Campeonato Asiatico 2017
2017-08-01,2017,CHN,IRI,2702.52,2693.72,L,Campeonato Asiatico 2017
2017-08-01,2017,IRI,CHN,2808.49,2813.77,W,Campeonato Asiatico 2017
2017-08-01,2017,KOR,INA,2599.14,2606.26,W,Campeonato Asiatico 2017
2017-08-01,2017,INA,KOR,2439.07,2431.95,L,Campeonato Asiatico 2017
2017-08-01,2017,KAZ,JPN,2527.63,2517.72,L,Campeonato Asiatico 2017
2017-08-01,2017,JPN,KAZ,2600.57,2610.48,W,Campeonato Asiatico 2017
2017-08-07,2017,COL,VEN,2530.90,2513.62,L,Campeonato Sul-Americano 2017
2017-08-07,2017,VEN,COL,2477.68,2494.96,W,Campeonato Sul-Americano 2017
2017-08-07,2017,BRA,PAR,3027.22,3027.58,W,Campeonato Sul-Americano 2017
2017-08-07,2017,PAR,BRA,2378.87,2378.17,L,Campeonato Sul-Americano 2017
2017-08-07,2017,ARG,URU,2817.25,2818.17,W,Campeonato Sul-Americano 2017
2017-08-07,2017,URU,ARG,2289.66,2288.29,L,Campeonato Sul-Americano 2017
2017-08-07,2017,CHI,PER,2434.77,2445.37,W,Campeonato Sul-Americano 2017
2017-08-07,2017,PER,CHI,2329.72,2319.13,L,Campeonato Sul-Americano 2017
2017-08-08,2017,COL,PAR,2513.62,2523.05,W,Campeonato Sul-Americano 2017
2017-08-08,2017,PAR,COL,2378.17,2368.73,L,Campeonato Sul-Americano 2017
2017-08-08,2017,VEN,BRA,2494.96,2493.63,L,Campeonato Sul-Americano 2017
2017-08-08,2017,BRA,VEN,3027.58,3028.24,W,Campeonato Sul-Americano 2017
2017-08-08,2017,ARG,PER,2818.17,2819.24,W,Campeonato Sul-Americano 2017
2017-08-08,2017,PER,ARG,2319.13,2317.52,L,Campeonato Sul-Americano 2017
2017-08-08,2017,CHI,URU,2445.37,2454.02,W,Campeonato Sul-Americano 2017
2017-08-08,2017,URU,CHI,2288.29,2279.64,L,Campeonato Sul-Americano 2017
2017-08-09,2017,VEN,PAR,2493.63,2503.46,W,Campeonato Sul-Americano 2017
2017-08-09,2017,PAR,VEN,2368.73,2358.91,L,Campeonato Sul-Americano 2017
2017-08-09,2017,BRA,COL,3028.24,3029.02,W,Campeonato Sul-Americano 2017
2017-08-09,2017,COL,BRA,2523.05,2521.50,L,Campeonato Sul-Americano 2017
2017-08-09,2017,URU,PER,2279.64,2296.27,W,Campeonato Sul-Americano 2017
2017-08-09,2017,PER,URU,2317.52,2300.89,L,Campeonato Sul-Americano 2017
2017-08-09,2017,CHI,ARG,2454.02,2450.75,L,Campeonato Sul-Americano 2017
2017-08-09,2017,ARG,CHI,2819.24,2821.42,W,Campeonato Sul-Americano 2017
2017-08-10,2017,URU,PAR,2296.27,2313.95,W,Campeonato Sul-Americano 2017
2017-08-10,2017,PAR,URU,2358.91,2341.23,L,Campeonato Sul-Americano 2017
2017-08-10,2017,PER,COL,2300.89,2294.31,L,Campeonato Sul-Americano 2017
2017-08-10,2017,COL,PER,2521.50,2528.08,W,Campeonato Sul-Americano 2017
2017-08-10,2017,BRA,CHI,3029.02,3029.54,W,Campeonato Sul-Americano 2017
2017-08-10,2017,CHI,BRA,2450.75,2449.71,L,Campeonato Sul-Americano 2017
2017-08-10,2017,ARG,VEN,2821.42,2804.18,L,Campeonato Sul-Americano 2017
2017-08-10,2017,VEN,ARG,2503.46,2529.31,W,Campeonato Sul-Americano 2017
2017-08-11,2017,PAR,PER,2341.23,2324.22,L,Campeonato Sul-Americano 2017
2017-08-11,2017,PER,PAR,2294.31,2311.33,W,Campeonato Sul-Americano 2017
2017-08-11,2017,URU,COL,2313.95,2307.17,L,Campeonato Sul-Americano 2017
2017-08-11,2017,COL,URU,2528.08,2534.85,W,Campeonato Sul-Americano 2017
2017-08-11,2017,ARG,CHI,2804.18,2805.90,W,Campeonato Sul-Americano 2017
2017-08-11,2017,CHI,ARG,2449.71,2446.26,L,Campeonato Sul-Americano 2017
2017-08-11,2017,VEN,BRA,2529.31,2527.71,L,Campeonato Sul-Americano 2017
2017-08-11,2017,BRA,VEN,3029.54,3030.07,W,Campeonato Sul-Americano 2017
2017-08-24,2017,FIN,EST,2649.61,2665.75,W,Campeonato Europeu 2017
2017-08-24,2017,EST,FIN,2676.19,2660.04,L,Campeonato Europeu 2017
2017-08-24,2017,POL,SRB,2881.77,2872.61,L,Campeonato Europeu 2017
2017-08-24,2017,SRB,POL,2911.12,2920.27,W,Campeonato Europeu 2017
2017-08-24,2017,BUL,RUS,2792.18,2784.82,L,Campeonato Europeu 2017
2017-08-24,2017,RUS,BUL,2886.30,2893.65,W,Campeonato Europeu 2017
2017-08-24,2017,ESP,SLO,2648.55,2637.67,L,Campeonato Europeu 2017
2017-08-24,2017,SLO,ESP,2746.50,2757.38,W,Campeonato Europeu 2017
2017-08-25,2017,CZE,SVK,2632.11,2643.45,W,Campeonato Europeu 2017
2017-08-25,2017,SVK,CZE,2545.59,2534.25,L,Campeonato Europeu 2017
2017-08-25,2017,GER,ITA,2778.45,2797.41,W,Campeonato Europeu 2017
2017-08-25,2017,ITA,GER,2872.24,2859.60,L,Campeonato Europeu 2017
2017-08-25,2017,NED,TUR,2761.92,2737.98,L,Campeonato Europeu 2017
2017-08-25,2017,TUR,NED,2523.20,2547.14,W,Campeonato Europeu 2017
2017-08-25,2017,FRA,BEL,3025.70,3013.80,L,Campeonato Europeu 2017
2017-08-25,2017,BEL,FRA,2791.71,2807.58,W,Campeonato Europeu 2017
2017-08-26,2017,EST,SRB,2660.04,2654.56,L,Campeonato Europeu 2017
2017-08-26,2017,SRB,EST,2920.27,2923.93,W,Campeonato Europeu 2017
2017-08-26,2017,FIN,POL,2665.75,2658.76,L,Campeonato Europeu 2017
2017-08-26,2017,POL,FIN,2872.61,2877.28,W,Campeonato Europeu 2017
2017-08-26,2017,RUS,SLO,2893.65,2899.92,W,Campeonato Europeu 2017
2017-08-26,2017,SLO,RUS,2757.38,2747.98,L,Campeonato Europeu 2017
2017-08-26,2017,BUL,ESP,2784.82,2790.82,W,Campeonato Europeu 2017
2017-08-26,2017,ESP,BUL,2637.67,2628.67,L,Campeonato Europeu 2017
2017-08-27,2017,SVK,ITA,2534.25,2530.26,L,Campeonato Europeu 2017
2017-08-27,2017,ITA,SVK,2859.60,2862.27,W,Campeonato Europeu 2017
2017-08-27,2017,CZE,GER,2643.45,2634.69,L,Campeonato Europeu 2017
2017-08-27,2017,GER,CZE,2797.41,2806.16,W,Campeonato Europeu 2017
2017-08-27,2017,TUR,BEL,2547.14,2541.66,L,Campeonato Europeu 2017
2017-08-27,2017,BEL,TUR,2807.58,2811.23,W,Campeonato Europeu 2017
2017-08-27,2017,NED,FRA,2737.98,2732.88,L,Campeonato Europeu 2017
2017-08-27,2017,FRA,NED,3013.80,3016.34,W,Campeonato Europeu 2017
2017-08-28,2017,SRB,FIN,2923.93,2926.61,W,Campeonato Europeu 2017
2017-08-28,2017,FIN,SRB,2658.76,2653.40,L,Campeonato Europeu 2017
2017-08-28,2017,EST,POL,2654.56,2648.05,L,Campeonato Europeu 2017
2017-08-28,2017,POL,EST,2877.28,2881.62,W,Campeonato Europeu 2017
2017-08-28,2017,SVK,GER,2530.26,2525.17,L,Campeonato Europeu 2017
2017-08-28,2017,GER,SVK,2806.16,2811.25,W,Campeonato Europeu 2017
2017-08-28,2017,ITA,CZE,2862.27,2866.52,W,Campeonato Europeu 2017
2017-08-28,2017,CZE,ITA,2634.69,2628.32,L,Campeonato Europeu 2017
2017-08-28,2017,SLO,BUL,2747.98,2734.82,L,Campeonato Europeu 2017
2017-08-28,2017,BUL,SLO,2790.82,2799.60,W,Campeonato Europeu 2017
2017-08-28,2017,RUS,ESP,2899.92,2902.52,W,Campeonato Europeu 2017
2017-08-28,2017,ESP,RUS,2628.67,2623.47,L,Campeonato Europeu 2017
2017-08-28,2017,BEL,NED,2811.23,2819.01,W,Campeonato Europeu 2017
2017-08-28,2017,NED,BEL,2732.88,2721.21,L,Campeonato Europeu 2017
2017-08-28,2017,TUR,FRA,2541.66,2539.83,L,Campeonato Europeu 2017
2017-08-28,2017,FRA,TUR,3016.34,3017.26,W,Campeonato Europeu 2017
2017-08-30,2017,BUL,FIN,2799.60,2805.62,W,Campeonato Europeu 2017
2017-08-30,2017,FIN,BUL,2653.40,2644.37,L,Campeonato Europeu 2017
2017-08-30,2017,ITA,TUR,2866.52,2869.16,W,Campeonato Europeu 2017
2017-08-30,2017,TUR,ITA,2539.83,2535.86,L,Campeonato Europeu 2017
2017-08-30,2017,POL,SLO,2881.62,2867.63,L,Campeonato Europeu 2017
2017-08-30,2017,SLO,POL,2734.82,2755.80,W,Campeonato Europeu 2017
2017-08-30,2017,FRA,CZE,3017.26,3003.70,L,Campeonato Europeu 2017
2017-08-30,2017,CZE,FRA,2628.32,2655.43,W,Campeonato Europeu 2017
2017-08-31,2017,RUS,SLO,2902.52,2907.03,W,Campeonato Europeu 2017
2017-08-31,2017,SLO,RUS,2755.80,2746.78,L,Campeonato Europeu 2017
2017-08-31,2017,GER,CZE,2811.25,2819.94,W,Campeonato Europeu 2017
2017-08-31,2017,CZE,GER,2655.43,2646.74,L,Campeonato Europeu 2017
2017-08-31,2017,SRB,BUL,2926.61,2931.59,W,Campeonato Europeu 2017
2017-08-31,2017,BUL,SRB,2805.62,2800.63,L,Campeonato Europeu 2017
2017-08-31,2017,BEL,ITA,2819.01,2830.44,W,Campeonato Europeu 2017
2017-08-31,2017,ITA,BEL,2869.16,2860.59,L,Campeonato Europeu 2017
2017-09-02,2017,SRB,GER,2931.59,2921.76,L,Campeonato Europeu 2017
2017-09-02,2017,GER,SRB,2819.94,2839.60,W,Campeonato Europeu 2017
2017-09-02,2017,RUS,BEL,2907.03,2912.90,W,Campeonato Europeu 2017
2017-09-02,2017,BEL,RUS,2830.44,2824.57,L,Campeonato Europeu 2017
2017-09-03,2017,SRB,BEL,2921.76,2927.22,W,Campeonato Europeu 2017
2017-09-03,2017,BEL,SRB,2824.57,2819.12,L,Campeonato Europeu 2017
2017-09-03,2017,GER,RUS,2839.60,2829.70,L,Campeonato Europeu 2017
2017-09-03,2017,RUS,GER,2912.90,2918.85,W,Campeonato Europeu 2017
2017-09-12,2017,FRA,BRA,3003.70,2999.08,L,Grand Champions Cup 2017
2017-09-12,2017,BRA,FRA,3030.07,3034.69,W,Grand Champions Cup 2017
2017-09-12,2017,ITA,IRI,2860.59,2852.08,L,Grand Champions Cup 2017
2017-09-12,2017,IRI,ITA,2813.77,2819.44,W,Grand Champions Cup 2017
2017-09-12,2017,JPN,USA,2610.48,2606.95,L,Grand Champions Cup 2017
2017-09-12,2017,USA,JPN,2924.38,2926.49,W,Grand Champions Cup 2017
2017-09-13,2017,BRA,ITA,3034.69,3027.28,L,Grand Champions Cup 2017
2017-09-13,2017,ITA,BRA,2852.08,2863.20,W,Grand Champions Cup 2017
2017-09-13,2017,USA,IRI,2926.49,2916.75,L,Grand Champions Cup 2017
2017-09-13,2017,IRI,USA,2819.44,2825.93,W,Grand Champions Cup 2017
2017-09-13,2017,JPN,FRA,2606.95,2604.59,L,Grand Champions Cup 2017
2017-09-13,2017,FRA,JPN,2999.08,3000.03,W,Grand Champions Cup 2017
2017-09-15,2017,IRI,BRA,2825.93,2823.54,L,Grand Champions Cup 2017
2017-09-15,2017,BRA,IRI,3027.28,3029.67,W,Grand Champions Cup 2017
2017-09-15,2017,FRA,USA,3000.03,2993.85,L,Grand Champions Cup 2017
2017-09-15,2017,USA,FRA,2916.75,2926.02,W,Grand Champions Cup 2017
2017-09-15,2017,ITA,JPN,2863.20,2865.96,W,Grand Champions Cup 2017
2017-09-15,2017,JPN,ITA,2604.59,2600.90,L,Grand Champions Cup 2017
2017-09-16,2017,USA,BRA,2926.02,2920.69,L,Grand Champions Cup 2017
2017-09-16,2017,BRA,USA,3029.67,3033.22,W,Grand Champions Cup 2017
2017-09-16,2017,FRA,ITA,2993.85,2987.09,L,Grand Champions Cup 2017
2017-09-16,2017,ITA,FRA,2865.96,2872.72,W,Grand Champions Cup 2017
2017-09-16,2017,JPN,IRI,2600.90,2596.56,L,Grand Champions Cup 2017
2017-09-16,2017,IRI,JPN,2823.54,2825.72,W,Grand Champions Cup 2017
2017-09-17,2017,ITA,USA,2872.72,2878.41,W,Grand Champions Cup 2017
2017-09-17,2017,USA,ITA,2920.69,2915.01,L,Grand Champions Cup 2017
2017-09-17,2017,IRI,FRA,2825.72,2832.88,W,Grand Champions Cup 2017
2017-09-17,2017,FRA,IRI,2987.09,2979.92,L,Grand Champions Cup 2017
2017-09-17,2017,BRA,JPN,3033.22,3033.97,W,Grand Champions Cup 2017
2017-09-17,2017,JPN,BRA,2596.56,2595.06,L,Grand Champions Cup 2017
2017-09-26,2017,TTO,LCA,2390.00,2403.06,W,Campeonato NORCECA 2017
2017-09-26,2017,LCA,TTO,2344.87,2331.81,L,Campeonato NORCECA 2017
2017-09-26,2017,CRC,MTQ,2380.00,2395.86,W,Campeonato NORCECA 2017
2017-09-26,2017,MTQ,CRC,2400.00,2384.14,L,Campeonato NORCECA 2017
2017-09-26,2017,USA,GUA,2915.01,2915.37,W,Campeonato NORCECA 2017
2017-09-26,2017,GUA,USA,2347.91,2346.81,L,Campeonato NORCECA 2017
2017-09-26,2017,MEX,VIN,2472.21,2478.92,W,Campeonato NORCECA 2017
2017-09-26,2017,VIN,MEX,2256.00,2249.29,L,Campeonato NORCECA 2017
2017-09-27,2017,CAN,LCA,2860.86,2861.54,W,Campeonato NORCECA 2017
2017-09-27,2017,LCA,CAN,2331.81,2330.45,L,Campeonato NORCECA 2017
2017-09-27,2017,CRC,VIN,2395.86,2404.88,W,Campeonato NORCECA 2017
2017-09-27,2017,VIN,CRC,2249.29,2240.27,L,Campeonato NORCECA 2017
2017-09-27,2017,DOM,GUA,2440.67,2451.71,W,Campeonato NORCECA 2017
2017-09-27,2017,GUA,DOM,2346.81,2335.76,L,Campeonato NORCECA 2017
2017-09-27,2017,MEX,MTQ,2478.92,2489.92,W,Campeonato NORCECA 2017
2017-09-27,2017,MTQ,MEX,2384.14,2373.13,L,Campeonato NORCECA 2017
2017-09-28,2017,CAN,TTO,2861.54,2862.54,W,Campeonato NORCECA 2017
2017-09-28,2017,TTO,CAN,2403.06,2401.06,L,Campeonato NORCECA 2017
2017-09-28,2017,MTQ,VIN,2373.13,2382.66,W,Campeonato NORCECA 2017
2017-09-28,2017,VIN,MTQ,2240.27,2230.74,L,Campeonato NORCECA 2017
2017-09-28,2017,USA,DOM,2915.37,2916.02,W,Campeonato NORCECA 2017
2017-09-28,2017,DOM,USA,2451.71,2449.77,L,Campeonato NORCECA 2017
2017-09-28,2017,MEX,CRC,2489.92,2501.32,W,Campeonato NORCECA 2017
2017-09-28,2017,CRC,MEX,2404.88,2393.48,L,Campeonato NORCECA 2017
2017-09-29,2017,MTQ,VIN,2382.66,2391.49,W,Campeonato NORCECA 2017
2017-09-29,2017,VIN,MTQ,2230.74,2221.91,L,Campeonato NORCECA 2017
2017-09-29,2017,GUA,LCA,2335.76,2350.53,W,Campeonato NORCECA 2017
2017-09-29,2017,LCA,GUA,2330.45,2315.68,L,Campeonato NORCECA 2017
2017-09-29,2017,TTO,DOM,2401.06,2388.15,L,Campeonato NORCECA 2017
2017-09-29,2017,DOM,TTO,2449.77,2462.68,W,Campeonato NORCECA 2017
2017-09-29,2017,USA,CRC,2916.02,2916.49,W,Campeonato NORCECA 2017
2017-09-29,2017,CRC,USA,2393.48,2392.07,L,Campeonato NORCECA 2017
2017-09-30,2017,VIN,LCA,2221.91,2240.86,W,Campeonato NORCECA 2017
2017-09-30,2017,LCA,VIN,2315.68,2296.72,L,Campeonato NORCECA 2017
2017-09-30,2017,MTQ,TTO,2391.49,2376.34,L,Campeonato NORCECA 2017
2017-09-30,2017,TTO,MTQ,2388.15,2403.30,W,Campeonato NORCECA 2017
2017-09-30,2017,GUA,CRC,2350.53,2367.32,W,Campeonato NORCECA 2017
2017-09-30,2017,CRC,GUA,2392.07,2375.29,L,Campeonato NORCECA 2017
2017-09-30,2017,MEX,DOM,2501.32,2484.66,L,Campeonato NORCECA 2017
2017-09-30,2017,DOM,MEX,2462.68,2479.34,W,Campeonato NORCECA 2017
2017-09-30,2017,CAN,USA,2862.54,2856.19,L,Campeonato NORCECA 2017
2017-09-30,2017,USA,CAN,2916.49,2920.72,W,Campeonato NORCECA 2017
2017-10-01,2017,MTQ,CRC,2376.34,2388.81,W,Campeonato NORCECA 2017
2017-10-01,2017,CRC,MTQ,2375.29,2362.83,L,Campeonato NORCECA 2017
2017-10-01,2017,GUA,TTO,2367.32,2383.87,W,Campeonato NORCECA 2017
2017-10-01,2017,TTO,GUA,2403.30,2386.75,L,Campeonato NORCECA 2017
2017-10-01,2017,MEX,CAN,2484.66,2481.50,L,Campeonato NORCECA 2017
2017-10-01,2017,CAN,MEX,2856.19,2857.77,W,Campeonato NORCECA 2017
2017-10-01,2017,DOM,USA,2479.34,2477.15,L,Campeonato NORCECA 2017
2017-10-01,2017,USA,DOM,2920.72,2921.45,W,Campeonato NORCECA 2017
2017-10-22,2017,NIG,EGY,2400.00,2394.42,L,Campeonato Africano 2017
2017-10-22,2017,EGY,NIG,2656.30,2661.88,W,Campeonato Africano 2017
2017-10-22,2017,GHA,KEN,2281.00,2297.03,W,Campeonato Africano 2017
2017-10-22,2017,KEN,GHA,2304.99,2288.95,L,Campeonato Africano 2017
2017-10-22,2017,LBA,TUN,2284.63,2276.14,L,Campeonato Africano 2017
2017-10-22,2017,TUN,LBA,2446.00,2454.49,W,Campeonato Africano 2017
2017-10-22,2017,CHA,RWA,2400.00,2380.55,L,Campeonato Africano 2017
2017-10-22,2017,RWA,CHA,2293.62,2313.08,W,Campeonato Africano 2017
2017-10-22,2017,ALG,BOT,2412.30,2417.78,W,Campeonato Africano 2017
2017-10-22,2017,BOT,ALG,2151.93,2146.45,L,Campeonato Africano 2017
2017-10-23,2017,COD,EGY,2353.00,2348.66,L,Campeonato Africano 2017
2017-10-23,2017,EGY,COD,2661.88,2666.22,W,Campeonato Africano 2017
2017-10-23,2017,LBA,GHA,2276.14,2292.04,W,Campeonato Africano 2017
2017-10-23,2017,GHA,LBA,2297.03,2281.13,L,Campeonato Africano 2017
2017-10-23,2017,TUN,KEN,2454.49,2462.84,W,Campeonato Africano 2017
2017-10-23,2017,KEN,TUN,2288.95,2280.60,L,Campeonato Africano 2017
2017-10-23,2017,MAR,CMR,2409.23,2398.29,L,Campeonato Africano 2017
2017-10-23,2017,CMR,MAR,2505.60,2516.54,W,Campeonato Africano 2017
2017-10-23,2017,ALG,CHA,2417.78,2431.18,W,Campeonato Africano 2017
2017-10-23,2017,CHA,ALG,2380.55,2367.15,L,Campeonato Africano 2017
2017-10-23,2017,BOT,RWA,2146.45,2138.14,L,Campeonato Africano 2017
2017-10-23,2017,RWA,BOT,2313.08,2321.39,W,Campeonato Africano 2017
2017-10-24,2017,NIG,COD,2394.42,2377.45,L,Campeonato Africano 2017
2017-10-24,2017,COD,NIG,2348.66,2365.63,W,Campeonato Africano 2017
2017-10-24,2017,GHA,TUN,2281.13,2273.33,L,Campeonato Africano 2017
2017-10-24,2017,TUN,GHA,2462.84,2470.64,W,Campeonato Africano 2017
2017-10-24,2017,KEN,LBA,2280.60,2296.10,W,Campeonato Africano 2017
2017-10-24,2017,LBA,KEN,2292.04,2276.54,L,Campeonato Africano 2017
2017-10-24,2017,NGR,MAR,2300.00,2289.13,L,Campeonato Africano 2017
2017-10-24,2017,MAR,NGR,2398.29,2409.15,W,Campeonato Africano 2017
2017-10-24,2017,RWA,ALG,2321.39,2310.98,L,Campeonato Africano 2017
2017-10-24,2017,ALG,RWA,2431.18,2441.59,W,Campeonato Africano 2017
2017-10-24,2017,CHA,BOT,2367.15,2343.48,L,Campeonato Africano 2017
2017-10-24,2017,BOT,CHA,2138.14,2161.81,W,Campeonato Africano 2017
2017-10-25,2017,CMR,NGR,2516.54,2522.92,W,Campeonato Africano 2017
2017-10-25,2017,NGR,CMR,2289.13,2282.75,L,Campeonato Africano 2017
2017-10-26,2017,NIG,CHA,2377.45,2360.99,L,Campeonato Africano 2017
2017-10-26,2017,CHA,NIG,2343.48,2359.94,W,Campeonato Africano 2017
2017-10-26,2017,NGR,KEN,2282.75,2268.33,L,Campeonato Africano 2017
2017-10-26,2017,KEN,NGR,2296.10,2310.52,W,Campeonato Africano 2017
2017-10-26,2017,ALG,COD,2441.59,2453.36,W,Campeonato Africano 2017
2017-10-26,2017,COD,ALG,2365.63,2353.86,L,Campeonato Africano 2017
2017-10-26,2017,TUN,MAR,2470.64,2483.01,W,Campeonato Africano 2017
2017-10-26,2017,MAR,TUN,2409.15,2396.78,L,Campeonato Africano 2017
2017-10-26,2017,CMR,LBA,2522.92,2528.77,W,Campeonato Africano 2017
2017-10-26,2017,LBA,CMR,2276.54,2270.70,L,Campeonato Africano 2017
2017-10-26,2017,EGY,RWA,2666.22,2669.65,W,Campeonato Africano 2017
2017-10-26,2017,RWA,EGY,2310.98,2307.54,L,Campeonato Africano 2017
2017-10-27,2017,CHA,KEN,2359.94,2342.82,L,Campeonato Africano 2017
2017-10-27,2017,KEN,CHA,2310.52,2327.64,W,Campeonato Africano 2017
2017-10-27,2017,BOT,GHA,2161.81,2151.46,L,Campeonato Africano 2017
2017-10-27,2017,GHA,BOT,2273.33,2283.68,W,Campeonato Africano 2017
2017-10-27,2017,NIG,NGR,2360.99,2342.08,L,Campeonato Africano 2017
2017-10-27,2017,NGR,NIG,2268.33,2287.24,W,Campeonato Africano 2017
2017-10-27,2017,RWA,LBA,2307.54,2320.95,W,Campeonato Africano 2017
2017-10-27,2017,LBA,RWA,2270.70,2257.28,L,Campeonato Africano 2017
2017-10-27,2017,COD,MAR,2353.86,2340.70,L,Campeonato Africano 2017
2017-10-27,2017,MAR,COD,2396.78,2409.94,W,Campeonato Africano 2017
2017-10-27,2017,ALG,TUN,2453.36,2439.64,L,Campeonato Africano 2017
2017-10-27,2017,TUN,ALG,2483.01,2496.74,W,Campeonato Africano 2017
2017-10-27,2017,EGY,CMR,2669.65,2678.89,W,Campeonato Africano 2017
2017-10-27,2017,CMR,EGY,2528.77,2519.54,L,Campeonato Africano 2017
2017-10-28,2017,BOT,CHA,2151.46,2173.98,W,Campeonato Africano 2017
2017-10-28,2017,CHA,BOT,2342.82,2324.06,L,Campeonato Africano 2017
2017-10-28,2017,GHA,KEN,2283.68,2300.56,W,Campeonato Africano 2017
2017-10-28,2017,KEN,GHA,2327.64,2313.57,L,Campeonato Africano 2017
2017-10-29,2017,LBA,COD,2257.28,2272.73,W,Campeonato Africano 2017
2017-10-29,2017,COD,LBA,2340.70,2322.17,L,Campeonato Africano 2017
2017-10-29,2017,RWA,MAR,2320.95,2311.59,L,Campeonato Africano 2017
2017-10-29,2017,MAR,RWA,2409.94,2421.18,W,Campeonato Africano 2017
2017-10-29,2017,CMR,ALG,2519.54,2531.15,W,Campeonato Africano 2017
2017-10-29,2017,ALG,CMR,2439.64,2429.96,L,Campeonato Africano 2017
2017-10-29,2017,EGY,TUN,2678.89,2656.67,L,Campeonato Africano 2017
2017-10-29,2017,TUN,EGY,2496.74,2515.25,W,Campeonato Africano 2017
2018-05-19,2018,SWE,BEL,2333.73,2332.00,L,Liga Europeia 2018
2018-05-19,2018,BEL,SWE,2819.12,2820.85,W,Liga Europeia 2018
2018-05-19,2018,SVK,EST,2525.17,2515.26,L,Liga Europeia 2018
2018-05-19,2018,EST,SVK,2648.05,2657.95,W,Liga Europeia 2018
2018-05-19,2018,POR,ESP,2546.45,2564.73,W,Liga Europeia 2018
2018-05-19,2018,ESP,POR,2623.47,2605.20,L,Liga Europeia 2018
2018-05-19,2018,FIN,CZE,2644.37,2659.47,W,Liga Europeia 2018
2018-05-19,2018,CZE,FIN,2646.74,2631.64,L,Liga Europeia 2018
2018-05-19,2018,AUT,LAT,2387.14,2372.78,L,Liga Europeia 2018
2018-05-19,2018,LAT,AUT,2402.00,2416.36,W,Liga Europeia 2018
2018-05-19,2018,CRO,HUN,2456.17,2465.25,W,Liga Europeia 2018
2018-05-19,2018,HUN,CRO,2311.16,2302.08,L,Liga Europeia 2018
2018-05-20,2018,TUR,UKR,2535.86,2550.51,W,Liga Europeia 2018
2018-05-20,2018,UKR,TUR,2527.79,2513.14,L,Liga Europeia 2018
2018-05-20,2018,NED,SLO,2721.21,2737.31,W,Liga Europeia 2018
2018-05-20,2018,SLO,NED,2746.78,2730.68,L,Liga Europeia 2018
2018-05-20,2018,KOS,MKD,2400.00,2392.87,L,Liga Europeia 2018
2018-05-20,2018,MKD,KOS,2602.63,2609.75,W,Liga Europeia 2018
2018-05-20,2018,BLR,ALB,2412.84,2423.24,W,Liga Europeia 2018
2018-05-20,2018,ALB,BLR,2302.78,2292.37,L,Liga Europeia 2018
2018-05-23,2018,SVK,SWE,2515.26,2523.01,W,Liga Europeia 2018
2018-05-23,2018,SWE,SVK,2332.00,2324.25,L,Liga Europeia 2018
2018-05-23,2018,EST,BEL,2657.95,2679.51,W,Liga Europeia 2018
2018-05-23,2018,BEL,EST,2820.85,2799.29,L,Liga Europeia 2018
2018-05-23,2018,TUR,NED,2550.51,2572.88,W,Liga Europeia 2018
2018-05-23,2018,NED,TUR,2737.31,2714.95,L,Liga Europeia 2018
2018-05-23,2018,UKR,SLO,2513.14,2536.47,W,Liga Europeia 2018
2018-05-23,2018,SLO,UKR,2730.68,2707.35,L,Liga Europeia 2018
2018-05-23,2018,CZE,FIN,2631.64,2617.84,L,Liga Europeia 2018
2018-05-23,2018,FIN,CZE,2659.47,2673.27,W,Liga Europeia 2018
2018-05-23,2018,ESP,POR,2605.20,2618.46,W,Liga Europeia 2018
2018-05-23,2018,POR,ESP,2564.73,2551.46,L,Liga Europeia 2018
2018-05-23,2018,KOS,AUT,2392.87,2377.01,L,Liga Europeia 2018
2018-05-23,2018,AUT,KOS,2372.78,2388.65,W,Liga Europeia 2018
2018-05-23,2018,LAT,MKD,2416.36,2438.94,W,Liga Europeia 2018
2018-05-23,2018,MKD,LAT,2609.75,2587.17,L,Liga Europeia 2018
2018-05-23,2018,HUN,ALB,2302.08,2286.66,L,Liga Europeia 2018
2018-05-23,2018,ALB,HUN,2292.37,2307.79,W,Liga Europeia 2018
2018-05-23,2018,BLR,CRO,2423.24,2410.05,L,Liga Europeia 2018
2018-05-23,2018,CRO,BLR,2465.25,2478.45,W,Liga Europeia 2018
2018-05-25,2018,AUS,JPN,2588.68,2573.96,L,Nations League 2018
2018-05-25,2018,JPN,AUS,2595.06,2609.78,W,Nations League 2018
2018-05-25,2018,FRA,IRI,2979.92,2988.93,W,Nations League 2018
2018-05-25,2018,IRI,FRA,2832.88,2823.88,L,Nations League 2018
2018-05-25,2018,ARG,USA,2805.90,2795.72,L,Nations League 2018
2018-05-25,2018,USA,ARG,2921.45,2931.64,W,Nations League 2018
2018-05-25,2018,CHN,BUL,2693.72,2683.19,L,Nations League 2018
2018-05-25,2018,BUL,CHN,2800.63,2811.16,W,Nations League 2018
2018-05-25,2018,POL,KOR,2867.63,2873.08,W,Nations League 2018
2018-05-25,2018,KOR,POL,2606.26,2600.81,L,Nations League 2018
2018-05-25,2018,RUS,CAN,2918.85,2931.24,W,Nations League 2018
2018-05-25,2018,CAN,RUS,2857.77,2845.38,L,Nations League 2018
2018-05-25,2018,GER,ITA,2829.70,2816.79,L,Nations League 2018
2018-05-25,2018,ITA,GER,2878.41,2891.32,W,Nations League 2018
2018-05-25,2018,SRB,BRA,2927.22,2916.69,L,Nations League 2018
2018-05-25,2018,BRA,SRB,3033.97,3044.50,W,Nations League 2018
2018-05-26,2018,AUS,IRI,2573.96,2568.20,L,Nations League 2018
2018-05-26,2018,IRI,AUS,2823.88,2829.63,W,Nations League 2018
2018-05-26,2018,FRA,JPN,2988.93,2991.97,W,Nations League 2018
2018-05-26,2018,JPN,FRA,2609.78,2606.74,L,Nations League 2018
2018-05-26,2018,BUL,USA,2811.16,2801.16,L,Nations League 2018
2018-05-26,2018,USA,BUL,2931.64,2941.64,W,Nations League 2018
2018-05-26,2018,CHN,ARG,2683.19,2702.89,W,Nations League 2018
2018-05-26,2018,ARG,CHN,2795.72,2776.02,L,Nations League 2018
2018-05-26,2018,POL,RUS,2873.08,2890.57,W,Nations League 2018
2018-05-26,2018,RUS,POL,2931.24,2913.75,L,Nations League 2018
2018-05-26,2018,CAN,KOR,2845.38,2851.28,W,Nations League 2018
2018-05-26,2018,KOR,CAN,2600.81,2594.91,L,Nations League 2018
2018-05-26,2018,ITA,BRA,2891.32,2912.54,W,Nations League 2018
2018-05-26,2018,BRA,ITA,3044.50,3023.29,L,Nations League 2018
2018-05-26,2018,GER,SRB,2816.79,2805.99,L,Nations League 2018
2018-05-26,2018,SRB,GER,2916.69,2927.49,W,Nations League 2018
2018-05-26,2018,EST,SWE,2679.51,2682.95,W,Liga Europeia 2018
2018-05-26,2018,SWE,EST,2324.25,2320.82,L,Liga Europeia 2018
2018-05-26,2018,BEL,SVK,2799.29,2804.37,W,Liga Europeia 2018
2018-05-26,2018,SVK,BEL,2523.01,2517.93,L,Liga Europeia 2018
2018-05-26,2018,NED,UKR,2714.95,2692.85,L,Liga Europeia 2018
2018-05-26,2018,UKR,NED,2536.47,2558.56,W,Liga Europeia 2018
2018-05-26,2018,FIN,POR,2673.27,2653.22,L,Liga Europeia 2018
2018-05-26,2018,POR,FIN,2551.46,2571.52,W,Liga Europeia 2018
2018-05-26,2018,CZE,ESP,2617.84,2632.86,W,Liga Europeia 2018
2018-05-26,2018,ESP,CZE,2618.46,2603.43,L,Liga Europeia 2018
2018-05-26,2018,LAT,KOS,2438.94,2451.30,W,Liga Europeia 2018
2018-05-26,2018,KOS,LAT,2377.01,2364.65,L,Liga Europeia 2018
2018-05-26,2018,CRO,ALB,2478.45,2486.62,W,Liga Europeia 2018
2018-05-26,2018,ALB,CRO,2307.79,2299.62,L,Liga Europeia 2018
2018-05-26,2018,BLR,HUN,2410.05,2419.93,W,Liga Europeia 2018
2018-05-26,2018,HUN,BLR,2286.66,2276.78,L,Liga Europeia 2018
2018-05-27,2018,IRI,JPN,2829.63,2806.14,L,Nations League 2018
2018-05-27,2018,JPN,IRI,2606.74,2630.23,W,Nations League 2018
2018-05-27,2018,FRA,AUS,2991.97,2994.38,W,Nations League 2018
2018-05-27,2018,AUS,FRA,2568.20,2565.80,L,Nations League 2018
2018-05-27,2018,BUL,ARG,2801.16,2815.08,W,Nations League 2018
2018-05-27,2018,ARG,BUL,2776.02,2762.11,L,Nations League 2018
2018-05-27,2018,CHN,USA,2702.89,2696.83,L,Nations League 2018
2018-05-27,2018,USA,CHN,2941.64,2947.69,W,Nations League 2018
2018-05-27,2018,POL,CAN,2890.57,2903.88,W,Nations League 2018
2018-05-27,2018,CAN,POL,2851.28,2837.97,L,Nations League 2018
2018-05-27,2018,KOR,RUS,2594.91,2590.78,L,Nations League 2018
2018-05-27,2018,RUS,KOR,2913.75,2917.88,W,Nations League 2018
2018-05-27,2018,BRA,GER,3023.29,3029.96,W,Nations League 2018
2018-05-27,2018,GER,BRA,2805.99,2799.31,L,Nations League 2018
2018-05-27,2018,ITA,SRB,2912.54,2928.18,W,Nations League 2018
2018-05-27,2018,SRB,ITA,2927.49,2911.84,L,Nations League 2018
2018-05-27,2018,SLO,TUR,2707.35,2686.82,L,Liga Europeia 2018
2018-05-27,2018,TUR,SLO,2572.88,2593.41,W,Liga Europeia 2018
2018-05-27,2018,MKD,AUT,2587.17,2564.42,L,Liga Europeia 2018
2018-05-27,2018,AUT,MKD,2388.65,2411.40,W,Liga Europeia 2018
2018-05-30,2018,SVK,BEL,2517.93,2513.09,L,Liga Europeia 2018
2018-05-30,2018,BEL,SVK,2804.37,2809.21,W,Liga Europeia 2018
2018-05-30,2018,SWE,EST,2320.82,2317.50,L,Liga Europeia 2018
2018-05-30,2018,EST,SWE,2682.95,2686.27,W,Liga Europeia 2018
2018-05-30,2018,TUR,SLO,2593.41,2612.35,W,Liga Europeia 2018
2018-05-30,2018,SLO,TUR,2686.82,2667.88,L,Liga Europeia 2018
2018-05-30,2018,UKR,NED,2558.56,2549.09,L,Liga Europeia 2018
2018-05-30,2018,NED,UKR,2692.85,2702.33,W,Liga Europeia 2018
2018-05-30,2018,CZE,POR,2632.86,2615.24,L,Liga Europeia 2018
2018-05-30,2018,POR,CZE,2571.52,2589.14,W,Liga Europeia 2018
2018-05-30,2018,FIN,ESP,2653.22,2666.08,W,Liga Europeia 2018
2018-05-30,2018,ESP,FIN,2603.43,2590.57,L,Liga Europeia 2018
2018-05-30,2018,KOS,LAT,2364.65,2353.32,L,Liga Europeia 2018
2018-05-30,2018,LAT,KOS,2451.30,2462.63,W,Liga Europeia 2018
2018-05-30,2018,AUT,MKD,2411.40,2432.61,W,Liga Europeia 2018
2018-05-30,2018,MKD,AUT,2564.42,2543.21,L,Liga Europeia 2018
2018-05-30,2018,HUN,CRO,2276.78,2269.88,L,Liga Europeia 2018
2018-05-30,2018,CRO,HUN,2486.62,2493.52,W,Liga Europeia 2018
2018-05-30,2018,ALB,BLR,2299.62,2289.62,L,Liga Europeia 2018
2018-05-30,2018,BLR,ALB,2419.93,2429.94,W,Liga Europeia 2018
2018-06-01,2018,AUS,RUS,2565.80,2562.30,L,Nations League 2018
2018-06-01,2018,RUS,AUS,2917.88,2921.37,W,Nations League 2018
2018-06-01,2018,BUL,SRB,2815.08,2804.15,L,Nations League 2018
2018-06-01,2018,SRB,BUL,2911.84,2922.77,W,Nations League 2018
2018-06-01,2018,JPN,USA,2630.23,2626.08,L,Nations League 2018
2018-06-01,2018,USA,JPN,2947.69,2951.85,W,Nations League 2018
2018-06-01,2018,BRA,KOR,3029.96,3032.18,W,Nations League 2018
2018-06-01,2018,KOR,BRA,2590.78,2588.56,L,Nations League 2018
2018-06-01,2018,CAN,ITA,2837.97,2856.78,W,Nations League 2018
2018-06-01,2018,ITA,CAN,2928.18,2909.37,L,Nations League 2018
2018-06-01,2018,ARG,IRI,2762.11,2749.00,L,Nations League 2018
2018-06-01,2018,IRI,ARG,2806.14,2819.25,W,Nations League 2018
2018-06-01,2018,POL,FRA,2903.88,2922.70,W,Nations League 2018
2018-06-01,2018,FRA,POL,2994.38,2975.56,L,Nations League 2018
2018-06-01,2018,CHN,GER,2696.83,2686.13,L,Nations League 2018
2018-06-01,2018,GER,CHN,2799.31,2810.01,W,Nations League 2018
2018-06-02,2018,RUS,SRB,2921.37,2906.43,L,Nations League 2018
2018-06-02,2018,SRB,RUS,2922.77,2937.71,W,Nations League 2018
2018-06-02,2018,BUL,AUS,2804.15,2780.12,L,Nations League 2018
2018-06-02,2018,AUS,BUL,2562.30,2586.33,W,Nations League 2018
2018-06-02,2018,BRA,JPN,3032.18,3034.82,W,Nations League 2018
2018-06-02,2018,JPN,BRA,2626.08,2623.44,L,Nations League 2018
2018-06-02,2018,KOR,USA,2588.56,2585.27,L,Nations League 2018
2018-06-02,2018,USA,KOR,2951.85,2955.15,W,Nations League 2018
2018-06-02,2018,IRI,ITA,2819.25,2808.06,L,Nations League 2018
2018-06-02,2018,ITA,IRI,2909.37,2920.57,W,Nations League 2018
2018-06-02,2018,ARG,CAN,2749.00,2738.51,L,Nations League 2018
2018-06-02,2018,CAN,ARG,2856.78,2867.27,W,Nations League 2018
2018-06-02,2018,POL,CHN,2922.70,2928.82,W,Nations League 2018
2018-06-02,2018,CHN,POL,2686.13,2680.01,L,Nations League 2018
2018-06-02,2018,GER,FRA,2810.01,2801.66,L,Nations League 2018
2018-06-02,2018,FRA,GER,2975.56,2983.90,W,Nations League 2018
2018-06-02,2018,SWE,SVK,2317.50,2340.15,W,Liga Europeia 2018
2018-06-02,2018,SVK,SWE,2513.09,2490.44,L,Liga Europeia 2018
2018-06-02,2018,NED,TUR,2702.33,2713.53,W,Liga Europeia 2018
2018-06-02,2018,TUR,NED,2612.35,2601.15,L,Liga Europeia 2018
2018-06-02,2018,AUT,KOS,2432.61,2444.24,W,Liga Europeia 2018
2018-06-02,2018,KOS,AUT,2353.32,2341.68,L,Liga Europeia 2018
2018-06-02,2018,ALB,HUN,2289.62,2273.77,L,Liga Europeia 2018
2018-06-02,2018,HUN,ALB,2269.88,2285.73,W,Liga Europeia 2018
2018-06-02,2018,CRO,BLR,2493.52,2475.81,L,Liga Europeia 2018
2018-06-02,2018,BLR,CRO,2429.94,2447.65,W,Liga Europeia 2018
2018-06-03,2018,SRB,AUS,2937.71,2940.63,W,Nations League 2018
2018-06-03,2018,AUS,SRB,2586.33,2583.41,L,Nations League 2018
2018-06-03,2018,BUL,RUS,2780.12,2771.97,L,Nations League 2018
2018-06-03,2018,RUS,BUL,2906.43,2914.58,W,Nations League 2018
2018-06-03,2018,KOR,JPN,2585.27,2574.13,L,Nations League 2018
2018-06-03,2018,JPN,KOR,2623.44,2634.57,W,Nations League 2018
2018-06-03,2018,BRA,USA,3034.82,3044.50,W,Nations League 2018
2018-06-03,2018,USA,BRA,2955.15,2945.47,L,Nations League 2018
2018-06-03,2018,IRI,CAN,2808.06,2797.67,L,Nations League 2018
2018-06-03,2018,CAN,IRI,2867.27,2877.66,W,Nations League 2018
2018-06-03,2018,ARG,ITA,2738.51,2757.02,W,Nations League 2018
2018-06-03,2018,ITA,ARG,2920.57,2902.06,L,Nations League 2018
2018-06-03,2018,POL,GER,2928.82,2911.94,L,Nations League 2018
2018-06-03,2018,GER,POL,2801.66,2818.54,W,Nations League 2018
2018-06-03,2018,FRA,CHN,2983.90,2962.61,L,Nations League 2018
2018-06-03,2018,CHN,FRA,2680.01,2701.31,W,Nations League 2018
2018-06-03,2018,BEL,EST,2809.21,2819.11,W,Liga Europeia 2018
2018-06-03,2018,EST,BEL,2686.27,2676.36,L,Liga Europeia 2018
2018-06-03,2018,SLO,UKR,2667.88,2677.94,W,Liga Europeia 2018
2018-06-03,2018,UKR,SLO,2549.09,2539.02,L,Liga Europeia 2018
2018-06-03,2018,ESP,CZE,2590.57,2576.63,L,Liga Europeia 2018
2018-06-03,2018,CZE,ESP,2615.24,2629.18,W,Liga Europeia 2018
2018-06-03,2018,POR,FIN,2589.14,2607.41,W,Liga Europeia 2018
2018-06-03,2018,FIN,POR,2666.08,2647.81,L,Liga Europeia 2018
2018-06-03,2018,MKD,LAT,2543.21,2524.80,L,Liga Europeia 2018
2018-06-03,2018,LAT,MKD,2462.63,2481.05,W,Liga Europeia 2018
2018-06-05,2018,HON,GUA,2281.00,2270.32,L,Campeonato NORCECA 2018
2018-06-05,2018,GUA,HON,2383.87,2394.55,W,Campeonato NORCECA 2018
2018-06-06,2018,GUA,USA,2394.55,2393.34,L,Campeonato NORCECA 2018
2018-06-06,2018,USA,GUA,2945.47,2946.47,W,Campeonato NORCECA 2018
2018-06-06,2018,CUB,HON,2703.18,2705.47,W,Campeonato NORCECA 2018
2018-06-06,2018,HON,CUB,2270.32,2268.02,L,Campeonato NORCECA 2018
2018-06-06,2018,PUR,NCA,2487.38,2491.81,W,Campeonato NORCECA 2018
2018-06-06,2018,NCA,PUR,2183.00,2178.57,L,Campeonato NORCECA 2018
2018-06-06,2018,EST,SVK,2676.36,2682.75,W,Liga Europeia 2018
2018-06-06,2018,SVK,EST,2490.44,2484.06,L,Liga Europeia 2018
2018-06-06,2018,BEL,SWE,2819.11,2795.60,L,Liga Europeia 2018
2018-06-06,2018,SWE,BEL,2340.15,2363.66,W,Liga Europeia 2018
2018-06-06,2018,UKR,TUR,2539.02,2553.74,W,Liga Europeia 2018
2018-06-06,2018,TUR,UKR,2601.15,2586.44,L,Liga Europeia 2018
2018-06-06,2018,SLO,NED,2677.94,2666.72,L,Liga Europeia 2018
2018-06-06,2018,NED,SLO,2713.53,2724.75,W,Liga Europeia 2018
2018-06-06,2018,POR,CZE,2607.41,2620.69,W,Liga Europeia 2018
2018-06-06,2018,CZE,POR,2629.18,2615.90,L,Liga Europeia 2018
2018-06-06,2018,ESP,FIN,2576.63,2591.65,W,Liga Europeia 2018
2018-06-06,2018,FIN,ESP,2647.81,2632.79,L,Liga Europeia 2018
2018-06-06,2018,LAT,AUT,2481.05,2492.23,W,Liga Europeia 2018
2018-06-06,2018,AUT,LAT,2444.24,2433.06,L,Liga Europeia 2018
2018-06-06,2018,MKD,KOS,2524.80,2531.26,W,Liga Europeia 2018
2018-06-06,2018,KOS,MKD,2341.68,2335.22,L,Liga Europeia 2018
2018-06-06,2018,HUN,BLR,2285.73,2278.67,L,Liga Europeia 2018
2018-06-06,2018,BLR,HUN,2447.65,2454.71,W,Liga Europeia 2018
2018-06-06,2018,ALB,CRO,2273.77,2267.81,L,Liga Europeia 2018
2018-06-06,2018,CRO,ALB,2475.81,2481.76,W,Liga Europeia 2018
2018-06-07,2018,CUB,GUA,2705.47,2709.74,W,Campeonato NORCECA 2018
2018-06-07,2018,GUA,CUB,2393.34,2389.08,L,Campeonato NORCECA 2018
2018-06-07,2018,HON,USA,2268.02,2267.43,L,Campeonato NORCECA 2018
2018-06-07,2018,USA,HON,2946.47,2946.97,W,Campeonato NORCECA 2018
2018-06-07,2018,CRC,NCA,2362.83,2370.54,W,Campeonato NORCECA 2018
2018-06-07,2018,NCA,CRC,2178.57,2170.85,L,Campeonato NORCECA 2018
2018-06-08,2018,GER,USA,2818.54,2835.47,W,Nations League 2018
2018-06-08,2018,USA,GER,2946.97,2930.05,L,Nations League 2018
2018-06-08,2018,CAN,AUS,2877.66,2881.54,W,Nations League 2018
2018-06-08,2018,AUS,CAN,2583.41,2579.53,L,Nations League 2018
2018-06-08,2018,ITA,POL,2902.06,2889.91,L,Nations League 2018
2018-06-08,2018,POL,ITA,2911.94,2924.08,W,Nations League 2018
2018-06-08,2018,CHN,IRI,2701.31,2692.19,L,Nations League 2018
2018-06-08,2018,IRI,CHN,2797.67,2806.79,W,Nations League 2018
2018-06-08,2018,RUS,BRA,2914.58,2906.54,L,Nations League 2018
2018-06-08,2018,BRA,RUS,3044.50,3052.54,W,Nations League 2018
2018-06-08,2018,ARG,SRB,2757.02,2750.57,L,Nations League 2018
2018-06-08,2018,SRB,ARG,2940.63,2947.08,W,Nations League 2018
2018-06-08,2018,FRA,KOR,2962.61,2965.02,W,Nations League 2018
2018-06-08,2018,KOR,FRA,2574.13,2571.72,L,Nations League 2018
2018-06-08,2018,USA,CUB,2930.05,2914.44,L,Campeonato NORCECA 2018
2018-06-08,2018,CUB,USA,2709.74,2733.15,W,Campeonato NORCECA 2018
2018-06-08,2018,CRC,PUR,2370.54,2360.57,L,Campeonato NORCECA 2018
2018-06-08,2018,PUR,CRC,2491.81,2501.78,W,Campeonato NORCECA 2018
2018-06-09,2018,JPN,BUL,2634.57,2626.77,L,Nations League 2018
2018-06-09,2018,BUL,JPN,2771.97,2779.77,W,Nations League 2018
2018-06-09,2018,USA,AUS,2914.44,2916.98,W,Nations League 2018
2018-06-09,2018,AUS,USA,2579.53,2576.36,L,Nations League 2018
2018-06-09,2018,CAN,GER,2881.54,2867.39,L,Nations League 2018
2018-06-09,2018,GER,CAN,2835.47,2849.61,W,Nations League 2018
2018-06-09,2018,ITA,BUL,2889.91,2898.58,W,Nations League 2018
2018-06-09,2018,BUL,ITA,2779.77,2771.11,L,Nations League 2018
2018-06-09,2018,IRI,BRA,2806.79,2801.90,L,Nations League 2018
2018-06-09,2018,BRA,IRI,3052.54,3057.42,W,Nations League 2018
2018-06-09,2018,RUS,CHN,2906.54,2912.18,W,Nations League 2018
2018-06-09,2018,CHN,RUS,2692.19,2686.55,L,Nations League 2018
2018-06-09,2018,FRA,ARG,2965.02,2970.66,W,Nations League 2018
2018-06-09,2018,ARG,FRA,2750.57,2744.93,L,Nations League 2018
2018-06-09,2018,KOR,SRB,2571.72,2569.14,L,Nations League 2018
2018-06-09,2018,SRB,KOR,2947.08,2949.66,W,Nations League 2018
2018-06-09,2018,CRC,GUA,2360.57,2346.80,L,Campeonato NORCECA 2018
2018-06-09,2018,GUA,CRC,2389.08,2402.85,W,Campeonato NORCECA 2018
2018-06-09,2018,USA,NCA,2916.98,2917.25,W,Campeonato NORCECA 2018
2018-06-09,2018,NCA,USA,2170.85,2170.45,L,Campeonato NORCECA 2018
2018-06-09,2018,CUB,GUA,2733.15,2737.05,W,Campeonato NORCECA 2018
2018-06-09,2018,GUA,CUB,2402.85,2398.95,L,Campeonato NORCECA 2018
2018-06-09,2018,PUR,USA,2501.78,2499.27,L,Campeonato NORCECA 2018
2018-06-09,2018,USA,PUR,2917.25,2918.92,W,Campeonato NORCECA 2018
2018-06-10,2018,JPN,POL,2626.77,2622.94,L,Nations League 2018
2018-06-10,2018,POL,JPN,2924.08,2927.91,W,Nations League 2018
2018-06-10,2018,AUS,GER,2576.36,2597.06,W,Nations League 2018
2018-06-10,2018,GER,AUS,2849.61,2828.91,L,Nations League 2018
2018-06-10,2018,CAN,USA,2867.39,2856.73,L,Nations League 2018
2018-06-10,2018,USA,CAN,2918.92,2925.32,W,Nations League 2018
2018-06-10,2018,BUL,POL,2771.11,2763.90,L,Nations League 2018
2018-06-10,2018,POL,BUL,2927.91,2935.12,W,Nations League 2018
2018-06-10,2018,JPN,ITA,2622.94,2643.70,W,Nations League 2018
2018-06-10,2018,ITA,JPN,2898.58,2877.82,L,Nations League 2018
2018-06-10,2018,CHN,BRA,2686.55,2683.91,L,Nations League 2018
2018-06-10,2018,BRA,CHN,3057.42,3060.07,W,Nations League 2018
2018-06-10,2018,RUS,IRI,2912.18,2920.84,W,Nations League 2018
2018-06-10,2018,IRI,RUS,2801.90,2793.24,L,Nations League 2018
2018-06-10,2018,KOR,ARG,2569.14,2562.47,L,Nations League 2018
2018-06-10,2018,ARG,KOR,2744.93,2751.60,W,Nations League 2018
2018-06-10,2018,FRA,SRB,2970.66,2982.40,W,Nations League 2018
2018-06-10,2018,SRB,FRA,2949.66,2937.92,L,Nations League 2018
2018-06-10,2018,CRC,NCA,2346.80,2324.78,L,Campeonato NORCECA 2018
2018-06-10,2018,NCA,CRC,2170.45,2192.47,W,Campeonato NORCECA 2018
2018-06-10,2018,GUA,PUR,2398.95,2389.96,L,Campeonato NORCECA 2018
2018-06-10,2018,PUR,GUA,2499.27,2510.05,W,Campeonato NORCECA 2018
2018-06-10,2018,CUB,USA,2737.05,2759.47,W,Campeonato NORCECA 2018
2018-06-10,2018,USA,CUB,2925.32,2914.11,L,Campeonato NORCECA 2018
2018-06-13,2018,EST,POR,2682.75,2693.04,W,Liga Europeia 2018
2018-06-13,2018,POR,EST,2620.69,2610.40,L,Liga Europeia 2018
2018-06-13,2018,TUR,CZE,2586.44,2575.00,L,Liga Europeia 2018
2018-06-13,2018,CZE,TUR,2615.90,2627.34,W,Liga Europeia 2018
2018-06-14,2018,POR,TUR,2610.40,2596.63,L,Liga Europeia 2018
2018-06-14,2018,TUR,POR,2575.00,2588.77,W,Liga Europeia 2018
2018-06-14,2018,EST,CZE,2693.04,2703.20,W,Liga Europeia 2018
2018-06-14,2018,CZE,EST,2627.34,2617.17,L,Liga Europeia 2018
2018-06-15,2018,CHN,ITA,2683.91,2678.97,L,Nations League 2018
2018-06-15,2018,ITA,CHN,2877.82,2882.76,W,Nations League 2018
2018-06-15,2018,KOR,AUS,2562.47,2553.46,L,Nations League 2018
2018-06-15,2018,AUS,KOR,2597.06,2606.07,W,Nations League 2018
2018-06-15,2018,GER,JPN,2828.91,2814.03,L,Nations League 2018
2018-06-15,2018,JPN,GER,2643.70,2658.58,W,Nations League 2018
2018-06-15,2018,RUS,ARG,2920.84,2926.32,W,Nations League 2018
2018-06-15,2018,ARG,RUS,2751.60,2746.12,L,Nations League 2018
2018-06-15,2018,POL,IRI,2935.12,2921.25,L,Nations League 2018
2018-06-15,2018,IRI,POL,2793.24,2807.11,W,Nations League 2018
2018-06-15,2018,USA,SRB,2914.11,2922.12,W,Nations League 2018
2018-06-15,2018,SRB,USA,2937.92,2927.23,L,Nations League 2018
2018-06-15,2018,CAN,BRA,2856.73,2872.00,W,Nations League 2018
2018-06-15,2018,BRA,CAN,3060.07,3044.80,L,Nations League 2018
2018-06-15,2018,BUL,FRA,2763.90,2759.47,L,Nations League 2018
2018-06-15,2018,FRA,BUL,2982.40,2986.83,W,Nations League 2018
2018-06-15,2018,BLR,LAT,2454.71,2468.56,W,Liga Europeia 2018
2018-06-15,2018,LAT,BLR,2492.23,2478.38,L,Liga Europeia 2018
2018-06-15,2018,CRO,MKD,2481.76,2496.03,W,Liga Europeia 2018
2018-06-15,2018,MKD,CRO,2531.26,2516.99,L,Liga Europeia 2018
2018-06-16,2018,KOR,ITA,2553.46,2550.85,L,Nations League 2018
2018-06-16,2018,ITA,KOR,2882.76,2885.37,W,Nations League 2018
2018-06-16,2018,AUS,CHN,2606.07,2618.14,W,Nations League 2018
2018-06-16,2018,CHN,AUS,2678.97,2666.91,L,Nations League 2018
2018-06-16,2018,GER,ARG,2814.03,2822.10,W,Nations League 2018
2018-06-16,2018,ARG,GER,2746.12,2738.05,L,Nations League 2018
2018-06-16,2018,RUS,JPN,2926.32,2929.85,W,Nations League 2018
2018-06-16,2018,JPN,RUS,2658.58,2655.05,L,Nations League 2018
2018-06-16,2018,IRI,SRB,2807.11,2800.44,L,Nations League 2018
2018-06-16,2018,SRB,IRI,2927.23,2933.91,W,Nations League 2018
2018-06-16,2018,USA,POL,2922.12,2929.60,W,Nations League 2018
2018-06-16,2018,POL,USA,2921.25,2911.27,L,Nations League 2018
2018-06-16,2018,FRA,BRA,2986.83,2998.48,W,Nations League 2018
2018-06-16,2018,BRA,FRA,3044.80,3033.15,L,Nations League 2018
2018-06-16,2018,BUL,CAN,2759.47,2772.60,W,Nations League 2018
2018-06-16,2018,CAN,BUL,2872.00,2858.87,L,Nations League 2018
2018-06-16,2018,LAT,MKD,2478.38,2492.27,W,Liga Europeia 2018
2018-06-16,2018,MKD,LAT,2516.99,2503.10,L,Liga Europeia 2018
2018-06-16,2018,BLR,CRO,2468.56,2457.04,L,Liga Europeia 2018
2018-06-16,2018,CRO,BLR,2496.03,2507.54,W,Liga Europeia 2018
2018-06-17,2018,ITA,AUS,2885.37,2868.90,L,Nations League 2018
2018-06-17,2018,AUS,ITA,2618.14,2634.60,W,Nations League 2018
2018-06-17,2018,KOR,CHN,2550.85,2564.07,W,Nations League 2018
2018-06-17,2018,CHN,KOR,2666.91,2653.68,L,Nations League 2018
2018-06-17,2018,ARG,JPN,2738.05,2725.70,L,Nations League 2018
2018-06-17,2018,JPN,ARG,2655.05,2667.39,W,Nations League 2018
2018-06-17,2018,GER,RUS,2822.10,2815.11,L,Nations League 2018
2018-06-17,2018,RUS,GER,2929.85,2936.84,W,Nations League 2018
2018-06-17,2018,POL,SRB,2911.27,2901.92,L,Nations League 2018
2018-06-17,2018,SRB,POL,2933.91,2943.26,W,Nations League 2018
2018-06-17,2018,USA,IRI,2929.60,2932.83,W,Nations League 2018
2018-06-17,2018,IRI,USA,2800.44,2793.99,L,Nations League 2018
2018-06-17,2018,FRA,CAN,2998.48,3004.67,W,Nations League 2018
2018-06-17,2018,CAN,FRA,2858.87,2852.68,L,Nations League 2018
2018-06-17,2018,BUL,BRA,2772.60,2788.95,W,Nations League 2018
2018-06-17,2018,BRA,BUL,3033.15,3016.80,L,Nations League 2018
2018-06-20,2018,CUB,CZE,2759.47,2742.12,L,Challenger Cup 2018
2018-06-20,2018,CZE,CUB,2617.17,2634.53,W,Challenger Cup 2018
2018-06-20,2018,POR,EST,2596.63,2612.85,W,Challenger Cup 2018
2018-06-20,2018,EST,POR,2703.20,2686.98,L,Challenger Cup 2018
2018-06-21,2018,EST,KAZ,2686.98,2693.83,W,Challenger Cup 2018
2018-06-21,2018,KAZ,EST,2517.72,2509.50,L,Challenger Cup 2018
2018-06-21,2018,CZE,CHI,2634.53,2640.85,W,Challenger Cup 2018
2018-06-21,2018,CHI,CZE,2446.26,2438.68,L,Challenger Cup 2018
2018-06-22,2018,POL,ARG,2901.92,2907.25,W,Nations League 2018
2018-06-22,2018,ARG,POL,2725.70,2720.38,L,Nations League 2018
2018-06-22,2018,AUS,BRA,2634.60,2632.61,L,Nations League 2018
2018-06-22,2018,BRA,AUS,3016.80,3018.79,W,Nations League 2018
2018-06-22,2018,CAN,SRB,2852.68,2845.23,L,Nations League 2018
2018-06-22,2018,SRB,CAN,2943.26,2950.71,W,Nations League 2018
2018-06-22,2018,CHN,JPN,2653.68,2664.08,W,Nations League 2018
2018-06-22,2018,JPN,CHN,2667.39,2657.00,L,Nations League 2018
2018-06-22,2018,BUL,GER,2788.95,2779.70,L,Nations League 2018
2018-06-22,2018,GER,BUL,2815.11,2824.35,W,Nations League 2018
2018-06-22,2018,IRI,KOR,2793.99,2798.20,W,Nations League 2018
2018-06-22,2018,KOR,IRI,2564.07,2559.87,L,Nations League 2018
2018-06-22,2018,USA,FRA,2932.83,2928.85,L,Nations League 2018
2018-06-22,2018,FRA,USA,3004.67,3012.63,W,Nations League 2018
2018-06-22,2018,ITA,RUS,2868.90,2860.84,L,Nations League 2018
2018-06-22,2018,RUS,ITA,2936.84,2944.91,W,Nations League 2018
2018-06-22,2018,CHI,CUB,2438.68,2434.22,L,Challenger Cup 2018
2018-06-22,2018,CUB,CHI,2742.12,2745.83,W,Challenger Cup 2018
2018-06-22,2018,KAZ,POR,2509.50,2498.84,L,Challenger Cup 2018
2018-06-22,2018,POR,KAZ,2612.85,2619.96,W,Challenger Cup 2018
2018-06-23,2018,AUS,ARG,2632.61,2626.96,L,Nations League 2018
2018-06-23,2018,ARG,AUS,2720.38,2726.03,W,Nations League 2018
2018-06-23,2018,BRA,POL,3018.79,3023.96,W,Nations League 2018
2018-06-23,2018,POL,BRA,2907.25,2902.08,L,Nations League 2018
2018-06-23,2018,JPN,SRB,2657.00,2654.66,L,Nations League 2018
2018-06-23,2018,SRB,JPN,2950.71,2953.04,W,Nations League 2018
2018-06-23,2018,CHN,CAN,2664.08,2660.17,L,Nations League 2018
2018-06-23,2018,CAN,CHN,2845.23,2849.14,W,Nations League 2018
2018-06-23,2018,GER,KOR,2824.35,2827.04,W,Nations League 2018
2018-06-23,2018,KOR,GER,2559.87,2557.18,L,Nations League 2018
2018-06-23,2018,IRI,BUL,2798.20,2805.30,W,Nations League 2018
2018-06-23,2018,BUL,IRI,2779.70,2772.60,L,Nations League 2018
2018-06-23,2018,USA,RUS,2928.85,2924.08,L,Nations League 2018
2018-06-23,2018,RUS,USA,2944.91,2952.07,W,Nations League 2018
2018-06-23,2018,ITA,FRA,2860.84,2871.42,W,Nations League 2018
2018-06-23,2018,FRA,ITA,3012.63,3002.04,L,Nations League 2018
2018-06-23,2018,CZE,EST,2640.85,2652.36,W,Challenger Cup 2018
2018-06-23,2018,EST,CZE,2693.83,2682.32,L,Challenger Cup 2018
2018-06-23,2018,POR,CUB,2619.96,2633.43,W,Challenger Cup 2018
2018-06-23,2018,CUB,POR,2745.83,2728.99,L,Challenger Cup 2018
2018-06-24,2018,BRA,ARG,3023.96,3011.25,L,Nations League 2018
2018-06-24,2018,ARG,BRA,2726.03,2738.74,W,Nations League 2018
2018-06-24,2018,AUS,POL,2626.96,2624.41,L,Nations League 2018
2018-06-24,2018,POL,AUS,2902.08,2904.63,W,Nations League 2018
2018-06-24,2018,JPN,CAN,2654.66,2650.97,L,Nations League 2018
2018-06-24,2018,CAN,JPN,2849.14,2852.83,W,Nations League 2018
2018-06-24,2018,CHN,SRB,2660.17,2657.82,L,Nations League 2018
2018-06-24,2018,SRB,CHN,2953.04,2955.39,W,Nations League 2018
2018-06-24,2018,BUL,KOR,2772.60,2775.97,W,Nations League 2018
2018-06-24,2018,KOR,BUL,2557.18,2553.82,L,Nations League 2018
2018-06-24,2018,IRI,GER,2805.30,2813.27,W,Nations League 2018
2018-06-24,2018,GER,IRI,2827.04,2819.07,L,Nations League 2018
2018-06-24,2018,FRA,RUS,3002.04,3008.47,W,Nations League 2018
2018-06-24,2018,RUS,FRA,2952.07,2945.64,L,Nations League 2018
2018-06-24,2018,ITA,USA,2871.42,2865.05,L,Nations League 2018
2018-06-24,2018,USA,ITA,2924.08,2928.32,W,Nations League 2018
2018-06-24,2018,EST,CUB,2682.32,2693.66,W,Challenger Cup 2018
2018-06-24,2018,CUB,EST,2728.99,2714.82,L,Challenger Cup 2018
2018-06-24,2018,CZE,POR,2652.36,2641.81,L,Challenger Cup 2018
2018-06-24,2018,POR,CZE,2633.43,2643.98,W,Challenger Cup 2018
2018-07-04,2018,RUS,POL,2945.64,2952.26,W,Nations League 2018
2018-07-04,2018,POL,RUS,2904.63,2898.01,L,Nations League 2018
2018-07-04,2018,FRA,BRA,3008.47,3016.03,W,Nations League 2018
2018-07-04,2018,BRA,FRA,3011.25,3003.69,L,Nations League 2018
2018-07-05,2018,USA,POL,2928.32,2932.89,W,Nations League 2018
2018-07-05,2018,POL,USA,2898.01,2891.16,L,Nations League 2018
2018-07-05,2018,SRB,BRA,2955.39,2948.92,L,Nations League 2018
2018-07-05,2018,BRA,SRB,3003.69,3010.16,W,Nations League 2018
2018-07-06,2018,RUS,USA,2952.26,2959.34,W,Nations League 2018
2018-07-06,2018,USA,RUS,2932.89,2928.17,L,Nations League 2018
2018-07-06,2018,FRA,SRB,3016.03,3022.10,W,Nations League 2018
2018-07-06,2018,SRB,FRA,2948.92,2942.85,L,Nations League 2018
2018-07-07,2018,FRA,USA,3022.10,3025.78,W,Nations League 2018
2018-07-07,2018,USA,FRA,2928.17,2924.49,L,Nations League 2018
2018-07-07,2018,RUS,BRA,2959.34,2965.06,W,Nations League 2018
2018-07-07,2018,BRA,RUS,3010.16,3004.43,L,Nations League 2018
2018-07-08,2018,USA,BRA,2924.49,2930.62,W,Nations League 2018
2018-07-08,2018,BRA,USA,3004.43,2998.30,L,Nations League 2018
2018-07-08,2018,FRA,RUS,3025.78,3019.92,L,Nations League 2018
2018-07-08,2018,RUS,FRA,2965.06,2970.93,W,Nations League 2018
2018-09-09,2018,BUL,FIN,2775.97,2780.54,W,Campeonato Mundial 2018
2018-09-09,2018,FIN,BUL,2632.79,2625.17,L,Campeonato Mundial 2018
2018-09-09,2018,ITA,JPN,2865.05,2868.43,W,Campeonato Mundial 2018
2018-09-09,2018,JPN,ITA,2650.97,2647.59,L,Campeonato Mundial 2018
2018-09-12,2018,FRA,CHN,3019.92,3021.02,W,Campeonato Mundial 2018
2018-09-12,2018,CHN,FRA,2657.82,2656.17,L,Campeonato Mundial 2018
2018-09-12,2018,CMR,TUN,2531.15,2545.46,W,Campeonato Mundial 2018
2018-09-12,2018,TUN,CMR,2515.25,2500.93,L,Campeonato Mundial 2018
2018-09-12,2018,NED,CAN,2724.75,2716.66,L,Campeonato Mundial 2018
2018-09-12,2018,CAN,NED,2852.83,2857.69,W,Campeonato Mundial 2018
2018-09-12,2018,IRI,PUR,2813.27,2815.49,W,Campeonato Mundial 2018
2018-09-12,2018,PUR,IRI,2510.05,2505.59,L,Campeonato Mundial 2018
2018-09-12,2018,DOM,SLO,2477.15,2469.61,L,Campeonato Mundial 2018
2018-09-12,2018,SLO,DOM,2666.72,2673.00,W,Campeonato Mundial 2018
2018-09-12,2018,AUS,RUS,2624.41,2622.61,L,Campeonato Mundial 2018
2018-09-12,2018,RUS,AUS,2970.93,2972.13,W,Campeonato Mundial 2018
2018-09-12,2018,BRA,EGY,2998.30,2999.53,W,Campeonato Mundial 2018
2018-09-12,2018,EGY,BRA,2656.67,2652.99,L,Campeonato Mundial 2018
2018-09-12,2018,CUB,POL,2714.82,2709.50,L,Campeonato Mundial 2018
2018-09-12,2018,POL,CUB,2891.16,2893.82,W,Campeonato Mundial 2018
2018-09-12,2018,BEL,ARG,2795.60,2806.07,W,Campeonato Mundial 2018
2018-09-12,2018,ARG,BEL,2738.74,2732.45,L,Campeonato Mundial 2018
2018-09-12,2018,USA,SRB,2930.62,2935.79,W,Campeonato Mundial 2018
2018-09-12,2018,SRB,USA,2942.85,2937.68,L,Campeonato Mundial 2018
2018-09-13,2018,EGY,CAN,2652.99,2645.93,L,Campeonato Mundial 2018
2018-09-13,2018,CAN,EGY,2857.69,2861.22,W,Campeonato Mundial 2018
2018-09-13,2018,PUR,POL,2505.59,2503.18,L,Campeonato Mundial 2018
2018-09-13,2018,POL,PUR,2893.82,2894.79,W,Campeonato Mundial 2018
2018-09-13,2018,DOM,JPN,2469.61,2461.68,L,Campeonato Mundial 2018
2018-09-13,2018,JPN,DOM,2647.59,2651.55,W,Campeonato Mundial 2018
2018-09-13,2018,AUS,USA,2622.61,2620.49,L,Campeonato Mundial 2018
2018-09-13,2018,USA,AUS,2935.79,2937.21,W,Campeonato Mundial 2018
2018-09-13,2018,BRA,FRA,2999.53,3004.84,W,Campeonato Mundial 2018
2018-09-13,2018,FRA,BRA,3021.02,3015.71,L,Campeonato Mundial 2018
2018-09-13,2018,IRI,BUL,2815.49,2822.24,W,Campeonato Mundial 2018
2018-09-13,2018,BUL,IRI,2780.54,2773.79,L,Campeonato Mundial 2018
2018-09-13,2018,ITA,BEL,2868.43,2874.60,W,Campeonato Mundial 2018
2018-09-13,2018,BEL,ITA,2806.07,2795.79,L,Campeonato Mundial 2018
2018-09-13,2018,CMR,SRB,2545.46,2542.62,L,Campeonato Mundial 2018
2018-09-13,2018,SRB,CMR,2937.68,2938.62,W,Campeonato Mundial 2018
2018-09-14,2018,CHN,NED,2656.17,2649.96,L,Campeonato Mundial 2018
2018-09-14,2018,NED,CHN,2716.66,2727.01,W,Campeonato Mundial 2018
2018-09-14,2018,FIN,CUB,2625.17,2640.64,W,Campeonato Mundial 2018
2018-09-14,2018,CUB,FIN,2709.50,2697.12,L,Campeonato Mundial 2018
2018-09-14,2018,JPN,SLO,2651.55,2646.86,L,Campeonato Mundial 2018
2018-09-14,2018,SLO,JPN,2673.00,2684.73,W,Campeonato Mundial 2018
2018-09-14,2018,AUS,CMR,2620.49,2624.39,W,Campeonato Mundial 2018
2018-09-14,2018,CMR,AUS,2542.62,2530.93,L,Campeonato Mundial 2018
2018-09-14,2018,FRA,EGY,3015.71,3016.78,W,Campeonato Mundial 2018
2018-09-14,2018,EGY,FRA,2645.93,2642.74,L,Campeonato Mundial 2018
2018-09-14,2018,BUL,PUR,2773.79,2775.53,W,Campeonato Mundial 2018
2018-09-14,2018,PUR,BUL,2503.18,2498.83,L,Campeonato Mundial 2018
2018-09-14,2018,ARG,DOM,2732.45,2735.06,W,Campeonato Mundial 2018
2018-09-14,2018,DOM,ARG,2461.68,2456.47,L,Campeonato Mundial 2018
2018-09-14,2018,RUS,TUN,2972.13,2972.75,W,Campeonato Mundial 2018
2018-09-14,2018,TUN,RUS,2500.93,2499.07,L,Campeonato Mundial 2018
2018-09-15,2018,CAN,CHN,2861.22,2863.50,W,Campeonato Mundial 2018
2018-09-15,2018,CHN,CAN,2649.96,2647.67,L,Campeonato Mundial 2018
2018-09-15,2018,CUB,IRI,2697.12,2690.57,L,Campeonato Mundial 2018
2018-09-15,2018,IRI,CUB,2822.24,2825.52,W,Campeonato Mundial 2018
2018-09-15,2018,BEL,SLO,2795.79,2779.43,L,Campeonato Mundial 2018
2018-09-15,2018,SLO,BEL,2684.73,2701.10,W,Campeonato Mundial 2018
2018-09-15,2018,SRB,TUN,2938.62,2939.36,W,Campeonato Mundial 2018
2018-09-15,2018,TUN,SRB,2499.07,2496.85,L,Campeonato Mundial 2018
2018-09-15,2018,NED,BRA,2727.01,2747.81,W,Campeonato Mundial 2018
2018-09-15,2018,BRA,NED,3004.84,2996.52,L,Campeonato Mundial 2018
2018-09-15,2018,POL,FIN,2894.79,2896.67,W,Campeonato Mundial 2018
2018-09-15,2018,FIN,POL,2640.64,2635.94,L,Campeonato Mundial 2018
2018-09-15,2018,ITA,ARG,2874.60,2877.69,W,Campeonato Mundial 2018
2018-09-15,2018,ARG,ITA,2735.06,2731.97,L,Campeonato Mundial 2018
2018-09-15,2018,USA,RUS,2937.21,2942.72,W,Campeonato Mundial 2018
2018-09-15,2018,RUS,USA,2972.75,2967.24,L,Campeonato Mundial 2018
2018-09-16,2018,CHN,EGY,2647.67,2642.60,L,Campeonato Mundial 2018
2018-09-16,2018,EGY,CHN,2642.74,2657.95,W,Campeonato Mundial 2018
2018-09-16,2018,PUR,FIN,2498.83,2491.02,L,Campeonato Mundial 2018
2018-09-16,2018,FIN,PUR,2635.94,2642.19,W,Campeonato Mundial 2018
2018-09-16,2018,JPN,BEL,2646.86,2643.68,L,Campeonato Mundial 2018
2018-09-16,2018,BEL,JPN,2779.43,2785.79,W,Campeonato Mundial 2018
2018-09-16,2018,CMR,USA,2530.93,2528.36,L,Campeonato Mundial 2018
2018-09-16,2018,USA,CMR,2942.72,2943.57,W,Campeonato Mundial 2018
2018-09-16,2018,NED,FRA,2747.81,2764.30,W,Campeonato Mundial 2018
2018-09-16,2018,FRA,NED,3016.78,3008.53,L,Campeonato Mundial 2018
2018-09-16,2018,CUB,BUL,2690.57,2682.97,L,Campeonato Mundial 2018
2018-09-16,2018,BUL,CUB,2775.53,2779.33,W,Campeonato Mundial 2018
2018-09-16,2018,DOM,ITA,2456.47,2454.03,L,Campeonato Mundial 2018
2018-09-16,2018,ITA,DOM,2877.69,2878.51,W,Campeonato Mundial 2018
2018-09-16,2018,SRB,AUS,2939.36,2940.76,W,Campeonato Mundial 2018
2018-09-16,2018,AUS,SRB,2624.39,2622.98,L,Campeonato Mundial 2018
2018-09-17,2018,EGY,NED,2657.95,2647.40,L,Campeonato Mundial 2018
2018-09-17,2018,NED,EGY,2764.30,2771.33,W,Campeonato Mundial 2018
2018-09-17,2018,CUB,PUR,2682.97,2686.70,W,Campeonato Mundial 2018
2018-09-17,2018,PUR,CUB,2491.02,2484.80,L,Campeonato Mundial 2018
2018-09-17,2018,BEL,DOM,2785.79,2788.37,W,Campeonato Mundial 2018
2018-09-17,2018,DOM,BEL,2454.03,2450.16,L,Campeonato Mundial 2018
2018-09-17,2018,RUS,CMR,2967.24,2967.98,W,Campeonato Mundial 2018
2018-09-17,2018,CMR,RUS,2528.36,2526.14,L,Campeonato Mundial 2018
2018-09-17,2018,BRA,CAN,2996.52,2999.69,W,Campeonato Mundial 2018
2018-09-17,2018,CAN,BRA,2863.50,2860.33,L,Campeonato Mundial 2018
2018-09-17,2018,IRI,POL,2825.52,2821.53,L,Campeonato Mundial 2018
2018-09-17,2018,POL,IRI,2896.67,2900.66,W,Campeonato Mundial 2018
2018-09-17,2018,ARG,SLO,2731.97,2736.53,W,Campeonato Mundial 2018
2018-09-17,2018,SLO,ARG,2701.10,2691.98,L,Campeonato Mundial 2018
2018-09-17,2018,AUS,TUN,2622.98,2626.24,W,Campeonato Mundial 2018
2018-09-17,2018,TUN,AUS,2496.85,2487.07,L,Campeonato Mundial 2018
2018-09-18,2018,CHN,BRA,2642.60,2641.47,L,Campeonato Mundial 2018
2018-09-18,2018,BRA,CHN,2999.69,3000.83,W,Campeonato Mundial 2018
2018-09-18,2018,FIN,IRI,2642.19,2636.94,L,Campeonato Mundial 2018
2018-09-18,2018,IRI,FIN,2821.53,2824.15,W,Campeonato Mundial 2018
2018-09-18,2018,JPN,ARG,2643.68,2649.98,W,Campeonato Mundial 2018
2018-09-18,2018,ARG,JPN,2736.53,2730.22,L,Campeonato Mundial 2018
2018-09-18,2018,USA,TUN,2943.57,2944.25,W,Campeonato Mundial 2018
2018-09-18,2018,TUN,USA,2487.07,2485.05,L,Campeonato Mundial 2018
2018-09-18,2018,CAN,FRA,2860.33,2857.34,L,Campeonato Mundial 2018
2018-09-18,2018,FRA,CAN,3008.53,3011.52,W,Campeonato Mundial 2018
2018-09-18,2018,BUL,POL,2779.33,2776.01,L,Campeonato Mundial 2018
2018-09-18,2018,POL,BUL,2900.66,2903.98,W,Campeonato Mundial 2018
2018-09-18,2018,ITA,SLO,2878.51,2881.05,W,Campeonato Mundial 2018
2018-09-18,2018,SLO,ITA,2691.98,2686.89,L,Campeonato Mundial 2018
2018-09-18,2018,SRB,RUS,2940.76,2946.16,W,Campeonato Mundial 2018
2018-09-18,2018,RUS,SRB,2967.98,2962.59,L,Campeonato Mundial 2018
2018-09-21,2018,USA,CAN,2944.25,2948.02,W,Campeonato Mundial 2018
2018-09-21,2018,CAN,USA,2857.34,2853.57,L,Campeonato Mundial 2018
2018-09-21,2018,SRB,FRA,2946.16,2952.09,W,Campeonato Mundial 2018
2018-09-21,2018,FRA,SRB,3011.52,3005.59,L,Campeonato Mundial 2018
2018-09-21,2018,NED,RUS,2771.33,2766.34,L,Campeonato Mundial 2018
2018-09-21,2018,RUS,NED,2962.59,2965.09,W,Campeonato Mundial 2018
2018-09-21,2018,BRA,AUS,3000.83,3001.86,W,Campeonato Mundial 2018
2018-09-21,2018,AUS,BRA,2626.24,2625.21,L,Campeonato Mundial 2018
2018-09-21,2018,BUL,IRI,2776.01,2781.70,W,Campeonato Mundial 2018
2018-09-21,2018,IRI,BUL,2824.15,2818.46,L,Campeonato Mundial 2018
2018-09-21,2018,POL,ARG,2903.98,2896.67,L,Campeonato Mundial 2018
2018-09-21,2018,ARG,POL,2730.22,2737.53,W,Campeonato Mundial 2018
2018-09-21,2018,ITA,FIN,2881.05,2883.02,W,Campeonato Mundial 2018
2018-09-21,2018,FIN,ITA,2636.94,2633.00,L,Campeonato Mundial 2018
2018-09-21,2018,BEL,SLO,2788.37,2775.53,L,Campeonato Mundial 2018
2018-09-21,2018,SLO,BEL,2686.89,2699.73,W,Campeonato Mundial 2018
2018-09-22,2018,IRI,CAN,2818.46,2813.97,L,Campeonato Mundial 2018
2018-09-22,2018,CAN,IRI,2853.57,2858.06,W,Campeonato Mundial 2018
2018-09-22,2018,SRB,ARG,2952.09,2954.34,W,Campeonato Mundial 2018
2018-09-22,2018,ARG,SRB,2737.53,2735.28,L,Campeonato Mundial 2018
2018-09-22,2018,NED,FIN,2766.34,2772.68,W,Campeonato Mundial 2018
2018-09-22,2018,FIN,NED,2633.00,2626.66,L,Campeonato Mundial 2018
2018-09-22,2018,AUS,BEL,2625.21,2622.24,L,Campeonato Mundial 2018
2018-09-22,2018,BEL,AUS,2775.53,2781.45,W,Campeonato Mundial 2018
2018-09-22,2018,BUL,USA,2781.70,2778.93,L,Campeonato Mundial 2018
2018-09-22,2018,USA,BUL,2948.02,2950.80,W,Campeonato Mundial 2018
2018-09-22,2018,POL,FRA,2896.67,2893.19,L,Campeonato Mundial 2018
2018-09-22,2018,FRA,POL,3005.59,3009.07,W,Campeonato Mundial 2018
2018-09-22,2018,RUS,ITA,2965.09,2968.93,W,Campeonato Mundial 2018
2018-09-22,2018,ITA,RUS,2883.02,2879.18,L,Campeonato Mundial 2018
2018-09-22,2018,SLO,BRA,2699.73,2696.74,L,Campeonato Mundial 2018
2018-09-22,2018,BRA,SLO,3001.86,3003.36,W,Campeonato Mundial 2018
2018-09-23,2018,USA,IRI,2950.80,2953.92,W,Campeonato Mundial 2018
2018-09-23,2018,IRI,USA,2813.97,2810.84,L,Campeonato Mundial 2018
2018-09-23,2018,FRA,ARG,3009.07,3010.78,W,Campeonato Mundial 2018
2018-09-23,2018,ARG,FRA,2735.28,2733.57,L,Campeonato Mundial 2018
2018-09-23,2018,RUS,FIN,2968.93,2970.15,W,Campeonato Mundial 2018
2018-09-23,2018,FIN,RUS,2626.66,2624.82,L,Campeonato Mundial 2018
2018-09-23,2018,SLO,AUS,2696.74,2687.66,L,Campeonato Mundial 2018
2018-09-23,2018,AUS,SLO,2622.24,2628.30,W,Campeonato Mundial 2018
2018-09-23,2018,BUL,CAN,2778.93,2775.04,L,Campeonato Mundial 2018
2018-09-23,2018,CAN,BUL,2858.06,2861.94,W,Campeonato Mundial 2018
2018-09-23,2018,POL,SRB,2893.19,2899.06,W,Campeonato Mundial 2018
2018-09-23,2018,SRB,POL,2954.34,2948.47,L,Campeonato Mundial 2018
2018-09-23,2018,ITA,NED,2879.18,2882.70,W,Campeonato Mundial 2018
2018-09-23,2018,NED,ITA,2772.68,2767.41,L,Campeonato Mundial 2018
2018-09-23,2018,BEL,BRA,2781.45,2778.18,L,Campeonato Mundial 2018
2018-09-23,2018,BRA,BEL,3003.36,3005.54,W,Campeonato Mundial 2018
2018-09-26,2018,BRA,RUS,3005.54,3010.03,W,Campeonato Mundial 2018
2018-09-26,2018,RUS,BRA,2970.15,2965.66,L,Campeonato Mundial 2018
2018-09-26,2018,ITA,SRB,2882.70,2878.63,L,Campeonato Mundial 2018
2018-09-26,2018,SRB,ITA,2948.47,2952.53,W,Campeonato Mundial 2018
2018-09-27,2018,USA,RUS,2953.92,2959.09,W,Campeonato Mundial 2018
2018-09-27,2018,RUS,USA,2965.66,2960.49,L,Campeonato Mundial 2018
2018-09-27,2018,POL,SRB,2899.06,2904.82,W,Campeonato Mundial 2018
2018-09-27,2018,SRB,POL,2952.53,2946.77,L,Campeonato Mundial 2018
2018-09-28,2018,BRA,USA,3010.03,3014.30,W,Campeonato Mundial 2018
2018-09-28,2018,USA,BRA,2959.09,2954.82,L,Campeonato Mundial 2018
2018-09-28,2018,ITA,POL,2878.63,2884.01,W,Campeonato Mundial 2018
2018-09-28,2018,POL,ITA,2904.82,2899.45,L,Campeonato Mundial 2018
2018-09-29,2018,BRA,SRB,3014.30,3018.34,W,Campeonato Mundial 2018
2018-09-29,2018,SRB,BRA,2946.77,2942.73,L,Campeonato Mundial 2018
2018-09-29,2018,POL,USA,2899.45,2905.24,W,Campeonato Mundial 2018
2018-09-29,2018,USA,POL,2954.82,2949.03,L,Campeonato Mundial 2018
2018-09-30,2018,SRB,USA,2942.73,2937.82,L,Campeonato Mundial 2018
2018-09-30,2018,USA,SRB,2949.03,2953.94,W,Campeonato Mundial 2018
2018-09-30,2018,BRA,POL,3018.34,3011.77,L,Campeonato Mundial 2018
2018-09-30,2018,POL,BRA,2905.24,2911.81,W,Campeonato Mundial 2018
2019-05-25,2019,NED,CRO,2767.41,2772.90,W,Liga Europeia 2019
2019-05-25,2019,CRO,NED,2507.54,2502.05,L,Liga Europeia 2019
2019-05-25,2019,ESP,EST,2591.65,2610.94,W,Liga Europeia 2019
2019-05-25,2019,EST,ESP,2693.66,2674.37,L,Liga Europeia 2019
2019-05-25,2019,FIN,UKR,2624.82,2606.79,L,Liga Europeia 2019
2019-05-25,2019,UKR,FIN,2553.74,2571.76,W,Liga Europeia 2019
2019-05-25,2019,HUN,BIH,2278.67,2293.77,W,Liga Europeia 2019
2019-05-25,2019,BIH,HUN,2281.00,2265.90,L,Liga Europeia 2019
2019-05-25,2019,AZE,ROU,2148.95,2144.74,L,Liga Europeia 2019
2019-05-25,2019,ROU,AZE,2463.83,2468.04,W,Liga Europeia 2019
2019-05-25,2019,DEN,GEO,2325.43,2335.74,W,Liga Europeia 2019
2019-05-25,2019,GEO,DEN,2213.00,2202.69,L,Liga Europeia 2019
2019-05-26,2019,TUR,LAT,2588.77,2599.70,W,Liga Europeia 2019
2019-05-26,2019,LAT,TUR,2492.27,2481.33,L,Liga Europeia 2019
2019-05-26,2019,BEL,SVK,2778.18,2782.84,W,Liga Europeia 2019
2019-05-26,2019,SVK,BEL,2484.06,2479.40,L,Liga Europeia 2019
2019-05-26,2019,BLR,CZE,2457.04,2479.35,W,Liga Europeia 2019
2019-05-26,2019,CZE,BLR,2641.81,2619.51,L,Liga Europeia 2019
2019-05-26,2019,AUT,GRE,2433.06,2454.17,W,Liga Europeia 2019
2019-05-26,2019,GRE,AUT,2583.25,2562.14,L,Liga Europeia 2019
2019-05-29,2019,LAT,SVK,2481.33,2466.25,L,Liga Europeia 2019
2019-05-29,2019,SVK,LAT,2479.40,2494.48,W,Liga Europeia 2019
2019-05-29,2019,BEL,TUR,2782.84,2760.59,L,Liga Europeia 2019
2019-05-29,2019,TUR,BEL,2599.70,2621.95,W,Liga Europeia 2019
2019-05-29,2019,CRO,EST,2502.05,2523.93,W,Liga Europeia 2019
2019-05-29,2019,EST,CRO,2674.37,2652.49,L,Liga Europeia 2019
2019-05-29,2019,ESP,NED,2610.94,2602.46,L,Liga Europeia 2019
2019-05-29,2019,NED,ESP,2772.90,2781.37,W,Liga Europeia 2019
2019-05-29,2019,BLR,FIN,2479.35,2499.61,W,Liga Europeia 2019
2019-05-29,2019,FIN,BLR,2606.79,2586.53,L,Liga Europeia 2019
2019-05-29,2019,CZE,UKR,2619.51,2632.46,W,Liga Europeia 2019
2019-05-29,2019,UKR,CZE,2571.76,2558.81,L,Liga Europeia 2019
2019-05-29,2019,GRE,HUN,2562.14,2567.41,W,Liga Europeia 2019
2019-05-29,2019,HUN,GRE,2293.77,2288.49,L,Liga Europeia 2019
2019-05-29,2019,BIH,AUT,2265.90,2258.32,L,Liga Europeia 2019
2019-05-29,2019,AUT,BIH,2454.17,2461.75,W,Liga Europeia 2019
2019-05-29,2019,ROU,DEN,2468.04,2477.59,W,Liga Europeia 2019
2019-05-29,2019,DEN,ROU,2335.74,2326.19,L,Liga Europeia 2019
2019-05-29,2019,GEO,AZE,2202.69,2185.21,L,Liga Europeia 2019
2019-05-29,2019,AZE,GEO,2144.74,2162.22,W,Liga Europeia 2019
2019-05-31,2019,IRI,ITA,2810.84,2828.95,W,Nations League 2019
2019-05-31,2019,ITA,IRI,2884.01,2865.90,L,Nations League 2019
2019-05-31,2019,CHN,GER,2641.47,2633.53,L,Nations League 2019
2019-05-31,2019,GER,CHN,2819.07,2827.01,W,Nations League 2019
2019-05-31,2019,CAN,BUL,2861.94,2843.27,L,Nations League 2019
2019-05-31,2019,BUL,CAN,2775.04,2793.72,W,Nations League 2019
2019-05-31,2019,ARG,POR,2733.57,2744.78,W,Nations League 2019
2019-05-31,2019,POR,ARG,2643.98,2632.76,L,Nations League 2019
2019-05-31,2019,USA,BRA,2953.94,2941.41,L,Nations League 2019
2019-05-31,2019,BRA,USA,3011.77,3024.30,W,Nations League 2019
2019-05-31,2019,POL,AUS,2911.81,2916.72,W,Nations League 2019
2019-05-31,2019,AUS,POL,2628.30,2623.39,L,Nations League 2019
2019-05-31,2019,SRB,JPN,2937.82,2912.62,L,Nations League 2019
2019-05-31,2019,JPN,SRB,2649.98,2675.18,W,Nations League 2019
2019-05-31,2019,FRA,RUS,3010.78,3023.63,W,Nations League 2019
2019-05-31,2019,RUS,FRA,2960.49,2947.64,L,Nations League 2019
2019-06-01,2019,ITA,GER,2865.90,2879.22,W,Nations League 2019
2019-06-01,2019,GER,ITA,2827.01,2813.68,L,Nations League 2019
2019-06-01,2019,CHN,IRI,2633.53,2626.18,L,Nations League 2019
2019-06-01,2019,IRI,CHN,2828.95,2836.31,W,Nations League 2019
2019-06-01,2019,CAN,POR,2843.27,2850.15,W,Nations League 2019
2019-06-01,2019,POR,CAN,2632.76,2625.88,L,Nations League 2019
2019-06-01,2019,ARG,BUL,2744.78,2761.88,W,Nations League 2019
2019-06-01,2019,BUL,ARG,2793.72,2776.62,L,Nations League 2019
2019-06-01,2019,BRA,AUS,3024.30,3027.01,W,Nations League 2019
2019-06-01,2019,AUS,BRA,2623.39,2620.68,L,Nations League 2019
2019-06-01,2019,USA,POL,2941.41,2925.35,L,Nations League 2019
2019-06-01,2019,POL,USA,2916.72,2932.78,W,Nations League 2019
2019-06-01,2019,JPN,RUS,2675.18,2670.00,L,Nations League 2019
2019-06-01,2019,RUS,JPN,2947.64,2952.82,W,Nations League 2019
2019-06-01,2019,SRB,FRA,2912.62,2902.26,L,Nations League 2019
2019-06-01,2019,FRA,SRB,3023.63,3033.99,W,Nations League 2019
2019-06-01,2019,LAT,BEL,2466.25,2491.59,W,Liga Europeia 2019
2019-06-01,2019,BEL,LAT,2760.59,2735.25,L,Liga Europeia 2019
2019-06-01,2019,SVK,TUR,2494.48,2484.75,L,Liga Europeia 2019
2019-06-01,2019,TUR,SVK,2621.95,2631.68,W,Liga Europeia 2019
2019-06-01,2019,CRO,ESP,2523.93,2512.27,L,Liga Europeia 2019
2019-06-01,2019,ESP,CRO,2602.46,2614.13,W,Liga Europeia 2019
2019-06-01,2019,BLR,UKR,2499.61,2517.14,W,Liga Europeia 2019
2019-06-01,2019,UKR,BLR,2558.81,2541.28,L,Liga Europeia 2019
2019-06-01,2019,CZE,FIN,2632.46,2645.49,W,Liga Europeia 2019
2019-06-01,2019,FIN,CZE,2586.53,2573.50,L,Liga Europeia 2019
2019-06-01,2019,GRE,AUT,2567.41,2577.99,W,Liga Europeia 2019
2019-06-01,2019,AUT,GRE,2461.75,2451.18,L,Liga Europeia 2019
2019-06-01,2019,ROU,GEO,2477.59,2482.29,W,Liga Europeia 2019
2019-06-01,2019,GEO,ROU,2185.21,2180.51,L,Liga Europeia 2019
2019-06-02,2019,GER,IRI,2813.68,2799.66,L,Nations League 2019
2019-06-02,2019,IRI,GER,2836.31,2850.33,W,Nations League 2019
2019-06-02,2019,CHN,ITA,2626.18,2620.51,L,Nations League 2019
2019-06-02,2019,ITA,CHN,2879.22,2884.89,W,Nations League 2019
2019-06-02,2019,POR,BUL,2625.88,2647.01,W,Nations League 2019
2019-06-02,2019,BUL,POR,2776.62,2755.49,L,Nations League 2019
2019-06-02,2019,ARG,CAN,2761.88,2750.61,L,Nations League 2019
2019-06-02,2019,CAN,ARG,2850.15,2861.42,W,Nations League 2019
2019-06-02,2019,AUS,USA,2620.68,2616.25,L,Nations League 2019
2019-06-02,2019,USA,AUS,2925.35,2929.78,W,Nations League 2019
2019-06-02,2019,BRA,POL,3027.01,3038.04,W,Nations League 2019
2019-06-02,2019,POL,BRA,2932.78,2921.75,L,Nations League 2019
2019-06-02,2019,JPN,FRA,2670.00,2666.72,L,Nations League 2019
2019-06-02,2019,FRA,JPN,3033.99,3037.28,W,Nations League 2019
2019-06-02,2019,RUS,SRB,2952.82,2965.65,W,Nations League 2019
2019-06-02,2019,SRB,RUS,2902.26,2889.43,L,Nations League 2019
2019-06-02,2019,EST,NED,2652.49,2672.81,W,Liga Europeia 2019
2019-06-02,2019,NED,EST,2781.37,2761.05,L,Liga Europeia 2019
2019-06-02,2019,BIH,HUN,2258.32,2274.61,W,Liga Europeia 2019
2019-06-02,2019,HUN,BIH,2288.49,2272.19,L,Liga Europeia 2019
2019-06-02,2019,DEN,AZE,2326.19,2334.59,W,Liga Europeia 2019
2019-06-02,2019,AZE,DEN,2162.22,2153.81,L,Liga Europeia 2019
2019-06-07,2019,FRA,POL,3037.28,3047.47,W,Nations League 2019
2019-06-07,2019,POL,FRA,2921.75,2911.56,L,Nations League 2019
2019-06-07,2019,CHN,BUL,2620.51,2641.06,W,Nations League 2019
2019-06-07,2019,BUL,CHN,2755.49,2734.94,L,Nations League 2019
2019-06-07,2019,ITA,USA,2884.89,2901.82,W,Nations League 2019
2019-06-07,2019,USA,ITA,2929.78,2912.85,L,Nations League 2019
2019-06-07,2019,RUS,POR,2965.65,2969.78,W,Nations League 2019
2019-06-07,2019,POR,RUS,2647.01,2642.87,L,Nations League 2019
2019-06-07,2019,BRA,IRI,3038.04,3045.64,W,Nations League 2019
2019-06-07,2019,IRI,BRA,2850.33,2842.73,L,Nations League 2019
2019-06-07,2019,JPN,ARG,2666.72,2685.27,W,Nations League 2019
2019-06-07,2019,ARG,JPN,2750.61,2732.06,L,Nations League 2019
2019-06-07,2019,GER,SRB,2799.66,2818.45,W,Nations League 2019
2019-06-07,2019,SRB,GER,2889.43,2870.64,L,Nations League 2019
2019-06-07,2019,CAN,AUS,2861.42,2867.30,W,Nations League 2019
2019-06-07,2019,AUS,CAN,2616.25,2610.37,L,Nations League 2019
2019-06-08,2019,POL,BUL,2911.56,2919.53,W,Nations League 2019
2019-06-08,2019,BUL,POL,2734.94,2726.97,L,Nations League 2019
2019-06-08,2019,CHN,FRA,2641.06,2638.42,L,Nations League 2019
2019-06-08,2019,FRA,CHN,3047.47,3050.10,W,Nations League 2019
2019-06-08,2019,ITA,POR,2901.82,2907.34,W,Nations League 2019
2019-06-08,2019,POR,ITA,2642.87,2637.36,L,Nations League 2019
2019-06-08,2019,RUS,USA,2969.78,2982.35,W,Nations League 2019
2019-06-08,2019,USA,RUS,2912.85,2900.28,L,Nations League 2019
2019-06-08,2019,ARG,IRI,2732.06,2721.68,L,Nations League 2019
2019-06-08,2019,IRI,ARG,2842.73,2853.11,W,Nations League 2019
2019-06-08,2019,JPN,BRA,2685.27,2681.92,L,Nations League 2019
2019-06-08,2019,BRA,JPN,3045.64,3048.99,W,Nations League 2019
2019-06-08,2019,SRB,AUS,2870.64,2876.12,W,Nations League 2019
2019-06-08,2019,AUS,SRB,2610.37,2604.89,L,Nations League 2019
2019-06-08,2019,CAN,GER,2867.30,2880.20,W,Nations League 2019
2019-06-08,2019,GER,CAN,2818.45,2805.54,L,Nations League 2019
2019-06-08,2019,TUR,SVK,2631.68,2640.69,W,Liga Europeia 2019
2019-06-08,2019,SVK,TUR,2484.75,2475.74,L,Liga Europeia 2019
2019-06-08,2019,BEL,LAT,2735.25,2711.17,L,Liga Europeia 2019
2019-06-08,2019,LAT,BEL,2491.59,2515.67,W,Liga Europeia 2019
2019-06-08,2019,EST,CRO,2672.81,2681.34,W,Liga Europeia 2019
2019-06-08,2019,CRO,EST,2512.27,2503.75,L,Liga Europeia 2019
2019-06-08,2019,CZE,BLR,2645.49,2655.19,W,Liga Europeia 2019
2019-06-08,2019,BLR,CZE,2517.14,2507.45,L,Liga Europeia 2019
2019-06-08,2019,UKR,FIN,2541.28,2557.67,W,Liga Europeia 2019
2019-06-08,2019,FIN,UKR,2573.50,2557.11,L,Liga Europeia 2019
2019-06-08,2019,HUN,GRE,2272.19,2267.79,L,Liga Europeia 2019
2019-06-08,2019,GRE,HUN,2577.99,2582.39,W,Liga Europeia 2019
2019-06-08,2019,GEO,DEN,2180.51,2171.76,L,Liga Europeia 2019
2019-06-08,2019,DEN,GEO,2334.59,2343.34,W,Liga Europeia 2019
2019-06-08,2019,ROU,AZE,2482.29,2486.22,W,Liga Europeia 2019
2019-06-08,2019,AZE,ROU,2153.81,2149.88,L,Liga Europeia 2019
2019-06-09,2019,BUL,FRA,2726.97,2748.60,W,Nations League 2019
2019-06-09,2019,FRA,BUL,3050.10,3028.47,L,Nations League 2019
2019-06-09,2019,CHN,POL,2638.42,2634.28,L,Nations League 2019
2019-06-09,2019,POL,CHN,2919.53,2923.67,W,Nations League 2019
2019-06-09,2019,POR,USA,2637.36,2632.85,L,Nations League 2019
2019-06-09,2019,USA,POR,2900.28,2904.79,W,Nations League 2019
2019-06-09,2019,RUS,ITA,2982.35,2992.19,W,Nations League 2019
2019-06-09,2019,ITA,RUS,2907.34,2897.49,L,Nations League 2019
2019-06-09,2019,ARG,BRA,2721.68,2718.38,L,Nations League 2019
2019-06-09,2019,BRA,ARG,3048.99,3052.29,W,Nations League 2019
2019-06-09,2019,JPN,IRI,2681.92,2675.13,L,Nations League 2019
2019-06-09,2019,IRI,JPN,2853.11,2859.90,W,Nations League 2019
2019-06-09,2019,AUS,GER,2604.89,2623.90,W,Nations League 2019
2019-06-09,2019,GER,AUS,2805.54,2786.53,L,Nations League 2019
2019-06-09,2019,CAN,SRB,2880.20,2867.56,L,Nations League 2019
2019-06-09,2019,SRB,CAN,2876.12,2888.76,W,Nations League 2019
2019-06-09,2019,NED,ESP,2761.05,2770.06,W,Liga Europeia 2019
2019-06-09,2019,ESP,NED,2614.13,2605.12,L,Liga Europeia 2019
2019-06-09,2019,AUT,BIH,2451.18,2459.15,W,Liga Europeia 2019
2019-06-09,2019,BIH,AUT,2274.61,2266.64,L,Liga Europeia 2019
2019-06-12,2019,TUR,BEL,2640.69,2658.69,W,Liga Europeia 2019
2019-06-12,2019,BEL,TUR,2711.17,2693.17,L,Liga Europeia 2019
2019-06-12,2019,SVK,LAT,2475.74,2462.46,L,Liga Europeia 2019
2019-06-12,2019,LAT,SVK,2515.67,2528.95,W,Liga Europeia 2019
2019-06-12,2019,ESP,CRO,2605.12,2585.86,L,Liga Europeia 2019
2019-06-12,2019,CRO,ESP,2503.75,2523.00,W,Liga Europeia 2019
2019-06-12,2019,NED,EST,2770.06,2781.31,W,Liga Europeia 2019
2019-06-12,2019,EST,NED,2681.34,2670.08,L,Liga Europeia 2019
2019-06-12,2019,FIN,BLR,2557.11,2539.98,L,Liga Europeia 2019
2019-06-12,2019,BLR,FIN,2507.45,2524.58,W,Liga Europeia 2019
2019-06-12,2019,UKR,CZE,2557.67,2576.77,W,Liga Europeia 2019
2019-06-12,2019,CZE,UKR,2655.19,2636.09,L,Liga Europeia 2019
2019-06-12,2019,GRE,BIH,2582.39,2586.58,W,Liga Europeia 2019
2019-06-12,2019,BIH,GRE,2266.64,2262.45,L,Liga Europeia 2019
2019-06-12,2019,AUT,HUN,2459.15,2466.63,W,Liga Europeia 2019
2019-06-12,2019,HUN,AUT,2267.79,2260.31,L,Liga Europeia 2019
2019-06-12,2019,AZE,GEO,2149.88,2165.82,W,Liga Europeia 2019
2019-06-12,2019,GEO,AZE,2171.76,2155.82,L,Liga Europeia 2019
2019-06-12,2019,DEN,ROU,2343.34,2334.19,L,Liga Europeia 2019
2019-06-12,2019,ROU,DEN,2486.22,2495.38,W,Liga Europeia 2019
2019-06-14,2019,BRA,SRB,3052.29,3034.30,L,Nations League 2019
2019-06-14,2019,SRB,BRA,2888.76,2906.75,W,Nations League 2019
2019-06-14,2019,POR,CHN,2632.85,2645.40,W,Nations League 2019
2019-06-14,2019,CHN,POR,2634.28,2621.73,L,Nations League 2019
2019-06-14,2019,JPN,ITA,2675.13,2669.69,L,Nations League 2019
2019-06-14,2019,ITA,JPN,2897.49,2902.93,W,Nations League 2019
2019-06-14,2019,BUL,AUS,2748.60,2756.80,W,Nations League 2019
2019-06-14,2019,AUS,BUL,2623.90,2615.70,L,Nations League 2019
2019-06-14,2019,RUS,POL,2992.19,3002.25,W,Nations League 2019
2019-06-14,2019,POL,RUS,2923.67,2913.60,L,Nations League 2019
2019-06-14,2019,IRI,CAN,2859.90,2872.68,W,Nations League 2019
2019-06-14,2019,CAN,IRI,2867.56,2854.78,L,Nations League 2019
2019-06-14,2019,USA,ARG,2904.79,2911.17,W,Nations League 2019
2019-06-14,2019,ARG,USA,2718.38,2712.01,L,Nations League 2019
2019-06-14,2019,FRA,GER,3028.47,3033.45,W,Nations League 2019
2019-06-14,2019,GER,FRA,2786.53,2781.56,L,Nations League 2019
2019-06-15,2019,BRA,CHN,3034.30,3036.43,W,Nations League 2019
2019-06-15,2019,CHN,BRA,2621.73,2619.61,L,Nations League 2019
2019-06-15,2019,POR,SRB,2645.40,2640.86,L,Nations League 2019
2019-06-15,2019,SRB,POR,2906.75,2911.29,W,Nations League 2019
2019-06-15,2019,AUS,ITA,2615.70,2611.69,L,Nations League 2019
2019-06-15,2019,ITA,AUS,2902.93,2906.95,W,Nations League 2019
2019-06-15,2019,BUL,JPN,2756.80,2741.23,L,Nations League 2019
2019-06-15,2019,JPN,BUL,2669.69,2685.26,W,Nations League 2019
2019-06-15,2019,RUS,CAN,3002.25,3009.75,W,Nations League 2019
2019-06-15,2019,CAN,RUS,2854.78,2847.29,L,Nations League 2019
2019-06-15,2019,IRI,POL,2872.68,2886.64,W,Nations League 2019
2019-06-15,2019,POL,IRI,2913.60,2899.64,L,Nations League 2019
2019-06-15,2019,USA,GER,2911.17,2919.21,W,Nations League 2019
2019-06-15,2019,GER,USA,2781.56,2773.52,L,Nations League 2019
2019-06-15,2019,FRA,ARG,3033.45,3011.84,L,Nations League 2019
2019-06-15,2019,ARG,FRA,2712.01,2733.62,W,Nations League 2019
2019-06-15,2019,SVK,BEL,2462.46,2482.22,W,Liga Europeia 2019
2019-06-15,2019,BEL,SVK,2693.17,2673.41,L,Liga Europeia 2019
2019-06-15,2019,CRO,NED,2523.00,2543.39,W,Liga Europeia 2019
2019-06-15,2019,NED,CRO,2781.31,2760.92,L,Liga Europeia 2019
2019-06-15,2019,EST,ESP,2670.08,2654.61,L,Liga Europeia 2019
2019-06-15,2019,ESP,EST,2585.86,2601.33,W,Liga Europeia 2019
2019-06-15,2019,UKR,BLR,2576.77,2587.41,W,Liga Europeia 2019
2019-06-15,2019,BLR,UKR,2524.58,2513.94,L,Liga Europeia 2019
2019-06-15,2019,FIN,CZE,2539.98,2530.85,L,Liga Europeia 2019
2019-06-15,2019,CZE,FIN,2636.09,2645.22,W,Liga Europeia 2019
2019-06-15,2019,HUN,AUT,2260.31,2254.46,L,Liga Europeia 2019
2019-06-15,2019,AUT,HUN,2466.63,2472.48,W,Liga Europeia 2019
2019-06-15,2019,BIH,GRE,2262.45,2259.10,L,Liga Europeia 2019
2019-06-15,2019,GRE,BIH,2586.58,2589.93,W,Liga Europeia 2019
2019-06-15,2019,GEO,ROU,2155.82,2152.71,L,Liga Europeia 2019
2019-06-15,2019,ROU,GEO,2495.38,2498.48,W,Liga Europeia 2019
2019-06-15,2019,AZE,DEN,2165.82,2158.95,L,Liga Europeia 2019
2019-06-15,2019,DEN,AZE,2334.19,2341.06,W,Liga Europeia 2019
2019-06-16,2019,CHN,SRB,2619.61,2615.68,L,Nations League 2019
2019-06-16,2019,SRB,CHN,2911.29,2915.22,W,Nations League 2019
2019-06-16,2019,POR,BRA,2640.86,2638.53,L,Nations League 2019
2019-06-16,2019,BRA,POR,3036.43,3038.76,W,Nations League 2019
2019-06-16,2019,JPN,AUS,2685.26,2695.15,W,Nations League 2019
2019-06-16,2019,AUS,JPN,2611.69,2601.80,L,Nations League 2019
2019-06-16,2019,ITA,BUL,2906.95,2913.90,W,Nations League 2019
2019-06-16,2019,BUL,ITA,2741.23,2734.28,L,Nations League 2019
2019-06-16,2019,POL,CAN,2899.64,2910.27,W,Nations League 2019
2019-06-16,2019,CAN,POL,2847.29,2836.66,L,Nations League 2019
2019-06-16,2019,IRI,RUS,2886.64,2903.40,W,Nations League 2019
2019-06-16,2019,RUS,IRI,3009.75,2992.99,L,Nations League 2019
2019-06-16,2019,ARG,GER,2733.62,2747.55,W,Nations League 2019
2019-06-16,2019,GER,ARG,2773.52,2759.59,L,Nations League 2019
2019-06-16,2019,FRA,USA,3011.84,2996.09,L,Nations League 2019
2019-06-16,2019,USA,FRA,2919.21,2934.96,W,Nations League 2019
2019-06-16,2019,LAT,TUR,2528.95,2520.91,L,Liga Europeia 2019
2019-06-16,2019,TUR,LAT,2658.69,2666.73,W,Liga Europeia 2019
2019-06-21,2019,CAN,CHN,2836.66,2841.04,W,Nations League 2019
2019-06-21,2019,CHN,CAN,2615.68,2611.30,L,Nations League 2019
2019-06-21,2019,USA,JPN,2934.96,2938.98,W,Nations League 2019
2019-06-21,2019,JPN,USA,2695.15,2691.13,L,Nations League 2019
2019-06-21,2019,POL,ARG,2910.27,2915.90,W,Nations League 2019
2019-06-21,2019,ARG,POL,2747.55,2741.91,L,Nations League 2019
2019-06-21,2019,ITA,SRB,2913.90,2923.94,W,Nations League 2019
2019-06-21,2019,SRB,ITA,2915.22,2905.18,L,Nations League 2019
2019-06-21,2019,FRA,AUS,2996.09,2997.96,W,Nations League 2019
2019-06-21,2019,AUS,FRA,2601.80,2599.92,L,Nations League 2019
2019-06-21,2019,IRI,POR,2903.40,2906.97,W,Nations League 2019
2019-06-21,2019,POR,IRI,2638.53,2634.96,L,Nations League 2019
2019-06-21,2019,GER,RUS,2759.59,2755.45,L,Nations League 2019
2019-06-21,2019,RUS,GER,2992.99,2997.13,W,Nations League 2019
2019-06-21,2019,BRA,BUL,3038.76,3041.71,W,Nations League 2019
2019-06-21,2019,BUL,BRA,2734.28,2731.32,L,Nations League 2019
2019-06-21,2019,NED,BLR,2760.92,2740.78,L,Liga Europeia 2019
2019-06-21,2019,BLR,NED,2513.94,2534.08,W,Liga Europeia 2019
2019-06-21,2019,TUR,EST,2666.73,2678.80,W,Liga Europeia 2019
2019-06-21,2019,EST,TUR,2654.61,2642.55,L,Liga Europeia 2019
2019-06-22,2019,CHN,JPN,2611.30,2603.56,L,Nations League 2019
2019-06-22,2019,JPN,CHN,2691.13,2698.87,W,Nations League 2019
2019-06-22,2019,USA,CAN,2938.98,2926.24,L,Nations League 2019
2019-06-22,2019,CAN,USA,2841.04,2853.78,W,Nations League 2019
2019-06-22,2019,POL,SRB,2915.90,2925.59,W,Nations League 2019
2019-06-22,2019,SRB,POL,2905.18,2895.49,L,Nations League 2019
2019-06-22,2019,ITA,ARG,2923.94,2909.13,L,Nations League 2019
2019-06-22,2019,ARG,ITA,2741.91,2756.72,W,Nations League 2019
2019-06-22,2019,FRA,POR,2997.96,3000.16,W,Nations League 2019
2019-06-22,2019,POR,FRA,2634.96,2632.75,L,Nations League 2019
2019-06-22,2019,IRI,AUS,2906.97,2909.89,W,Nations League 2019
2019-06-22,2019,AUS,IRI,2599.92,2597.01,L,Nations League 2019
2019-06-22,2019,BUL,RUS,2731.32,2727.76,L,Nations League 2019
2019-06-22,2019,RUS,BUL,2997.13,3000.69,W,Nations League 2019
2019-06-22,2019,BRA,GER,3041.71,3044.94,W,Nations League 2019
2019-06-22,2019,GER,BRA,2755.45,2752.22,L,Nations League 2019
2019-06-22,2019,NED,EST,2740.78,2749.84,W,Liga Europeia 2019
2019-06-22,2019,EST,NED,2642.55,2633.49,L,Liga Europeia 2019
2019-06-22,2019,BLR,TUR,2534.08,2526.51,L,Liga Europeia 2019
2019-06-22,2019,TUR,BLR,2678.80,2686.37,W,Liga Europeia 2019
2019-06-23,2019,CAN,JPN,2853.78,2859.60,W,Nations League 2019
2019-06-23,2019,JPN,CAN,2698.87,2693.06,L,Nations League 2019
2019-06-23,2019,USA,CHN,2926.24,2928.94,W,Nations League 2019
2019-06-23,2019,CHN,USA,2603.56,2600.86,L,Nations League 2019
2019-06-23,2019,ARG,SRB,2756.72,2770.52,W,Nations League 2019
2019-06-23,2019,SRB,ARG,2895.49,2881.70,L,Nations League 2019
2019-06-23,2019,ITA,POL,2909.13,2899.60,L,Nations League 2019
2019-06-23,2019,POL,ITA,2925.59,2935.12,W,Nations League 2019
2019-06-23,2019,POR,AUS,2632.75,2621.73,L,Nations League 2019
2019-06-23,2019,AUS,POR,2597.01,2608.03,W,Nations League 2019
2019-06-23,2019,IRI,FRA,2909.89,2902.43,L,Nations League 2019
2019-06-23,2019,FRA,IRI,3000.16,3007.62,W,Nations League 2019
2019-06-23,2019,GER,BUL,2752.22,2741.52,L,Nations League 2019
2019-06-23,2019,BUL,GER,2727.76,2738.47,W,Nations League 2019
2019-06-23,2019,BRA,RUS,3044.94,3053.67,W,Nations League 2019
2019-06-23,2019,RUS,BRA,3000.69,2991.96,L,Nations League 2019
2019-06-26,2019,GRE,ROU,2589.93,2574.22,L,Liga Europeia 2019
2019-06-26,2019,ROU,GRE,2498.48,2514.20,W,Liga Europeia 2019
2019-06-28,2019,CHN,ARG,2600.86,2595.38,L,Nations League 2019
2019-06-28,2019,ARG,CHN,2770.52,2775.99,W,Nations League 2019
2019-06-28,2019,AUS,RUS,2608.03,2606.05,L,Nations League 2019
2019-06-28,2019,RUS,AUS,2991.96,2993.94,W,Nations League 2019
2019-06-28,2019,ITA,CAN,2899.60,2888.46,L,Nations League 2019
2019-06-28,2019,CAN,ITA,2859.60,2870.75,W,Nations League 2019
2019-06-28,2019,BRA,FRA,3053.67,3062.35,W,Nations League 2019
2019-06-28,2019,FRA,BRA,3007.62,2998.94,L,Nations League 2019
2019-06-28,2019,IRI,SRB,2902.43,2911.83,W,Nations League 2019
2019-06-28,2019,SRB,IRI,2881.70,2872.29,L,Nations League 2019
2019-06-28,2019,BUL,USA,2738.47,2753.46,W,Nations League 2019
2019-06-28,2019,USA,BUL,2928.94,2913.94,L,Nations League 2019
2019-06-28,2019,POL,JPN,2935.12,2939.10,W,Nations League 2019
2019-06-28,2019,JPN,POL,2693.06,2689.08,L,Nations League 2019
2019-06-28,2019,GER,POR,2741.52,2748.20,W,Nations League 2019
2019-06-28,2019,POR,GER,2621.73,2615.05,L,Nations League 2019
2019-06-29,2019,ARG,RUS,2775.99,2772.66,L,Nations League 2019
2019-06-29,2019,RUS,ARG,2993.94,2997.26,W,Nations League 2019
2019-06-29,2019,AUS,CHN,2606.05,2613.32,W,Nations League 2019
2019-06-29,2019,CHN,AUS,2595.38,2588.11,L,Nations League 2019
2019-06-29,2019,FRA,ITA,2998.94,3004.13,W,Nations League 2019
2019-06-29,2019,ITA,FRA,2888.46,2883.27,L,Nations League 2019
2019-06-29,2019,BRA,CAN,3062.35,3066.09,W,Nations League 2019
2019-06-29,2019,CAN,BRA,2870.75,2867.01,L,Nations League 2019
2019-06-29,2019,USA,SRB,2913.94,2920.55,W,Nations League 2019
2019-06-29,2019,SRB,USA,2872.29,2865.69,L,Nations League 2019
2019-06-29,2019,BUL,IRI,2753.46,2749.16,L,Nations League 2019
2019-06-29,2019,IRI,BUL,2911.83,2916.13,W,Nations League 2019
2019-06-29,2019,GER,POL,2748.20,2744.45,L,Nations League 2019
2019-06-29,2019,POL,GER,2939.10,2942.85,W,Nations League 2019
2019-06-29,2019,POR,JPN,2615.05,2609.12,L,Nations League 2019
2019-06-29,2019,JPN,POR,2689.08,2695.01,W,Nations League 2019
2019-06-30,2019,CHN,RUS,2588.11,2586.81,L,Nations League 2019
2019-06-30,2019,RUS,CHN,2997.26,2998.56,W,Nations League 2019
2019-06-30,2019,AUS,ARG,2613.32,2609.04,L,Nations League 2019
2019-06-30,2019,ARG,AUS,2772.66,2776.94,W,Nations League 2019
2019-06-30,2019,CAN,FRA,2867.01,2862.32,L,Nations League 2019
2019-06-30,2019,FRA,CAN,3004.13,3008.82,W,Nations League 2019
2019-06-30,2019,BRA,ITA,3066.09,3069.97,W,Nations League 2019
2019-06-30,2019,ITA,BRA,2883.27,2879.38,L,Nations League 2019
2019-06-30,2019,IRI,USA,2916.13,2908.73,L,Nations League 2019
2019-06-30,2019,USA,IRI,2920.55,2927.95,W,Nations League 2019
2019-06-30,2019,SRB,BUL,2865.69,2870.76,W,Nations League 2019
2019-06-30,2019,BUL,SRB,2749.16,2744.08,L,Nations League 2019
2019-06-30,2019,GER,JPN,2744.45,2735.89,L,Nations League 2019
2019-06-30,2019,JPN,GER,2695.01,2703.57,W,Nations League 2019
2019-06-30,2019,POL,POR,2942.85,2944.76,W,Nations League 2019
2019-06-30,2019,POR,POL,2609.12,2607.20,L,Nations League 2019
2019-06-30,2019,ROU,GRE,2514.20,2528.83,W,Liga Europeia 2019
2019-06-30,2019,GRE,ROU,2574.22,2559.58,L,Liga Europeia 2019
2019-07-03,2019,EGY,BLR,2647.40,2627.38,L,Challenger Cup 2019
2019-07-03,2019,BLR,EGY,2526.51,2543.19,W,Challenger Cup 2019
2019-07-03,2019,SLO,CHI,2687.66,2693.32,W,Challenger Cup 2019
2019-07-03,2019,CHI,SLO,2434.22,2428.56,L,Challenger Cup 2019
2019-07-04,2019,CUB,BLR,2686.70,2695.83,W,Challenger Cup 2019
2019-07-04,2019,BLR,CUB,2543.19,2535.58,L,Challenger Cup 2019
2019-07-04,2019,TUR,CHI,2686.37,2690.99,W,Challenger Cup 2019
2019-07-04,2019,CHI,TUR,2428.56,2423.02,L,Challenger Cup 2019
2019-07-05,2019,EGY,CUB,2627.38,2615.30,L,Challenger Cup 2019
2019-07-05,2019,CUB,EGY,2695.83,2707.92,W,Challenger Cup 2019
2019-07-05,2019,SLO,TUR,2693.32,2708.22,W,Challenger Cup 2019
2019-07-05,2019,TUR,SLO,2690.99,2678.58,L,Challenger Cup 2019
2019-07-06,2019,CUB,TUR,2707.92,2721.65,W,Challenger Cup 2019
2019-07-06,2019,TUR,CUB,2678.58,2669.42,L,Challenger Cup 2019
2019-07-06,2019,SLO,BLR,2708.22,2716.32,W,Challenger Cup 2019
2019-07-06,2019,BLR,SLO,2535.58,2530.17,L,Challenger Cup 2019
2019-07-07,2019,TUR,BLR,2669.42,2655.61,L,Challenger Cup 2019
2019-07-07,2019,BLR,TUR,2530.17,2543.98,W,Challenger Cup 2019
2019-07-07,2019,CUB,SLO,2721.65,2706.42,L,Challenger Cup 2019
2019-07-07,2019,SLO,CUB,2716.32,2731.55,W,Challenger Cup 2019
2019-07-10,2019,BRA,POL,3069.97,3059.88,L,Nations League 2019
2019-07-10,2019,POL,BRA,2944.76,2954.85,W,Nations League 2019
2019-07-10,2019,USA,FRA,2927.95,2937.17,W,Nations League 2019
2019-07-10,2019,FRA,USA,3008.82,2999.60,L,Nations League 2019
2019-07-11,2019,IRI,POL,2908.73,2902.22,L,Nations League 2019
2019-07-11,2019,POL,IRI,2954.85,2961.36,W,Nations League 2019
2019-07-11,2019,RUS,FRA,2998.56,3006.09,W,Nations League 2019
2019-07-11,2019,FRA,RUS,2999.60,2992.08,L,Nations League 2019
2019-07-12,2019,BRA,IRI,3059.88,3064.19,W,Nations League 2019
2019-07-12,2019,IRI,BRA,2902.22,2897.91,L,Nations League 2019
2019-07-12,2019,USA,RUS,2937.17,2946.14,W,Nations League 2019
2019-07-12,2019,RUS,USA,3006.09,2997.12,L,Nations League 2019
2019-07-13,2019,USA,BRA,2946.14,2952.77,W,Nations League 2019
2019-07-13,2019,BRA,USA,3064.19,3057.56,L,Nations League 2019
2019-07-13,2019,POL,RUS,2961.36,2956.88,L,Nations League 2019
2019-07-13,2019,RUS,POL,2997.12,3001.60,W,Nations League 2019
2019-07-14,2019,POL,BRA,2956.88,2963.29,W,Nations League 2019
2019-07-14,2019,BRA,POL,3057.56,3051.15,L,Nations League 2019
2019-07-14,2019,RUS,USA,3001.60,3005.91,W,Nations League 2019
2019-07-14,2019,USA,RUS,2952.77,2948.47,L,Nations League 2019
2019-07-21,2019,COD,BOT,2322.17,2331.13,W,Campeonato Africano 2019
2019-07-21,2019,BOT,COD,2173.98,2165.02,L,Campeonato Africano 2019
2019-07-21,2019,TUN,CHA,2485.05,2493.56,W,Campeonato Africano 2019
2019-07-21,2019,CHA,TUN,2324.06,2315.55,L,Campeonato Africano 2019
2019-07-21,2019,CMR,CGO,2526.14,2535.92,W,Campeonato Africano 2019
2019-07-21,2019,CGO,CMR,2400.00,2390.22,L,Campeonato Africano 2019
2019-07-21,2019,EGY,MAR,2615.30,2622.70,W,Campeonato Africano 2019
2019-07-21,2019,MAR,EGY,2421.18,2413.78,L,Campeonato Africano 2019
2019-07-22,2019,ALG,COD,2429.96,2440.81,W,Campeonato Africano 2019
2019-07-22,2019,COD,ALG,2331.13,2320.29,L,Campeonato Africano 2019
2019-07-22,2019,BOT,TUN,2165.02,2161.08,L,Campeonato Africano 2019
2019-07-22,2019,TUN,BOT,2493.56,2497.49,W,Campeonato Africano 2019
2019-07-22,2019,MAR,CGO,2413.78,2397.77,L,Campeonato Africano 2019
2019-07-22,2019,CGO,MAR,2390.22,2406.23,W,Campeonato Africano 2019
2019-07-22,2019,EGY,BDI,2622.70,2629.21,W,Campeonato Africano 2019
2019-07-22,2019,BDI,EGY,2400.00,2393.48,L,Campeonato Africano 2019
2019-07-23,2019,CHA,BOT,2315.55,2324.29,W,Campeonato Africano 2019
2019-07-23,2019,BOT,CHA,2161.08,2152.34,L,Campeonato Africano 2019
2019-07-23,2019,TUN,ALG,2497.49,2510.07,W,Campeonato Africano 2019
2019-07-23,2019,ALG,TUN,2440.81,2428.23,L,Campeonato Africano 2019
2019-07-23,2019,BDI,MAR,2393.48,2378.67,L,Campeonato Africano 2019
2019-07-23,2019,MAR,BDI,2397.77,2412.58,W,Campeonato Africano 2019
2019-07-23,2019,CMR,EGY,2535.92,2554.86,W,Campeonato Africano 2019
2019-07-23,2019,EGY,CMR,2629.21,2610.28,L,Campeonato Africano 2019
2019-07-24,2019,ALG,CHA,2428.23,2438.87,W,Campeonato Africano 2019
2019-07-24,2019,CHA,ALG,2324.29,2313.65,L,Campeonato Africano 2019
2019-07-24,2019,COD,TUN,2320.29,2312.75,L,Campeonato Africano 2019
2019-07-24,2019,TUN,COD,2510.07,2517.60,W,Campeonato Africano 2019
2019-07-24,2019,BDI,CMR,2378.67,2370.68,L,Campeonato Africano 2019
2019-07-24,2019,CMR,BDI,2554.86,2562.84,W,Campeonato Africano 2019
2019-07-24,2019,EGY,CGO,2610.28,2616.18,W,Campeonato Africano 2019
2019-07-24,2019,CGO,EGY,2406.23,2399.15,L,Campeonato Africano 2019
2019-07-25,2019,CHA,COD,2313.65,2298.61,L,Campeonato Africano 2019
2019-07-25,2019,COD,CHA,2312.75,2327.79,W,Campeonato Africano 2019
2019-07-25,2019,BOT,ALG,2152.34,2147.51,L,Campeonato Africano 2019
2019-07-25,2019,ALG,BOT,2438.87,2443.71,W,Campeonato Africano 2019
2019-07-25,2019,CGO,BDI,2399.15,2412.93,W,Campeonato Africano 2019
2019-07-25,2019,BDI,CGO,2370.68,2356.91,L,Campeonato Africano 2019
2019-07-25,2019,CMR,MAR,2562.84,2571.73,W,Campeonato Africano 2019
2019-07-25,2019,MAR,CMR,2412.58,2403.69,L,Campeonato Africano 2019
2019-07-26,2019,BOT,BDI,2147.51,2140.59,L,Campeonato Africano 2019
2019-07-26,2019,BDI,BOT,2356.91,2363.83,W,Campeonato Africano 2019
2019-07-26,2019,CHA,CGO,2298.61,2288.37,L,Campeonato Africano 2019
2019-07-26,2019,CGO,CHA,2412.93,2423.16,W,Campeonato Africano 2019
2019-07-26,2019,COD,MAR,2327.79,2316.02,L,Campeonato Africano 2019
2019-07-26,2019,MAR,COD,2403.69,2415.47,W,Campeonato Africano 2019
2019-07-26,2019,ALG,CMR,2443.71,2434.00,L,Campeonato Africano 2019
2019-07-26,2019,CMR,ALG,2571.73,2581.44,W,Campeonato Africano 2019
2019-07-26,2019,TUN,EGY,2517.60,2536.75,W,Campeonato Africano 2019
2019-07-26,2019,EGY,TUN,2616.18,2600.23,L,Campeonato Africano 2019
2019-07-28,2019,CHA,COD,2288.37,2301.87,W,Campeonato Africano 2019
2019-07-28,2019,COD,CHA,2316.02,2302.52,L,Campeonato Africano 2019
2019-07-28,2019,CGO,MAR,2423.16,2410.39,L,Campeonato Africano 2019
2019-07-28,2019,MAR,CGO,2415.47,2428.24,W,Campeonato Africano 2019
2019-07-28,2019,EGY,ALG,2600.23,2582.16,L,Campeonato Africano 2019
2019-07-28,2019,ALG,EGY,2434.00,2452.06,W,Campeonato Africano 2019
2019-07-28,2019,TUN,CMR,2536.75,2550.85,W,Campeonato Africano 2019
2019-07-28,2019,CMR,TUN,2581.44,2567.34,L,Campeonato Africano 2019
2019-08-22,2019,CUB,CAN,2706.42,2727.74,W,Campeonato NORCECA 2019
2019-08-22,2019,CAN,CUB,2862.32,2851.67,L,Campeonato NORCECA 2019
2019-08-22,2019,USA,PUR,2948.47,2949.12,W,Campeonato NORCECA 2019
2019-08-22,2019,PUR,USA,2484.80,2482.86,L,Campeonato NORCECA 2019
2019-08-23,2019,CAN,PUR,2851.67,2838.27,L,Campeonato NORCECA 2019
2019-08-23,2019,PUR,CAN,2482.86,2509.65,W,Campeonato NORCECA 2019
2019-08-23,2019,USA,CUB,2949.12,2941.30,L,Campeonato NORCECA 2019
2019-08-23,2019,CUB,USA,2727.74,2747.27,W,Campeonato NORCECA 2019
2019-08-24,2019,PUR,CUB,2509.65,2503.56,L,Campeonato NORCECA 2019
2019-08-24,2019,CUB,PUR,2747.27,2752.35,W,Campeonato NORCECA 2019
2019-08-24,2019,USA,CAN,2941.30,2934.86,L,Campeonato NORCECA 2019
2019-08-24,2019,CAN,USA,2838.27,2844.71,W,Campeonato NORCECA 2019
2019-09-10,2019,ARG,COL,2776.94,2779.92,W,Campeonato Sul-Americano 2019
2019-09-10,2019,COL,ARG,2534.85,2528.89,L,Campeonato Sul-Americano 2019
2019-09-10,2019,BRA,ECU,3051.15,3051.30,W,Campeonato Sul-Americano 2019
2019-09-10,2019,ECU,BRA,2329.00,2328.54,L,Campeonato Sul-Americano 2019
2019-09-10,2019,VEN,PER,2527.71,2504.42,L,Campeonato Sul-Americano 2019
2019-09-10,2019,PER,VEN,2311.33,2334.62,W,Campeonato Sul-Americano 2019
2019-09-10,2019,CHI,BOL,2423.02,2432.17,W,Campeonato Sul-Americano 2019
2019-09-10,2019,BOL,CHI,2280.00,2270.85,L,Campeonato Sul-Americano 2019
2019-09-11,2019,ARG,ECU,2779.92,2780.96,W,Campeonato Sul-Americano 2019
2019-09-11,2019,ECU,ARG,2328.54,2326.46,L,Campeonato Sul-Americano 2019
2019-09-11,2019,BRA,COL,3051.30,3051.77,W,Campeonato Sul-Americano 2019
2019-09-11,2019,COL,BRA,2528.89,2527.47,L,Campeonato Sul-Americano 2019
2019-09-11,2019,VEN,BOL,2504.42,2510.62,W,Campeonato Sul-Americano 2019
2019-09-11,2019,BOL,VEN,2270.85,2264.65,L,Campeonato Sul-Americano 2019
2019-09-11,2019,CHI,PER,2432.17,2443.07,W,Campeonato Sul-Americano 2019
2019-09-11,2019,PER,CHI,2334.62,2323.73,L,Campeonato Sul-Americano 2019
2019-09-12,2019,BUL,GRE,2744.08,2747.94,W,Campeonato Europeu 2019
2019-09-12,2019,GRE,BUL,2559.58,2553.16,L,Campeonato Europeu 2019
2019-09-12,2019,POR,ITA,2607.20,2604.61,L,Campeonato Europeu 2019
2019-09-12,2019,ITA,POR,2879.38,2881.97,W,Campeonato Europeu 2019
2019-09-12,2019,FRA,ROU,2992.08,2992.73,W,Campeonato Europeu 2019
2019-09-12,2019,ROU,FRA,2528.83,2527.21,L,Campeonato Europeu 2019
2019-09-12,2019,TUR,RUS,2655.61,2653.26,L,Campeonato Europeu 2019
2019-09-12,2019,RUS,TUR,3005.91,3007.08,W,Campeonato Europeu 2019
2019-09-12,2019,FIN,MKD,2530.85,2542.36,W,Campeonato Europeu 2019
2019-09-12,2019,MKD,FIN,2503.10,2489.30,L,Campeonato Europeu 2019
2019-09-12,2019,SLO,BLR,2731.55,2739.16,W,Campeonato Europeu 2019
2019-09-12,2019,BLR,SLO,2543.98,2538.91,L,Campeonato Europeu 2019
2019-09-12,2019,COL,ECU,2527.47,2534.65,W,Campeonato Sul-Americano 2019
2019-09-12,2019,ECU,COL,2326.46,2319.28,L,Campeonato Sul-Americano 2019
2019-09-12,2019,BRA,ARG,3051.77,3053.51,W,Campeonato Sul-Americano 2019
2019-09-12,2019,ARG,BRA,2780.96,2779.22,L,Campeonato Sul-Americano 2019
2019-09-12,2019,PER,BOL,2323.73,2336.20,W,Campeonato Sul-Americano 2019
2019-09-12,2019,BOL,PER,2264.65,2252.17,L,Campeonato Sul-Americano 2019
2019-09-12,2019,CHI,VEN,2443.07,2430.95,L,Campeonato Sul-Americano 2019
2019-09-12,2019,VEN,CHI,2510.62,2522.74,W,Campeonato Sul-Americano 2019
2019-09-13,2019,BUL,ROU,2747.94,2751.23,W,Campeonato Europeu 2019
2019-09-13,2019,ROU,BUL,2527.21,2522.83,L,Campeonato Europeu 2019
2019-09-13,2019,ITA,GRE,2881.97,2883.94,W,Campeonato Europeu 2019
2019-09-13,2019,GRE,ITA,2553.16,2550.54,L,Campeonato Europeu 2019
2019-09-13,2019,SRB,GER,2870.76,2875.49,W,Campeonato Europeu 2019
2019-09-13,2019,GER,SRB,2735.89,2731.16,L,Campeonato Europeu 2019
2019-09-13,2019,SVK,ESP,2482.22,2498.84,W,Campeonato Europeu 2019
2019-09-13,2019,ESP,SVK,2601.33,2584.71,L,Campeonato Europeu 2019
2019-09-13,2019,BEL,AUT,2673.41,2679.39,W,Campeonato Europeu 2019
2019-09-13,2019,AUT,BEL,2472.48,2466.49,L,Campeonato Europeu 2019
2019-09-13,2019,MKD,TUR,2489.30,2480.90,L,Campeonato Europeu 2019
2019-09-13,2019,TUR,MKD,2653.26,2658.86,W,Campeonato Europeu 2019
2019-09-13,2019,BLR,RUS,2538.91,2537.64,L,Campeonato Europeu 2019
2019-09-13,2019,RUS,BLR,3007.08,3007.71,W,Campeonato Europeu 2019
2019-09-13,2019,CZE,UKR,2645.22,2630.65,L,Campeonato Europeu 2019
2019-09-13,2019,UKR,CZE,2587.41,2601.97,W,Campeonato Europeu 2019
2019-09-13,2019,EST,POL,2633.49,2630.23,L,Campeonato Europeu 2019
2019-09-13,2019,POL,EST,2963.29,2964.59,W,Campeonato Europeu 2019
2019-09-13,2019,NED,MNE,2749.84,2758.92,W,Campeonato Europeu 2019
2019-09-13,2019,MNE,NED,2652.32,2641.42,L,Campeonato Europeu 2019
2019-09-13,2019,AUS,QAT,2609.04,2612.74,W,Campeonato Asiatico 2019
2019-09-13,2019,QAT,AUS,2414.83,2407.44,L,Campeonato Asiatico 2019
2019-09-13,2019,IRI,SRI,2897.91,2898.15,W,Campeonato Asiatico 2019
2019-09-13,2019,SRI,IRI,2256.36,2255.63,L,Campeonato Asiatico 2019
2019-09-13,2019,HKG,JPN,2160.26,2159.00,L,Campeonato Asiatico 2019
2019-09-13,2019,JPN,HKG,2703.57,2704.20,W,Campeonato Asiatico 2019
2019-09-13,2019,THA,TPE,2434.36,2422.78,L,Campeonato Asiatico 2019
2019-09-13,2019,TPE,THA,2514.87,2526.46,W,Campeonato Asiatico 2019
2019-09-13,2019,CHN,OMA,2586.81,2588.45,W,Campeonato Asiatico 2019
2019-09-13,2019,OMA,CHN,2221.65,2218.38,L,Campeonato Asiatico 2019
2019-09-13,2019,KAZ,IND,2498.84,2483.14,L,Campeonato Asiatico 2019
2019-09-13,2019,IND,KAZ,2482.76,2498.46,W,Campeonato Asiatico 2019
2019-09-13,2019,INA,KUW,2431.95,2440.38,W,Campeonato Asiatico 2019
2019-09-13,2019,KUW,INA,2268.63,2260.20,L,Campeonato Asiatico 2019
2019-09-13,2019,KOR,PAK,2553.82,2562.14,W,Campeonato Asiatico 2019
2019-09-13,2019,PAK,KOR,2387.50,2379.18,L,Campeonato Asiatico 2019
2019-09-13,2019,PER,ECU,2336.20,2350.47,W,Campeonato Sul-Americano 2019
2019-09-13,2019,ECU,PER,2319.28,2305.01,L,Campeonato Sul-Americano 2019
2019-09-13,2019,COL,BOL,2534.65,2539.58,W,Campeonato Sul-Americano 2019
2019-09-13,2019,BOL,COL,2252.17,2247.24,L,Campeonato Sul-Americano 2019
2019-09-13,2019,VEN,ARG,2522.74,2517.16,L,Campeonato Sul-Americano 2019
2019-09-13,2019,ARG,VEN,2779.22,2781.08,W,Campeonato Sul-Americano 2019
2019-09-13,2019,BRA,CHI,3053.51,3053.78,W,Campeonato Sul-Americano 2019
2019-09-13,2019,CHI,BRA,2430.95,2430.27,L,Campeonato Sul-Americano 2019
2019-09-14,2019,GRE,FRA,2550.54,2549.08,L,Campeonato Europeu 2019
2019-09-14,2019,FRA,GRE,2992.73,2993.46,W,Campeonato Europeu 2019
2019-09-14,2019,BUL,POR,2751.23,2754.23,W,Campeonato Europeu 2019
2019-09-14,2019,POR,BUL,2604.61,2600.10,L,Campeonato Europeu 2019
2019-09-14,2019,GER,BEL,2731.16,2722.56,L,Campeonato Europeu 2019
2019-09-14,2019,BEL,GER,2679.39,2693.74,W,Campeonato Europeu 2019
2019-09-14,2019,SVK,AUT,2498.84,2510.18,W,Campeonato Europeu 2019
2019-09-14,2019,AUT,SVK,2466.49,2455.15,L,Campeonato Europeu 2019
2019-09-14,2019,MKD,RUS,2480.90,2479.52,L,Campeonato Europeu 2019
2019-09-14,2019,RUS,MKD,3007.71,3008.17,W,Campeonato Europeu 2019
2019-09-14,2019,SLO,FIN,2739.16,2745.25,W,Campeonato Europeu 2019
2019-09-14,2019,FIN,SLO,2542.36,2536.27,L,Campeonato Europeu 2019
2019-09-14,2019,UKR,NED,2601.97,2594.76,L,Campeonato Europeu 2019
2019-09-14,2019,NED,UKR,2758.92,2764.68,W,Campeonato Europeu 2019
2019-09-14,2019,EST,MNE,2630.23,2620.56,L,Campeonato Europeu 2019
2019-09-14,2019,MNE,EST,2641.42,2655.94,W,Campeonato Europeu 2019
2019-09-14,2019,QAT,IRI,2407.44,2405.76,L,Campeonato Asiatico 2019
2019-09-14,2019,IRI,QAT,2898.15,2898.71,W,Campeonato Asiatico 2019
2019-09-14,2019,SRI,AUS,2255.63,2252.23,L,Campeonato Asiatico 2019
2019-09-14,2019,AUS,SRI,2612.74,2614.44,W,Campeonato Asiatico 2019
2019-09-14,2019,TPE,HKG,2526.46,2529.69,W,Campeonato Asiatico 2019
2019-09-14,2019,HKG,TPE,2159.00,2155.77,L,Campeonato Asiatico 2019
2019-09-14,2019,JPN,THA,2704.20,2706.67,W,Campeonato Asiatico 2019
2019-09-14,2019,THA,JPN,2422.78,2417.82,L,Campeonato Asiatico 2019
2019-09-14,2019,OMA,KAZ,2218.38,2213.02,L,Campeonato Asiatico 2019
2019-09-14,2019,KAZ,OMA,2483.14,2488.51,W,Campeonato Asiatico 2019
2019-09-14,2019,IND,CHN,2498.46,2487.26,L,Campeonato Asiatico 2019
2019-09-14,2019,CHN,IND,2588.45,2594.05,W,Campeonato Asiatico 2019
2019-09-14,2019,KUW,KOR,2260.20,2255.72,L,Campeonato Asiatico 2019
2019-09-14,2019,KOR,KUW,2562.14,2566.62,W,Campeonato Asiatico 2019
2019-09-14,2019,PAK,INA,2379.18,2396.79,W,Campeonato Asiatico 2019
2019-09-14,2019,INA,PAK,2440.38,2422.76,L,Campeonato Asiatico 2019
2019-09-14,2019,ECU,BOL,2305.01,2317.54,W,Campeonato Sul-Americano 2019
2019-09-14,2019,BOL,ECU,2247.24,2234.71,L,Campeonato Sul-Americano 2019
2019-09-14,2019,PER,COL,2350.47,2372.91,W,Campeonato Sul-Americano 2019
2019-09-14,2019,COL,PER,2539.58,2517.14,L,Campeonato Sul-Americano 2019
2019-09-14,2019,VEN,CHI,2517.16,2498.49,L,Campeonato Sul-Americano 2019
2019-09-14,2019,CHI,VEN,2430.27,2445.84,W,Campeonato Sul-Americano 2019
2019-09-14,2019,ARG,BRA,2781.08,2779.36,L,Campeonato Sul-Americano 2019
2019-09-14,2019,BRA,ARG,3053.78,3055.50,W,Campeonato Sul-Americano 2019
2019-09-15,2019,ROU,ITA,2522.83,2520.60,L,Campeonato Europeu 2019
2019-09-15,2019,ITA,ROU,2883.94,2885.05,W,Campeonato Europeu 2019
2019-09-15,2019,POR,FRA,2600.10,2599.16,L,Campeonato Europeu 2019
2019-09-15,2019,FRA,POR,2993.46,2994.40,W,Campeonato Europeu 2019
2019-09-15,2019,ESP,BEL,2584.71,2576.01,L,Campeonato Europeu 2019
2019-09-15,2019,BEL,ESP,2693.74,2702.44,W,Campeonato Europeu 2019
2019-09-15,2019,SRB,SVK,2875.49,2877.12,W,Campeonato Europeu 2019
2019-09-15,2019,SVK,SRB,2510.18,2507.46,L,Campeonato Europeu 2019
2019-09-15,2019,BLR,FIN,2537.64,2545.11,W,Campeonato Europeu 2019
2019-09-15,2019,FIN,BLR,2536.27,2523.82,L,Campeonato Europeu 2019
2019-09-15,2019,TUR,SLO,2658.86,2653.19,L,Campeonato Europeu 2019
2019-09-15,2019,SLO,TUR,2745.25,2754.70,W,Campeonato Europeu 2019
2019-09-15,2019,NED,POL,2764.68,2759.88,L,Campeonato Europeu 2019
2019-09-15,2019,POL,NED,2964.59,2966.99,W,Campeonato Europeu 2019
2019-09-15,2019,CZE,EST,2630.65,2642.79,W,Campeonato Europeu 2019
2019-09-15,2019,EST,CZE,2620.56,2610.85,L,Campeonato Europeu 2019
2019-09-15,2019,QAT,SRI,2405.76,2414.53,W,Campeonato Asiatico 2019
2019-09-15,2019,SRI,QAT,2252.23,2243.45,L,Campeonato Asiatico 2019
2019-09-15,2019,IRI,AUS,2898.71,2890.34,L,Campeonato Asiatico 2019
2019-09-15,2019,AUS,IRI,2614.44,2622.81,W,Campeonato Asiatico 2019
2019-09-15,2019,HKG,THA,2155.77,2150.33,L,Campeonato Asiatico 2019
2019-09-15,2019,THA,HKG,2417.82,2423.26,W,Campeonato Asiatico 2019
2019-09-15,2019,TPE,JPN,2529.69,2521.73,L,Campeonato Asiatico 2019
2019-09-15,2019,JPN,TPE,2706.67,2709.33,W,Campeonato Asiatico 2019
2019-09-15,2019,IND,OMA,2487.26,2492.39,W,Campeonato Asiatico 2019
2019-09-15,2019,OMA,IND,2213.02,2207.89,L,Campeonato Asiatico 2019
2019-09-15,2019,CHN,KAZ,2594.05,2597.57,W,Campeonato Asiatico 2019
2019-09-15,2019,KAZ,CHN,2488.51,2477.93,L,Campeonato Asiatico 2019
2019-09-15,2019,KOR,INA,2566.62,2575.75,W,Campeonato Asiatico 2019
2019-09-15,2019,INA,KOR,2422.76,2413.64,L,Campeonato Asiatico 2019
2019-09-15,2019,KUW,PAK,2255.72,2246.49,L,Campeonato Asiatico 2019
2019-09-15,2019,PAK,KUW,2396.79,2406.01,W,Campeonato Asiatico 2019
2019-09-16,2019,ROU,GRE,2520.60,2511.42,L,Campeonato Europeu 2019
2019-09-16,2019,GRE,ROU,2549.08,2558.27,W,Campeonato Europeu 2019
2019-09-16,2019,FRA,BUL,2994.40,2996.40,W,Campeonato Europeu 2019
2019-09-16,2019,BUL,FRA,2754.23,2752.23,L,Campeonato Europeu 2019
2019-09-16,2019,AUT,GER,2455.15,2450.74,L,Campeonato Europeu 2019
2019-09-16,2019,GER,AUT,2722.56,2724.32,W,Campeonato Europeu 2019
2019-09-16,2019,ESP,SRB,2576.01,2572.25,L,Campeonato Europeu 2019
2019-09-16,2019,SRB,ESP,2877.12,2878.62,W,Campeonato Europeu 2019
2019-09-16,2019,RUS,FIN,3008.17,3008.75,W,Campeonato Europeu 2019
2019-09-16,2019,FIN,RUS,2523.82,2522.66,L,Campeonato Europeu 2019
2019-09-16,2019,BLR,MKD,2545.11,2536.21,L,Campeonato Europeu 2019
2019-09-16,2019,MKD,BLR,2479.52,2497.32,W,Campeonato Europeu 2019
2019-09-16,2019,MNE,UKR,2655.94,2638.32,L,Campeonato Europeu 2019
2019-09-16,2019,UKR,MNE,2594.76,2609.44,W,Campeonato Europeu 2019
2019-09-16,2019,POL,CZE,2966.99,2968.33,W,Campeonato Europeu 2019
2019-09-16,2019,CZE,POL,2642.79,2639.44,L,Campeonato Europeu 2019
2019-09-17,2019,GRE,POR,2558.27,2549.44,L,Campeonato Europeu 2019
2019-09-17,2019,POR,GRE,2599.16,2603.58,W,Campeonato Europeu 2019
2019-09-17,2019,ITA,BUL,2885.05,2888.23,W,Campeonato Europeu 2019
2019-09-17,2019,BUL,ITA,2752.23,2749.05,L,Campeonato Europeu 2019
2019-09-17,2019,AUT,ESP,2450.74,2444.10,L,Campeonato Europeu 2019
2019-09-17,2019,ESP,AUT,2572.25,2578.89,W,Campeonato Europeu 2019
2019-09-17,2019,SVK,BEL,2507.46,2502.55,L,Campeonato Europeu 2019
2019-09-17,2019,BEL,SVK,2702.44,2707.35,W,Campeonato Europeu 2019
2019-09-17,2019,SLO,MKD,2754.70,2734.33,L,Campeonato Europeu 2019
2019-09-17,2019,MKD,SLO,2497.32,2521.76,W,Campeonato Europeu 2019
2019-09-17,2019,TUR,BLR,2653.19,2658.26,W,Campeonato Europeu 2019
2019-09-17,2019,BLR,TUR,2536.21,2531.15,L,Campeonato Europeu 2019
2019-09-17,2019,MNE,POL,2638.32,2634.42,L,Campeonato Europeu 2019
2019-09-17,2019,POL,MNE,2968.33,2969.63,W,Campeonato Europeu 2019
2019-09-17,2019,EST,NED,2610.85,2604.89,L,Campeonato Europeu 2019
2019-09-17,2019,NED,EST,2759.88,2765.83,W,Campeonato Europeu 2019
2019-09-17,2019,AUS,IND,2622.81,2626.02,W,Campeonato Asiatico 2019
2019-09-17,2019,IND,AUS,2492.39,2482.77,L,Campeonato Asiatico 2019
2019-09-17,2019,CHN,IRI,2597.57,2596.01,L,Campeonato Asiatico 2019
2019-09-17,2019,IRI,CHN,2890.34,2891.90,W,Campeonato Asiatico 2019
2019-09-17,2019,KOR,TPE,2575.75,2588.43,W,Campeonato Asiatico 2019
2019-09-17,2019,TPE,KOR,2521.73,2509.04,L,Campeonato Asiatico 2019
2019-09-17,2019,JPN,PAK,2709.33,2710.81,W,Campeonato Asiatico 2019
2019-09-17,2019,PAK,JPN,2406.01,2401.56,L,Campeonato Asiatico 2019
2019-09-17,2019,KAZ,SRI,2477.93,2454.11,L,Campeonato Asiatico 2019
2019-09-17,2019,SRI,KAZ,2243.45,2267.28,W,Campeonato Asiatico 2019
2019-09-17,2019,QAT,OMA,2414.53,2421.53,W,Campeonato Asiatico 2019
2019-09-17,2019,OMA,QAT,2207.89,2200.89,L,Campeonato Asiatico 2019
2019-09-17,2019,INA,HKG,2413.64,2419.05,W,Campeonato Asiatico 2019
2019-09-17,2019,HKG,INA,2150.33,2144.93,L,Campeonato Asiatico 2019
2019-09-17,2019,THA,KUW,2423.26,2431.22,W,Campeonato Asiatico 2019
2019-09-17,2019,KUW,THA,2246.49,2238.53,L,Campeonato Asiatico 2019
2019-09-18,2019,POR,ROU,2603.58,2597.28,L,Campeonato Europeu 2019
2019-09-18,2019,ROU,POR,2511.42,2524.01,W,Campeonato Europeu 2019
2019-09-18,2019,FRA,ITA,2996.40,2999.89,W,Campeonato Europeu 2019
2019-09-18,2019,ITA,FRA,2888.23,2884.73,L,Campeonato Europeu 2019
2019-09-18,2019,GER,SVK,2724.32,2726.50,W,Campeonato Europeu 2019
2019-09-18,2019,SVK,GER,2502.55,2498.19,L,Campeonato Europeu 2019
2019-09-18,2019,BEL,SRB,2707.35,2701.92,L,Campeonato Europeu 2019
2019-09-18,2019,SRB,BEL,2878.62,2881.34,W,Campeonato Europeu 2019
2019-09-18,2019,SLO,RUS,2734.33,2730.06,L,Campeonato Europeu 2019
2019-09-18,2019,RUS,SLO,3008.75,3010.46,W,Campeonato Europeu 2019
2019-09-18,2019,FIN,TUR,2522.66,2536.37,W,Campeonato Europeu 2019
2019-09-18,2019,TUR,FIN,2658.26,2647.97,L,Campeonato Europeu 2019
2019-09-18,2019,UKR,EST,2609.44,2619.31,W,Campeonato Europeu 2019
2019-09-18,2019,EST,UKR,2604.89,2595.02,L,Campeonato Europeu 2019
2019-09-18,2019,NED,CZE,2765.83,2752.35,L,Campeonato Europeu 2019
2019-09-18,2019,CZE,NED,2639.44,2652.93,W,Campeonato Europeu 2019
2019-09-18,2019,IRI,IND,2891.90,2892.77,W,Campeonato Asiatico 2019
2019-09-18,2019,IND,IRI,2482.77,2480.17,L,Campeonato Asiatico 2019
2019-09-18,2019,AUS,CHN,2626.02,2630.59,W,Campeonato Asiatico 2019
2019-09-18,2019,CHN,AUS,2596.01,2591.44,L,Campeonato Asiatico 2019
2019-09-18,2019,JPN,KOR,2710.81,2704.12,L,Campeonato Asiatico 2019
2019-09-18,2019,KOR,JPN,2588.43,2608.51,W,Campeonato Asiatico 2019
2019-09-18,2019,TPE,PAK,2509.04,2519.55,W,Campeonato Asiatico 2019
2019-09-18,2019,PAK,TPE,2401.56,2391.06,L,Campeonato Asiatico 2019
2019-09-18,2019,SRI,OMA,2267.28,2279.44,W,Campeonato Asiatico 2019
2019-09-18,2019,OMA,SRI,2200.89,2188.72,L,Campeonato Asiatico 2019
2019-09-18,2019,QAT,KAZ,2421.53,2407.93,L,Campeonato Asiatico 2019
2019-09-18,2019,KAZ,QAT,2454.11,2467.70,W,Campeonato Asiatico 2019
2019-09-18,2019,THA,INA,2431.22,2445.70,W,Campeonato Asiatico 2019
2019-09-18,2019,INA,THA,2419.05,2404.57,L,Campeonato Asiatico 2019
2019-09-18,2019,HKG,KUW,2144.93,2163.88,W,Campeonato Asiatico 2019
2019-09-18,2019,KUW,HKG,2238.53,2219.58,L,Campeonato Asiatico 2019
2019-09-19,2019,ESP,GER,2578.89,2592.90,W,Campeonato Europeu 2019
2019-09-19,2019,GER,ESP,2726.50,2719.50,L,Campeonato Europeu 2019
2019-09-19,2019,SRB,AUT,2881.34,2882.09,W,Campeonato Europeu 2019
2019-09-19,2019,AUT,SRB,2444.10,2442.61,L,Campeonato Europeu 2019
2019-09-19,2019,CZE,MNE,2652.93,2642.39,L,Campeonato Europeu 2019
2019-09-19,2019,MNE,CZE,2634.42,2650.22,W,Campeonato Europeu 2019
2019-09-19,2019,POL,UKR,2969.63,2970.81,W,Campeonato Europeu 2019
2019-09-19,2019,UKR,POL,2619.31,2616.96,L,Campeonato Europeu 2019
2019-09-19,2019,SRI,KUW,2279.44,2289.81,W,Campeonato Asiatico 2019
2019-09-19,2019,KUW,SRI,2219.58,2209.21,L,Campeonato Asiatico 2019
2019-09-19,2019,HKG,OMA,2163.88,2152.27,L,Campeonato Asiatico 2019
2019-09-19,2019,OMA,HKG,2188.72,2200.33,W,Campeonato Asiatico 2019
2019-09-19,2019,QAT,INA,2407.93,2420.31,W,Campeonato Asiatico 2019
2019-09-19,2019,INA,QAT,2404.57,2392.19,L,Campeonato Asiatico 2019
2019-09-19,2019,THA,KAZ,2445.70,2433.99,L,Campeonato Asiatico 2019
2019-09-19,2019,KAZ,THA,2467.70,2479.41,W,Campeonato Asiatico 2019
2019-09-19,2019,AUS,PAK,2630.59,2632.60,W,Campeonato Asiatico 2019
2019-09-19,2019,PAK,AUS,2391.06,2386.03,L,Campeonato Asiatico 2019
2019-09-19,2019,KOR,IND,2608.51,2616.59,W,Campeonato Asiatico 2019
2019-09-19,2019,IND,KOR,2480.17,2472.09,L,Campeonato Asiatico 2019
2019-09-19,2019,JPN,CHN,2704.12,2707.55,W,Campeonato Asiatico 2019
2019-09-19,2019,CHN,JPN,2591.44,2588.01,L,Campeonato Asiatico 2019
2019-09-19,2019,IRI,TPE,2892.77,2893.81,W,Campeonato Asiatico 2019
2019-09-19,2019,TPE,IRI,2519.55,2516.93,L,Campeonato Asiatico 2019
2019-09-20,2019,KUW,HKG,2209.21,2219.68,W,Campeonato Asiatico 2019
2019-09-20,2019,HKG,KUW,2152.27,2141.80,L,Campeonato Asiatico 2019
2019-09-20,2019,SRI,OMA,2289.81,2274.16,L,Campeonato Asiatico 2019
2019-09-20,2019,OMA,SRI,2200.33,2215.98,W,Campeonato Asiatico 2019
2019-09-20,2019,INA,THA,2392.19,2381.19,L,Campeonato Asiatico 2019
2019-09-20,2019,THA,INA,2433.99,2444.99,W,Campeonato Asiatico 2019
2019-09-20,2019,QAT,KAZ,2420.31,2434.92,W,Campeonato Asiatico 2019
2019-09-20,2019,KAZ,QAT,2479.41,2464.81,L,Campeonato Asiatico 2019
2019-09-20,2019,IND,TPE,2472.09,2461.19,L,Campeonato Asiatico 2019
2019-09-20,2019,TPE,IND,2516.93,2527.83,W,Campeonato Asiatico 2019
2019-09-20,2019,PAK,CHN,2386.03,2380.07,L,Campeonato Asiatico 2019
2019-09-20,2019,CHN,PAK,2588.01,2590.39,W,Campeonato Asiatico 2019
2019-09-20,2019,KOR,IRI,2616.59,2612.38,L,Campeonato Asiatico 2019
2019-09-20,2019,IRI,KOR,2893.81,2895.50,W,Campeonato Asiatico 2019
2019-09-20,2019,AUS,JPN,2632.60,2638.66,W,Campeonato Asiatico 2019
2019-09-20,2019,JPN,AUS,2707.55,2701.49,L,Campeonato Asiatico 2019
2019-09-21,2019,NED,GER,2752.35,2744.14,L,Campeonato Europeu 2019
2019-09-21,2019,GER,NED,2719.50,2724.97,W,Campeonato Europeu 2019
2019-09-21,2019,RUS,GRE,3010.46,3011.12,W,Campeonato Europeu 2019
2019-09-21,2019,GRE,RUS,2549.44,2548.45,L,Campeonato Europeu 2019
2019-09-21,2019,SRB,CZE,2882.09,2884.10,W,Campeonato Europeu 2019
2019-09-21,2019,CZE,SRB,2642.39,2638.37,L,Campeonato Europeu 2019
2019-09-21,2019,FRA,FIN,2999.89,3000.54,W,Campeonato Europeu 2019
2019-09-21,2019,FIN,FRA,2536.37,2535.08,L,Campeonato Europeu 2019
2019-09-21,2019,POL,ESP,2970.81,2971.83,W,Campeonato Europeu 2019
2019-09-21,2019,ESP,POL,2592.90,2590.86,L,Campeonato Europeu 2019
2019-09-21,2019,BEL,UKR,2701.92,2689.52,L,Campeonato Europeu 2019
2019-09-21,2019,UKR,BEL,2616.96,2629.35,W,Campeonato Europeu 2019
2019-09-21,2019,SLO,BUL,2730.06,2740.61,W,Campeonato Europeu 2019
2019-09-21,2019,BUL,SLO,2749.05,2743.78,L,Campeonato Europeu 2019
2019-09-21,2019,IND,PAK,2461.19,2445.82,L,Campeonato Asiatico 2019
2019-09-21,2019,PAK,IND,2380.07,2395.44,W,Campeonato Asiatico 2019
2019-09-21,2019,TPE,CHN,2527.83,2542.56,W,Campeonato Asiatico 2019
2019-09-21,2019,CHN,TPE,2590.39,2584.50,L,Campeonato Asiatico 2019
2019-09-21,2019,KOR,JPN,2612.38,2603.01,L,Campeonato Asiatico 2019
2019-09-21,2019,JPN,KOR,2701.49,2705.24,W,Campeonato Asiatico 2019
2019-09-21,2019,IRI,AUS,2895.50,2897.36,W,Campeonato Asiatico 2019
2019-09-21,2019,AUS,IRI,2638.66,2636.80,L,Campeonato Asiatico 2019
2019-09-22,2019,ITA,TUR,2884.73,2886.77,W,Campeonato Europeu 2019
2019-09-22,2019,TUR,ITA,2647.97,2644.91,L,Campeonato Europeu 2019
2019-09-23,2019,POL,GER,2971.83,2973.77,W,Campeonato Europeu 2019
2019-09-23,2019,GER,POL,2724.97,2723.02,L,Campeonato Europeu 2019
2019-09-23,2019,RUS,SLO,3011.12,3002.86,L,Campeonato Europeu 2019
2019-09-23,2019,SLO,RUS,2740.61,2757.13,W,Campeonato Europeu 2019
2019-09-24,2019,SRB,UKR,2884.10,2885.97,W,Campeonato Europeu 2019
2019-09-24,2019,UKR,SRB,2629.35,2625.60,L,Campeonato Europeu 2019
2019-09-24,2019,FRA,ITA,3000.54,3003.96,W,Campeonato Europeu 2019
2019-09-24,2019,ITA,FRA,2886.77,2883.35,L,Campeonato Europeu 2019
2019-09-26,2019,POL,SLO,2973.77,2966.00,L,Campeonato Europeu 2019
2019-09-26,2019,SLO,POL,2757.13,2772.66,W,Campeonato Europeu 2019
2019-09-27,2019,SRB,FRA,2885.97,2892.61,W,Campeonato Europeu 2019
2019-09-27,2019,FRA,SRB,3003.96,2997.33,L,Campeonato Europeu 2019
2019-09-28,2019,FRA,POL,2997.33,2991.88,L,Campeonato Europeu 2019
2019-09-28,2019,POL,FRA,2966.00,2971.45,W,Campeonato Europeu 2019
2019-09-29,2019,SRB,SLO,2892.61,2895.95,W,Campeonato Europeu 2019
2019-09-29,2019,SLO,SRB,2772.66,2765.98,L,Campeonato Europeu 2019
2020-01-10,2020,CAN,MEX,2844.71,2848.01,W,Campeonato NORCECA 2020
2020-01-10,2020,MEX,CAN,2481.50,2478.20,L,Campeonato NORCECA 2020
2020-01-10,2020,CUB,PUR,2752.35,2758.13,W,Campeonato NORCECA 2020
2020-01-10,2020,PUR,CUB,2503.56,2497.78,L,Campeonato NORCECA 2020
2020-01-11,2020,PUR,MEX,2497.78,2511.93,W,Campeonato NORCECA 2020
2020-01-11,2020,MEX,PUR,2478.20,2464.04,L,Campeonato NORCECA 2020
2020-01-11,2020,CAN,CUB,2848.01,2859.21,W,Campeonato NORCECA 2020
2020-01-11,2020,CUB,CAN,2758.13,2746.93,L,Campeonato NORCECA 2020
2020-01-12,2020,CUB,MEX,2746.93,2751.85,W,Campeonato NORCECA 2020
2020-01-12,2020,MEX,CUB,2464.04,2459.12,L,Campeonato NORCECA 2020
2020-01-12,2020,CAN,PUR,2859.21,2862.79,W,Campeonato NORCECA 2020
2020-01-12,2020,PUR,CAN,2511.93,2508.35,L,Campeonato NORCECA 2020
2021-05-21,2021,DEN,ISR,2341.06,2352.21,W,Liga Europeia 2021
2021-05-21,2021,ISR,DEN,2249.92,2238.77,L,Liga Europeia 2021
2021-05-21,2021,CYP,MKD,2533.00,2517.51,L,Liga Europeia 2021
2021-05-21,2021,MKD,CYP,2521.76,2537.25,W,Liga Europeia 2021
2021-05-21,2021,CRO,LUX,2543.39,2549.29,W,Liga Europeia 2021
2021-05-21,2021,LUX,CRO,2298.90,2293.00,L,Liga Europeia 2021
2021-05-21,2021,AUT,HUN,2442.61,2420.19,L,Liga Europeia 2021
2021-05-21,2021,HUN,AUT,2254.46,2276.88,W,Liga Europeia 2021
2021-05-22,2021,DEN,CYP,2352.21,2373.86,W,Liga Europeia 2021
2021-05-22,2021,CYP,DEN,2517.51,2495.87,L,Liga Europeia 2021
2021-05-22,2021,ISR,MKD,2238.77,2234.21,L,Liga Europeia 2021
2021-05-22,2021,MKD,ISR,2537.25,2541.81,W,Liga Europeia 2021
2021-05-22,2021,HUN,LUX,2276.88,2292.57,W,Liga Europeia 2021
2021-05-22,2021,LUX,HUN,2293.00,2277.31,L,Liga Europeia 2021
2021-05-22,2021,CRO,AUT,2549.29,2558.96,W,Liga Europeia 2021
2021-05-22,2021,AUT,CRO,2420.19,2410.53,L,Liga Europeia 2021
2021-05-23,2021,ISR,CYP,2234.21,2258.76,W,Liga Europeia 2021
2021-05-23,2021,CYP,ISR,2495.87,2471.32,L,Liga Europeia 2021
2021-05-23,2021,MKD,DEN,2541.81,2520.07,L,Liga Europeia 2021
2021-05-23,2021,DEN,MKD,2373.86,2395.59,W,Liga Europeia 2021
2021-05-23,2021,HUN,CRO,2292.57,2317.25,W,Liga Europeia 2021
2021-05-23,2021,CRO,HUN,2558.96,2534.29,L,Liga Europeia 2021
2021-05-23,2021,LUX,AUT,2277.31,2267.79,L,Liga Europeia 2021
2021-05-23,2021,AUT,LUX,2410.53,2420.04,W,Liga Europeia 2021
2021-05-27,2021,AUT,HUN,2420.04,2400.73,L,Liga Europeia 2021
2021-05-27,2021,HUN,AUT,2317.25,2336.56,W,Liga Europeia 2021
2021-05-27,2021,CRO,LUX,2534.29,2539.61,W,Liga Europeia 2021
2021-05-27,2021,LUX,CRO,2267.79,2262.47,L,Liga Europeia 2021
2021-05-28,2021,FRA,BUL,2991.88,2997.68,W,Nations League 2021
2021-05-28,2021,BUL,FRA,2743.78,2737.98,L,Nations League 2021
2021-05-28,2021,GER,AUS,2723.02,2734.38,W,Nations League 2021
2021-05-28,2021,AUS,GER,2636.80,2625.45,L,Nations League 2021
2021-05-28,2021,JPN,IRI,2705.24,2727.78,W,Nations League 2021
2021-05-28,2021,IRI,JPN,2897.36,2874.81,L,Nations League 2021
2021-05-28,2021,SRB,SLO,2895.95,2905.59,W,Nations League 2021
2021-05-28,2021,SLO,SRB,2765.98,2756.35,L,Nations League 2021
2021-05-28,2021,NED,RUS,2744.14,2738.62,L,Nations League 2021
2021-05-28,2021,RUS,NED,3002.86,3008.38,W,Nations League 2021
2021-05-28,2021,USA,CAN,2934.86,2946.80,W,Nations League 2021
2021-05-28,2021,CAN,USA,2862.79,2850.86,L,Nations League 2021
2021-05-28,2021,POL,ITA,2971.45,2982.73,W,Nations League 2021
2021-05-28,2021,ITA,POL,2883.35,2872.08,L,Nations League 2021
2021-05-28,2021,BRA,ARG,3055.50,3060.59,W,Nations League 2021
2021-05-28,2021,ARG,BRA,2779.36,2774.28,L,Nations League 2021
2021-05-28,2021,EST,ESP,2595.02,2609.84,W,Liga Europeia 2021
2021-05-28,2021,ESP,EST,2590.86,2576.04,L,Liga Europeia 2021
2021-05-28,2021,LAT,BEL,2520.91,2512.67,L,Liga Europeia 2021
2021-05-28,2021,BEL,LAT,2689.52,2697.76,W,Liga Europeia 2021
2021-05-28,2021,CZE,TUR,2638.37,2623.66,L,Liga Europeia 2021
2021-05-28,2021,TUR,CZE,2644.91,2659.63,W,Liga Europeia 2021
2021-05-28,2021,ISR,CYP,2258.76,2251.94,L,Liga Europeia 2021
2021-05-28,2021,CYP,ISR,2471.32,2478.14,W,Liga Europeia 2021
2021-05-28,2021,MKD,DEN,2520.07,2529.92,W,Liga Europeia 2021
2021-05-28,2021,DEN,MKD,2395.59,2385.75,L,Liga Europeia 2021
2021-05-28,2021,HUN,CRO,2336.56,2329.45,L,Liga Europeia 2021
2021-05-28,2021,CRO,HUN,2539.61,2546.72,W,Liga Europeia 2021
2021-05-29,2021,GER,FRA,2734.38,2728.97,L,Nations League 2021
2021-05-29,2021,FRA,GER,2997.68,3003.08,W,Nations League 2021
2021-05-29,2021,IRI,RUS,2874.81,2865.31,L,Nations League 2021
2021-05-29,2021,RUS,IRI,3008.38,3017.88,W,Nations League 2021
2021-05-29,2021,NED,JPN,2738.62,2723.15,L,Nations League 2021
2021-05-29,2021,JPN,NED,2727.78,2743.25,W,Nations League 2021
2021-05-29,2021,AUS,BUL,2625.45,2615.15,L,Nations League 2021
2021-05-29,2021,BUL,AUS,2737.98,2748.28,W,Nations League 2021
2021-05-29,2021,POL,SRB,2982.73,2994.45,W,Nations League 2021
2021-05-29,2021,SRB,POL,2905.59,2893.86,L,Nations League 2021
2021-05-29,2021,ITA,SLO,2872.08,2852.26,L,Nations League 2021
2021-05-29,2021,SLO,ITA,2756.35,2776.17,W,Nations League 2021
2021-05-29,2021,ARG,CAN,2774.28,2762.53,L,Nations League 2021
2021-05-29,2021,CAN,ARG,2850.86,2862.61,W,Nations League 2021
2021-05-29,2021,USA,BRA,2946.80,2936.54,L,Nations League 2021
2021-05-29,2021,BRA,USA,3060.59,3070.84,W,Nations League 2021
2021-05-29,2021,ESP,BEL,2576.04,2566.09,L,Liga Europeia 2021
2021-05-29,2021,BEL,ESP,2697.76,2707.71,W,Liga Europeia 2021
2021-05-29,2021,EST,LAT,2609.84,2620.75,W,Liga Europeia 2021
2021-05-29,2021,LAT,EST,2512.67,2501.76,L,Liga Europeia 2021
2021-05-29,2021,POR,TUR,2597.28,2584.94,L,Liga Europeia 2021
2021-05-29,2021,TUR,POR,2659.63,2671.97,W,Liga Europeia 2021
2021-05-29,2021,BLR,CZE,2531.15,2550.05,W,Liga Europeia 2021
2021-05-29,2021,CZE,BLR,2623.66,2604.75,L,Liga Europeia 2021
2021-05-29,2021,ISR,MKD,2251.94,2246.91,L,Liga Europeia 2021
2021-05-29,2021,MKD,ISR,2529.92,2534.96,W,Liga Europeia 2021
2021-05-29,2021,DEN,CYP,2385.75,2404.64,W,Liga Europeia 2021
2021-05-29,2021,CYP,DEN,2478.14,2459.24,L,Liga Europeia 2021
2021-05-29,2021,CRO,AUT,2546.72,2529.26,L,Liga Europeia 2021
2021-05-29,2021,AUT,CRO,2400.73,2421.68,W,Liga Europeia 2021
2021-05-29,2021,HUN,LUX,2329.45,2339.57,W,Liga Europeia 2021
2021-05-29,2021,LUX,HUN,2262.47,2250.33,L,Liga Europeia 2021
2021-05-30,2021,AUS,FRA,2615.15,2612.24,L,Nations League 2021
2021-05-30,2021,FRA,AUS,3003.08,3005.99,W,Nations League 2021
2021-05-30,2021,NED,IRI,2723.15,2713.97,L,Nations League 2021
2021-05-30,2021,IRI,NED,2865.31,2874.50,W,Nations League 2021
2021-05-30,2021,GER,BUL,2728.97,2744.81,W,Nations League 2021
2021-05-30,2021,BUL,GER,2748.28,2732.45,L,Nations League 2021
2021-05-30,2021,RUS,JPN,3017.88,2993.00,L,Nations League 2021
2021-05-30,2021,JPN,RUS,2743.25,2768.13,W,Nations League 2021
2021-05-30,2021,USA,ARG,2936.54,2944.60,W,Nations League 2021
2021-05-30,2021,ARG,USA,2762.53,2754.47,L,Nations League 2021
2021-05-30,2021,CAN,BRA,2862.61,2855.66,L,Nations League 2021
2021-05-30,2021,BRA,CAN,3070.84,3077.79,W,Nations League 2021
2021-05-30,2021,POL,SLO,2994.45,2971.10,L,Nations League 2021
2021-05-30,2021,SLO,POL,2776.17,2799.52,W,Nations League 2021
2021-05-30,2021,SRB,ITA,2893.86,2907.07,W,Nations League 2021
2021-05-30,2021,ITA,SRB,2852.26,2839.05,L,Nations League 2021
2021-05-30,2021,ESP,LAT,2566.09,2578.35,W,Liga Europeia 2021
2021-05-30,2021,LAT,ESP,2501.76,2489.51,L,Liga Europeia 2021
2021-05-30,2021,BEL,EST,2707.71,2689.03,L,Liga Europeia 2021
2021-05-30,2021,EST,BEL,2620.75,2639.43,W,Liga Europeia 2021
2021-05-30,2021,CZE,POR,2604.75,2588.90,L,Liga Europeia 2021
2021-05-30,2021,POR,CZE,2584.94,2600.80,W,Liga Europeia 2021
2021-05-30,2021,TUR,BLR,2671.97,2681.91,W,Liga Europeia 2021
2021-05-30,2021,BLR,TUR,2550.05,2540.11,L,Liga Europeia 2021
2021-05-30,2021,CYP,MKD,2459.24,2449.42,L,Liga Europeia 2021
2021-05-30,2021,MKD,CYP,2534.96,2544.78,W,Liga Europeia 2021
2021-05-30,2021,DEN,ISR,2404.64,2386.83,L,Liga Europeia 2021
2021-05-30,2021,ISR,DEN,2246.91,2264.72,W,Liga Europeia 2021
2021-05-30,2021,LUX,AUT,2250.33,2268.54,W,Liga Europeia 2021
2021-05-30,2021,AUT,LUX,2421.68,2403.47,L,Liga Europeia 2021
2021-05-31,2021,BLR,POR,2540.11,2557.70,W,Liga Europeia 2021
2021-05-31,2021,POR,BLR,2600.80,2583.20,L,Liga Europeia 2021
2021-06-01,2021,UKR,ROU,2625.60,2636.34,W,Liga Europeia 2021
2021-06-01,2021,ROU,UKR,2524.01,2513.28,L,Liga Europeia 2021
2021-06-02,2021,ROU,SVK,2513.28,2497.63,L,Liga Europeia 2021
2021-06-02,2021,SVK,ROU,2498.19,2513.84,W,Liga Europeia 2021
2021-06-03,2021,GER,ARG,2744.81,2730.22,L,Nations League 2021
2021-06-03,2021,ARG,GER,2754.47,2769.06,W,Nations League 2021
2021-06-03,2021,IRI,CAN,2874.50,2888.68,W,Nations League 2021
2021-06-03,2021,CAN,IRI,2855.66,2841.47,L,Nations League 2021
2021-06-03,2021,JPN,SRB,2768.13,2758.82,L,Nations League 2021
2021-06-03,2021,SRB,JPN,2907.07,2916.38,W,Nations League 2021
2021-06-03,2021,BRA,FRA,3077.79,3059.74,L,Nations League 2021
2021-06-03,2021,FRA,BRA,3005.99,3024.04,W,Nations League 2021
2021-06-03,2021,NED,SLO,2713.97,2702.59,L,Nations League 2021
2021-06-03,2021,SLO,NED,2799.52,2810.90,W,Nations League 2021
2021-06-03,2021,AUS,POL,2612.24,2608.87,L,Nations League 2021
2021-06-03,2021,POL,AUS,2971.10,2974.47,W,Nations League 2021
2021-06-03,2021,ITA,BUL,2839.05,2849.58,W,Nations League 2021
2021-06-03,2021,BUL,ITA,2732.45,2721.91,L,Nations League 2021
2021-06-03,2021,RUS,USA,2993.00,3005.93,W,Nations League 2021
2021-06-03,2021,USA,RUS,2944.60,2931.67,L,Nations League 2021
2021-06-03,2021,SVK,UKR,2513.84,2503.92,L,Liga Europeia 2021
2021-06-03,2021,UKR,SVK,2636.34,2646.26,W,Liga Europeia 2021
2021-06-04,2021,ARG,SLO,2769.06,2755.85,L,Nations League 2021
2021-06-04,2021,SLO,ARG,2810.90,2824.10,W,Nations League 2021
2021-06-04,2021,NED,GER,2702.59,2718.78,W,Nations League 2021
2021-06-04,2021,GER,NED,2730.22,2714.03,L,Nations League 2021
2021-06-04,2021,BRA,JPN,3059.74,3064.25,W,Nations League 2021
2021-06-04,2021,JPN,BRA,2758.82,2754.31,L,Nations League 2021
2021-06-04,2021,SRB,FRA,2916.38,2935.88,W,Nations League 2021
2021-06-04,2021,FRA,SRB,3024.04,3004.54,L,Nations League 2021
2021-06-04,2021,IRI,ITA,2888.68,2902.00,W,Nations League 2021
2021-06-04,2021,ITA,IRI,2849.58,2836.26,L,Nations League 2021
2021-06-04,2021,POL,USA,2974.47,2987.64,W,Nations League 2021
2021-06-04,2021,USA,POL,2931.67,2918.51,L,Nations League 2021
2021-06-04,2021,RUS,AUS,3005.93,3008.70,W,Nations League 2021
2021-06-04,2021,AUS,RUS,2608.87,2606.10,L,Nations League 2021
2021-06-04,2021,CAN,BUL,2841.47,2851.50,W,Nations League 2021
2021-06-04,2021,BUL,CAN,2721.91,2711.88,L,Nations League 2021
2021-06-04,2021,EST,ESP,2639.43,2651.82,W,Liga Europeia 2021
2021-06-04,2021,ESP,EST,2578.35,2565.96,L,Liga Europeia 2021
2021-06-04,2021,LAT,BEL,2489.51,2482.28,L,Liga Europeia 2021
2021-06-04,2021,BEL,LAT,2689.03,2696.26,W,Liga Europeia 2021
2021-06-04,2021,ROU,UKR,2497.63,2488.68,L,Liga Europeia 2021
2021-06-04,2021,UKR,ROU,2646.26,2655.21,W,Liga Europeia 2021
2021-06-04,2021,TUR,BLR,2681.91,2691.77,W,Liga Europeia 2021
2021-06-04,2021,BLR,TUR,2557.70,2547.85,L,Liga Europeia 2021
2021-06-04,2021,CZE,POR,2588.90,2603.65,W,Liga Europeia 2021
2021-06-04,2021,POR,CZE,2583.20,2568.45,L,Liga Europeia 2021
2021-06-05,2021,NED,ARG,2718.78,2707.61,L,Nations League 2021
2021-06-05,2021,ARG,NED,2755.85,2767.03,W,Nations League 2021
2021-06-05,2021,SLO,GER,2824.10,2807.77,L,Nations League 2021
2021-06-05,2021,GER,SLO,2714.03,2730.37,W,Nations League 2021
2021-06-05,2021,FRA,JPN,3004.54,3009.32,W,Nations League 2021
2021-06-05,2021,JPN,FRA,2754.31,2749.53,L,Nations League 2021
2021-06-05,2021,BRA,SRB,3064.25,3072.33,W,Nations League 2021
2021-06-05,2021,SRB,BRA,2935.88,2927.80,L,Nations League 2021
2021-06-05,2021,RUS,POL,3008.70,2995.44,L,Nations League 2021
2021-06-05,2021,POL,RUS,2987.64,3000.89,W,Nations League 2021
2021-06-05,2021,USA,AUS,2918.51,2922.06,W,Nations League 2021
2021-06-05,2021,AUS,USA,2606.10,2602.55,L,Nations League 2021
2021-06-05,2021,BUL,IRI,2711.88,2705.61,L,Nations League 2021
2021-06-05,2021,IRI,BUL,2902.00,2908.27,W,Nations League 2021
2021-06-05,2021,CAN,ITA,2851.50,2838.45,L,Nations League 2021
2021-06-05,2021,ITA,CAN,2836.26,2849.31,W,Nations League 2021
2021-06-05,2021,ESP,LAT,2565.96,2577.41,W,Liga Europeia 2021
2021-06-05,2021,LAT,ESP,2482.28,2470.83,L,Liga Europeia 2021
2021-06-05,2021,BEL,EST,2696.26,2679.35,L,Liga Europeia 2021
2021-06-05,2021,EST,BEL,2651.82,2668.73,W,Liga Europeia 2021
2021-06-05,2021,SVK,ROU,2503.92,2488.26,L,Liga Europeia 2021
2021-06-05,2021,ROU,SVK,2488.68,2504.34,W,Liga Europeia 2021
2021-06-05,2021,BLR,CZE,2547.85,2535.24,L,Liga Europeia 2021
2021-06-05,2021,CZE,BLR,2603.65,2616.27,W,Liga Europeia 2021
2021-06-05,2021,POR,TUR,2568.45,2558.56,L,Liga Europeia 2021
2021-06-05,2021,TUR,POR,2691.77,2701.65,W,Liga Europeia 2021
2021-06-05,2021,MKD,CRO,2544.78,2556.72,W,Liga Europeia 2021
2021-06-05,2021,CRO,MKD,2529.26,2517.31,L,Liga Europeia 2021
2021-06-05,2021,HUN,DEN,2339.57,2328.76,L,Liga Europeia 2021
2021-06-05,2021,DEN,HUN,2386.83,2397.64,W,Liga Europeia 2021
2021-06-06,2021,ESP,BEL,2577.41,2568.48,L,Liga Europeia 2021
2021-06-06,2021,BEL,ESP,2679.35,2688.28,W,Liga Europeia 2021
2021-06-06,2021,EST,LAT,2668.73,2674.79,W,Liga Europeia 2021
2021-06-06,2021,LAT,EST,2470.83,2464.77,L,Liga Europeia 2021
2021-06-06,2021,UKR,SVK,2655.21,2663.51,W,Liga Europeia 2021
2021-06-06,2021,SVK,UKR,2488.26,2479.96,L,Liga Europeia 2021
2021-06-06,2021,CZE,TUR,2616.27,2606.78,L,Liga Europeia 2021
2021-06-06,2021,TUR,CZE,2701.65,2711.14,W,Liga Europeia 2021
2021-06-06,2021,BLR,POR,2535.24,2548.57,W,Liga Europeia 2021
2021-06-06,2021,POR,BLR,2558.56,2545.22,L,Liga Europeia 2021
2021-06-06,2021,CRO,HUN,2517.31,2498.63,L,Liga Europeia 2021
2021-06-06,2021,HUN,CRO,2328.76,2347.45,W,Liga Europeia 2021
2021-06-06,2021,MKD,DEN,2556.72,2538.86,L,Liga Europeia 2021
2021-06-06,2021,DEN,MKD,2397.64,2415.49,W,Liga Europeia 2021
2021-06-09,2021,SRB,GER,2927.80,2933.87,W,Nations League 2021
2021-06-09,2021,GER,SRB,2730.37,2724.29,L,Nations League 2021
2021-06-09,2021,JPN,AUS,2749.53,2757.03,W,Nations League 2021
2021-06-09,2021,AUS,JPN,2602.55,2595.04,L,Nations League 2021
2021-06-09,2021,FRA,RUS,3009.32,3021.32,W,Nations League 2021
2021-06-09,2021,RUS,FRA,2995.44,2983.44,L,Nations League 2021
2021-06-09,2021,SLO,CAN,2807.77,2821.37,W,Nations League 2021
2021-06-09,2021,CAN,SLO,2838.45,2824.85,L,Nations League 2021
2021-06-09,2021,ARG,ITA,2767.03,2757.43,L,Nations League 2021
2021-06-09,2021,ITA,ARG,2849.31,2858.91,W,Nations League 2021
2021-06-09,2021,IRI,USA,2908.27,2921.27,W,Nations League 2021
2021-06-09,2021,USA,IRI,2922.06,2909.07,L,Nations League 2021
2021-06-09,2021,POL,BUL,3000.89,3004.75,W,Nations League 2021
2021-06-09,2021,BUL,POL,2705.61,2701.75,L,Nations League 2021
2021-06-09,2021,NED,BRA,2707.61,2704.88,L,Nations League 2021
2021-06-09,2021,BRA,NED,3072.33,3075.06,W,Nations League 2021
2021-06-10,2021,SRB,IRI,2933.87,2945.92,W,Nations League 2021
2021-06-10,2021,IRI,SRB,2921.27,2909.22,L,Nations League 2021
2021-06-10,2021,RUS,CAN,2983.44,2990.60,W,Nations League 2021
2021-06-10,2021,CAN,RUS,2824.85,2817.69,L,Nations League 2021
2021-06-10,2021,FRA,SLO,3021.32,3002.33,L,Nations League 2021
2021-06-10,2021,SLO,FRA,2821.37,2840.36,W,Nations League 2021
2021-06-10,2021,ARG,AUS,2757.43,2764.48,W,Nations League 2021
2021-06-10,2021,AUS,ARG,2595.04,2587.99,L,Nations League 2021
2021-06-10,2021,GER,USA,2724.29,2717.88,L,Nations League 2021
2021-06-10,2021,USA,GER,2909.07,2915.48,W,Nations League 2021
2021-06-10,2021,BUL,BRA,2701.75,2699.14,L,Nations League 2021
2021-06-10,2021,BRA,BUL,3075.06,3077.67,W,Nations League 2021
2021-06-10,2021,JPN,ITA,2757.03,2773.10,W,Nations League 2021
2021-06-10,2021,ITA,JPN,2858.91,2842.84,L,Nations League 2021
2021-06-10,2021,POL,NED,3004.75,3008.53,W,Nations League 2021
2021-06-10,2021,NED,POL,2704.88,2701.10,L,Nations League 2021
2021-06-11,2021,IRI,GER,2909.22,2890.46,L,Nations League 2021
2021-06-11,2021,GER,IRI,2717.88,2736.64,W,Nations League 2021
2021-06-11,2021,SLO,RUS,2840.36,2857.95,W,Nations League 2021
2021-06-11,2021,RUS,SLO,2990.60,2973.01,L,Nations League 2021
2021-06-11,2021,JPN,ARG,2773.10,2760.29,L,Nations League 2021
2021-06-11,2021,ARG,JPN,2764.48,2777.29,W,Nations League 2021
2021-06-11,2021,NED,BUL,2701.10,2688.53,L,Nations League 2021
2021-06-11,2021,BUL,NED,2699.14,2711.71,W,Nations League 2021
2021-06-11,2021,AUS,ITA,2587.99,2583.31,L,Nations League 2021
2021-06-11,2021,ITA,AUS,2842.84,2847.53,W,Nations League 2021
2021-06-11,2021,USA,SRB,2915.48,2904.08,L,Nations League 2021
2021-06-11,2021,SRB,USA,2945.92,2957.33,W,Nations League 2021
2021-06-11,2021,CAN,FRA,2817.69,2811.27,L,Nations League 2021
2021-06-11,2021,FRA,CAN,3002.33,3008.75,W,Nations League 2021
2021-06-11,2021,POL,BRA,3008.53,2998.49,L,Nations League 2021
2021-06-11,2021,BRA,POL,3077.67,3087.71,W,Nations League 2021
2021-06-15,2021,RUS,SRB,2973.01,2982.56,W,Nations League 2021
2021-06-15,2021,SRB,RUS,2957.33,2947.78,L,Nations League 2021
2021-06-15,2021,IRI,AUS,2890.46,2873.37,L,Nations League 2021
2021-06-15,2021,AUS,IRI,2583.31,2600.39,W,Nations League 2021
2021-06-15,2021,ARG,BUL,2777.29,2785.43,W,Nations League 2021
2021-06-15,2021,BUL,ARG,2711.71,2703.57,L,Nations League 2021
2021-06-15,2021,JPN,GER,2760.29,2769.61,W,Nations League 2021
2021-06-15,2021,GER,JPN,2736.64,2727.32,L,Nations League 2021
2021-06-15,2021,ITA,USA,2847.53,2839.14,L,Nations League 2021
2021-06-15,2021,USA,ITA,2904.08,2912.46,W,Nations League 2021
2021-06-15,2021,CAN,POL,2811.27,2806.19,L,Nations League 2021
2021-06-15,2021,POL,CAN,2998.49,3003.57,W,Nations League 2021
2021-06-15,2021,BRA,SLO,3087.71,3091.92,W,Nations League 2021
2021-06-15,2021,SLO,BRA,2857.95,2853.75,L,Nations League 2021
2021-06-15,2021,NED,FRA,2688.53,2705.80,W,Nations League 2021
2021-06-15,2021,FRA,NED,3008.75,2991.48,L,Nations League 2021
2021-06-16,2021,ARG,RUS,2785.43,2780.56,L,Nations League 2021
2021-06-16,2021,RUS,ARG,2982.56,2987.42,W,Nations League 2021
2021-06-16,2021,SRB,BUL,2947.78,2951.72,W,Nations League 2021
2021-06-16,2021,BUL,SRB,2703.57,2699.63,L,Nations League 2021
2021-06-16,2021,SLO,AUS,2853.75,2857.52,W,Nations League 2021
2021-06-16,2021,AUS,SLO,2600.39,2596.62,L,Nations League 2021
2021-06-16,2021,JPN,POL,2769.61,2765.48,L,Nations League 2021
2021-06-16,2021,POL,JPN,3003.57,3007.69,W,Nations League 2021
2021-06-16,2021,NED,ITA,2705.80,2699.46,L,Nations League 2021
2021-06-16,2021,ITA,NED,2839.14,2845.48,W,Nations League 2021
2021-06-16,2021,CAN,GER,2806.19,2813.96,W,Nations League 2021
2021-06-16,2021,GER,CAN,2727.32,2719.55,L,Nations League 2021
2021-06-16,2021,USA,FRA,2912.46,2904.70,L,Nations League 2021
2021-06-16,2021,FRA,USA,2991.48,2999.25,W,Nations League 2021
2021-06-16,2021,IRI,BRA,2873.37,2868.95,L,Nations League 2021
2021-06-16,2021,BRA,IRI,3091.92,3096.35,W,Nations League 2021
2021-06-17,2021,ARG,SRB,2780.56,2795.12,W,Nations League 2021
2021-06-17,2021,SRB,ARG,2951.72,2937.15,L,Nations League 2021
2021-06-17,2021,BUL,RUS,2699.63,2696.43,L,Nations League 2021
2021-06-17,2021,RUS,BUL,2987.42,2990.63,W,Nations League 2021
2021-06-17,2021,JPN,CAN,2765.48,2756.87,L,Nations League 2021
2021-06-17,2021,CAN,JPN,2813.96,2822.58,W,Nations League 2021
2021-06-17,2021,AUS,BRA,2596.62,2595.55,L,Nations League 2021
2021-06-17,2021,BRA,AUS,3096.35,3097.41,W,Nations League 2021
2021-06-17,2021,IRI,SLO,2868.95,2858.62,L,Nations League 2021
2021-06-17,2021,SLO,IRI,2857.52,2867.85,W,Nations League 2021
2021-06-17,2021,NED,USA,2699.46,2694.76,L,Nations League 2021
2021-06-17,2021,USA,NED,2904.70,2909.39,W,Nations League 2021
2021-06-17,2021,FRA,ITA,2999.25,2985.09,L,Nations League 2021
2021-06-17,2021,ITA,FRA,2845.48,2859.64,W,Nations League 2021
2021-06-17,2021,GER,POL,2719.55,2716.35,L,Nations League 2021
2021-06-17,2021,POL,GER,3007.69,3010.89,W,Nations League 2021
2021-06-19,2021,EST,TUR,2674.79,2663.59,L,Liga Europeia 2021
2021-06-19,2021,TUR,EST,2711.14,2722.34,W,Liga Europeia 2021
2021-06-19,2021,UKR,BEL,2663.51,2679.58,W,Liga Europeia 2021
2021-06-19,2021,BEL,UKR,2688.28,2674.89,L,Liga Europeia 2021
2021-06-20,2021,EST,BEL,2663.59,2676.50,W,Liga Europeia 2021
2021-06-20,2021,BEL,EST,2674.89,2661.99,L,Liga Europeia 2021
2021-06-20,2021,TUR,UKR,2722.34,2733.31,W,Liga Europeia 2021
2021-06-20,2021,UKR,TUR,2679.58,2668.61,L,Liga Europeia 2021
2021-06-21,2021,AUS,SRB,2595.55,2593.10,L,Nations League 2021
2021-06-21,2021,SRB,AUS,2937.15,2939.61,W,Nations League 2021
2021-06-21,2021,JPN,BUL,2756.87,2765.14,W,Nations League 2021
2021-06-21,2021,BUL,JPN,2696.43,2688.15,L,Nations League 2021
2021-06-21,2021,FRA,IRI,2985.09,2991.60,W,Nations League 2021
2021-06-21,2021,IRI,FRA,2858.62,2852.11,L,Nations League 2021
2021-06-21,2021,CAN,NED,2822.58,2829.05,W,Nations League 2021
2021-06-21,2021,NED,CAN,2694.76,2688.28,L,Nations League 2021
2021-06-21,2021,BRA,ITA,3097.41,3101.47,W,Nations League 2021
2021-06-21,2021,ITA,BRA,2859.64,2855.58,L,Nations League 2021
2021-06-21,2021,SLO,USA,2867.85,2879.04,W,Nations League 2021
2021-06-21,2021,USA,SLO,2909.39,2898.20,L,Nations League 2021
2021-06-21,2021,POL,ARG,3010.89,3015.37,W,Nations League 2021
2021-06-21,2021,ARG,POL,2795.12,2790.64,L,Nations League 2021
2021-06-21,2021,GER,RUS,2716.35,2712.93,L,Nations League 2021
2021-06-21,2021,RUS,GER,2990.63,2994.04,W,Nations League 2021
2021-06-22,2021,CAN,AUS,2829.05,2832.12,W,Nations League 2021
2021-06-22,2021,AUS,CAN,2593.10,2590.03,L,Nations League 2021
2021-06-22,2021,SRB,NED,2939.61,2942.47,W,Nations League 2021
2021-06-22,2021,NED,SRB,2688.28,2685.43,L,Nations League 2021
2021-06-22,2021,BUL,USA,2688.15,2684.70,L,Nations League 2021
2021-06-22,2021,USA,BUL,2898.20,2901.65,W,Nations League 2021
2021-06-22,2021,IRI,POL,2852.11,2847.89,L,Nations League 2021
2021-06-22,2021,POL,IRI,3015.37,3019.59,W,Nations League 2021
2021-06-22,2021,JPN,SLO,2765.14,2760.02,L,Nations League 2021
2021-06-22,2021,SLO,JPN,2879.04,2884.17,W,Nations League 2021
2021-06-22,2021,FRA,ARG,2991.60,2995.19,W,Nations League 2021
2021-06-22,2021,ARG,FRA,2790.64,2787.05,L,Nations League 2021
2021-06-22,2021,BRA,GER,3101.47,3102.92,W,Nations League 2021
2021-06-22,2021,GER,BRA,2712.93,2711.49,L,Nations League 2021
2021-06-22,2021,RUS,ITA,2994.04,2998.70,W,Nations League 2021
2021-06-22,2021,ITA,RUS,2855.58,2850.92,L,Nations League 2021
2021-06-23,2021,AUS,NED,2590.03,2584.54,L,Nations League 2021
2021-06-23,2021,NED,AUS,2685.43,2690.92,W,Nations League 2021
2021-06-23,2021,CAN,SRB,2832.12,2841.93,W,Nations League 2021
2021-06-23,2021,SRB,CAN,2942.47,2932.66,L,Nations League 2021
2021-06-23,2021,USA,JPN,2901.65,2906.25,W,Nations League 2021
2021-06-23,2021,JPN,USA,2760.02,2755.42,L,Nations League 2021
2021-06-23,2021,FRA,POL,2995.19,3003.22,W,Nations League 2021
2021-06-23,2021,POL,FRA,3019.59,3011.56,L,Nations League 2021
2021-06-23,2021,IRI,ARG,2847.89,2839.09,L,Nations League 2021
2021-06-23,2021,ARG,IRI,2787.05,2795.85,W,Nations League 2021
2021-06-23,2021,SLO,BUL,2884.17,2887.78,W,Nations League 2021
2021-06-23,2021,BUL,SLO,2684.70,2681.09,L,Nations League 2021
2021-06-23,2021,ITA,GER,2850.92,2855.56,W,Nations League 2021
2021-06-23,2021,GER,ITA,2711.49,2706.84,L,Nations League 2021
2021-06-23,2021,BRA,RUS,3102.92,3093.23,L,Nations League 2021
2021-06-23,2021,RUS,BRA,2998.70,3008.39,W,Nations League 2021
2021-06-26,2021,BRA,FRA,3093.23,3098.83,W,Nations League 2021
2021-06-26,2021,FRA,BRA,3003.22,2997.62,L,Nations League 2021
2021-06-26,2021,POL,SLO,3011.56,3016.50,W,Nations League 2021
2021-06-26,2021,SLO,POL,2887.78,2882.84,L,Nations League 2021
2021-06-27,2021,FRA,SLO,2997.62,3002.73,W,Nations League 2021
2021-06-27,2021,SLO,FRA,2882.84,2877.73,L,Nations League 2021
2021-06-27,2021,BRA,POL,3098.83,3104.59,W,Nations League 2021
2021-06-27,2021,POL,BRA,3016.50,3010.74,L,Nations League 2021
2021-07-14,2021,SRI,UZB,2274.16,2283.45,W,Campeonato Asiatico 2021
2021-07-14,2021,UZB,SRI,2134.86,2125.58,L,Campeonato Asiatico 2021
2021-07-24,2021,ITA,CAN,2855.56,2862.77,W,Jogos Olimpicos 2021
2021-07-24,2021,CAN,ITA,2841.93,2834.72,L,Jogos Olimpicos 2021
2021-07-24,2021,BRA,TUN,3104.59,3104.98,W,Jogos Olimpicos 2021
2021-07-24,2021,TUN,BRA,2550.85,2549.66,L,Jogos Olimpicos 2021
2021-07-24,2021,RUS,ARG,3008.39,3011.80,W,Jogos Olimpicos 2021
2021-07-24,2021,ARG,RUS,2795.85,2792.44,L,Jogos Olimpicos 2021
2021-07-24,2021,JPN,VEN,2755.42,2758.20,W,Jogos Olimpicos 2021
2021-07-24,2021,VEN,JPN,2498.49,2492.92,L,Jogos Olimpicos 2021
2021-07-24,2021,POL,IRI,3010.74,3003.46,L,Jogos Olimpicos 2021
2021-07-24,2021,IRI,POL,2839.09,2850.02,W,Jogos Olimpicos 2021
2021-07-24,2021,USA,FRA,2906.25,2915.78,W,Jogos Olimpicos 2021
2021-07-24,2021,FRA,USA,3002.73,2996.37,L,Jogos Olimpicos 2021
2021-07-26,2021,IRI,VEN,2850.02,2851.73,W,Jogos Olimpicos 2021
2021-07-26,2021,VEN,IRI,2492.92,2489.52,L,Jogos Olimpicos 2021
2021-07-26,2021,USA,RUS,2915.78,2910.31,L,Jogos Olimpicos 2021
2021-07-26,2021,RUS,USA,3011.80,3017.28,W,Jogos Olimpicos 2021
2021-07-26,2021,POL,ITA,3003.46,3006.53,W,Jogos Olimpicos 2021
2021-07-26,2021,ITA,POL,2862.77,2858.15,L,Jogos Olimpicos 2021
2021-07-26,2021,FRA,TUN,2996.37,2997.08,W,Jogos Olimpicos 2021
2021-07-26,2021,TUN,FRA,2549.66,2547.53,L,Jogos Olimpicos 2021
2021-07-26,2021,JPN,CAN,2758.20,2767.33,W,Jogos Olimpicos 2021
2021-07-26,2021,CAN,JPN,2834.72,2825.60,L,Jogos Olimpicos 2021
2021-07-26,2021,BRA,ARG,3104.98,3106.40,W,Jogos Olimpicos 2021
2021-07-26,2021,ARG,BRA,2792.44,2790.31,L,Jogos Olimpicos 2021
2021-07-28,2021,CAN,IRI,2825.60,2830.97,W,Jogos Olimpicos 2021
2021-07-28,2021,IRI,CAN,2851.73,2846.35,L,Jogos Olimpicos 2021
2021-07-28,2021,USA,TUN,2910.31,2911.41,W,Jogos Olimpicos 2021
2021-07-28,2021,TUN,USA,2547.53,2544.22,L,Jogos Olimpicos 2021
2021-07-28,2021,ARG,FRA,2790.31,2797.98,W,Jogos Olimpicos 2021
2021-07-28,2021,FRA,ARG,2997.08,2989.42,L,Jogos Olimpicos 2021
2021-07-28,2021,POL,VEN,3006.53,3007.02,W,Jogos Olimpicos 2021
2021-07-28,2021,VEN,POL,2489.52,2488.06,L,Jogos Olimpicos 2021
2021-07-28,2021,JPN,ITA,2767.33,2763.60,L,Jogos Olimpicos 2021
2021-07-28,2021,ITA,JPN,2858.15,2861.87,W,Jogos Olimpicos 2021
2021-07-28,2021,BRA,RUS,3106.40,3100.15,L,Jogos Olimpicos 2021
2021-07-28,2021,RUS,BRA,3017.28,3023.53,W,Jogos Olimpicos 2021
2021-07-30,2021,CAN,VEN,2830.97,2832.19,W,Jogos Olimpicos 2021
2021-07-30,2021,VEN,CAN,2488.06,2484.40,L,Jogos Olimpicos 2021
2021-07-30,2021,BRA,USA,3100.15,3102.67,W,Jogos Olimpicos 2021
2021-07-30,2021,USA,BRA,2911.41,2908.89,L,Jogos Olimpicos 2021
2021-07-30,2021,JPN,POL,2763.60,2761.63,L,Jogos Olimpicos 2021
2021-07-30,2021,POL,JPN,3007.02,3009.00,W,Jogos Olimpicos 2021
2021-07-30,2021,ARG,TUN,2797.98,2799.86,W,Jogos Olimpicos 2021
2021-07-30,2021,TUN,ARG,2544.22,2538.57,L,Jogos Olimpicos 2021
2021-07-30,2021,ITA,IRI,2861.87,2866.65,W,Jogos Olimpicos 2021
2021-07-30,2021,IRI,ITA,2846.35,2841.57,L,Jogos Olimpicos 2021
2021-07-30,2021,RUS,FRA,3023.53,3018.04,L,Jogos Olimpicos 2021
2021-07-30,2021,FRA,RUS,2989.42,2994.90,W,Jogos Olimpicos 2021
2021-08-01,2021,POL,CAN,3009.00,3011.65,W,Jogos Olimpicos 2021
2021-08-01,2021,CAN,POL,2832.19,2829.54,L,Jogos Olimpicos 2021
2021-08-01,2021,BRA,FRA,3102.67,3106.17,W,Jogos Olimpicos 2021
2021-08-01,2021,FRA,BRA,2994.90,2991.41,L,Jogos Olimpicos 2021
2021-08-01,2021,RUS,TUN,3018.04,3018.64,W,Jogos Olimpicos 2021
2021-08-01,2021,TUN,RUS,2538.57,2536.78,L,Jogos Olimpicos 2021
2021-08-01,2021,ITA,VEN,2866.65,2867.65,W,Jogos Olimpicos 2021
2021-08-01,2021,VEN,ITA,2484.40,2481.41,L,Jogos Olimpicos 2021
2021-08-01,2021,JPN,IRI,2761.63,2767.76,W,Jogos Olimpicos 2021
2021-08-01,2021,IRI,JPN,2841.57,2835.44,L,Jogos Olimpicos 2021
2021-08-01,2021,USA,ARG,2908.89,2902.37,L,Jogos Olimpicos 2021
2021-08-01,2021,ARG,USA,2799.86,2806.38,W,Jogos Olimpicos 2021
2021-08-03,2021,POL,FRA,3011.65,3006.36,L,Jogos Olimpicos 2021
2021-08-03,2021,FRA,POL,2991.41,2996.70,W,Jogos Olimpicos 2021
2021-08-03,2021,ITA,ARG,2867.65,2861.77,L,Jogos Olimpicos 2021
2021-08-03,2021,ARG,ITA,2806.38,2812.26,W,Jogos Olimpicos 2021
2021-08-03,2021,JPN,BRA,2767.76,2766.51,L,Jogos Olimpicos 2021
2021-08-03,2021,BRA,JPN,3106.17,3107.41,W,Jogos Olimpicos 2021
2021-08-03,2021,CAN,RUS,2829.54,2827.02,L,Jogos Olimpicos 2021
2021-08-03,2021,RUS,CAN,3018.64,3021.16,W,Jogos Olimpicos 2021
2021-08-05,2021,FRA,ARG,2996.70,2999.27,W,Jogos Olimpicos 2021
2021-08-05,2021,ARG,FRA,2812.26,2809.69,L,Jogos Olimpicos 2021
2021-08-05,2021,BRA,RUS,3107.41,3101.20,L,Jogos Olimpicos 2021
2021-08-05,2021,RUS,BRA,3021.16,3027.37,W,Jogos Olimpicos 2021
2021-08-07,2021,ARG,BRA,2809.69,2818.11,W,Jogos Olimpicos 2021
2021-08-07,2021,BRA,ARG,3101.20,3092.77,L,Jogos Olimpicos 2021
2021-08-07,2021,FRA,RUS,2999.27,3004.67,W,Jogos Olimpicos 2021
2021-08-07,2021,RUS,FRA,3027.37,3021.97,L,Jogos Olimpicos 2021
2021-08-18,2021,USA,GUA,2902.37,2902.86,W,Campeonato NORCECA 2021
2021-08-18,2021,GUA,USA,2389.96,2388.47,L,Campeonato NORCECA 2021
2021-08-18,2021,CAN,PUR,2827.02,2818.39,L,Campeonato NORCECA 2021
2021-08-18,2021,PUR,CAN,2508.35,2534.22,W,Campeonato NORCECA 2021
2021-08-18,2021,CUB,DOM,2751.85,2756.34,W,Campeonato NORCECA 2021
2021-08-18,2021,DOM,CUB,2450.16,2445.67,L,Campeonato NORCECA 2021
2021-08-18,2021,MEX,TTO,2459.12,2471.04,W,Campeonato NORCECA 2021
2021-08-18,2021,TTO,MEX,2386.75,2374.83,L,Campeonato NORCECA 2021
2021-08-19,2021,CAN,TTO,2818.39,2819.12,W,Campeonato NORCECA 2021
2021-08-19,2021,TTO,CAN,2374.83,2372.66,L,Campeonato NORCECA 2021
2021-08-19,2021,CUB,GUA,2756.34,2759.56,W,Campeonato NORCECA 2021
2021-08-19,2021,GUA,CUB,2388.47,2385.25,L,Campeonato NORCECA 2021
2021-08-19,2021,USA,DOM,2902.86,2903.53,W,Campeonato NORCECA 2021
2021-08-19,2021,DOM,USA,2445.67,2443.65,L,Campeonato NORCECA 2021
2021-08-19,2021,MEX,PUR,2471.04,2488.74,W,Campeonato NORCECA 2021
2021-08-19,2021,PUR,MEX,2534.22,2516.52,L,Campeonato NORCECA 2021
2021-08-20,2021,PUR,TTO,2516.52,2525.65,W,Campeonato NORCECA 2021
2021-08-20,2021,TTO,PUR,2372.66,2363.54,L,Campeonato NORCECA 2021
2021-08-20,2021,DOM,GUA,2443.65,2456.16,W,Campeonato NORCECA 2021
2021-08-20,2021,GUA,DOM,2385.25,2372.75,L,Campeonato NORCECA 2021
2021-08-20,2021,USA,CUB,2903.53,2896.57,L,Campeonato NORCECA 2021
2021-08-20,2021,CUB,USA,2759.56,2780.44,W,Campeonato NORCECA 2021
2021-08-20,2021,MEX,CAN,2488.74,2514.84,W,Campeonato NORCECA 2021
2021-08-20,2021,CAN,MEX,2819.12,2810.42,L,Campeonato NORCECA 2021
2021-08-21,2021,USA,CAN,2896.57,2890.36,L,Campeonato NORCECA 2021
2021-08-21,2021,CAN,USA,2810.42,2816.63,W,Campeonato NORCECA 2021
2021-08-21,2021,PUR,DOM,2525.65,2537.68,W,Campeonato NORCECA 2021
2021-08-21,2021,DOM,PUR,2456.16,2444.12,L,Campeonato NORCECA 2021
2021-08-22,2021,TTO,DOM,2363.54,2351.96,L,Campeonato NORCECA 2021
2021-08-22,2021,DOM,TTO,2444.12,2455.70,W,Campeonato NORCECA 2021
2021-08-22,2021,GUA,USA,2372.75,2371.30,L,Campeonato NORCECA 2021
2021-08-22,2021,USA,GUA,2890.36,2890.84,W,Campeonato NORCECA 2021
2021-08-22,2021,CUB,PUR,2780.44,2756.39,L,Campeonato NORCECA 2021
2021-08-22,2021,PUR,CUB,2537.68,2561.74,W,Campeonato NORCECA 2021
2021-08-22,2021,MEX,CAN,2514.84,2510.35,L,Campeonato NORCECA 2021
2021-08-22,2021,CAN,MEX,2816.63,2818.13,W,Campeonato NORCECA 2021
2021-08-23,2021,TTO,GUA,2351.96,2337.79,L,Campeonato NORCECA 2021
2021-08-23,2021,GUA,TTO,2371.30,2385.46,W,Campeonato NORCECA 2021
2021-08-23,2021,DOM,USA,2455.70,2453.81,L,Campeonato NORCECA 2021
2021-08-23,2021,USA,DOM,2890.84,2891.60,W,Campeonato NORCECA 2021
2021-08-23,2021,CUB,MEX,2756.39,2732.25,L,Campeonato NORCECA 2021
2021-08-23,2021,MEX,CUB,2510.35,2534.50,W,Campeonato NORCECA 2021
2021-08-23,2021,PUR,CAN,2561.74,2582.09,W,Campeonato NORCECA 2021
2021-08-23,2021,CAN,PUR,2818.13,2809.99,L,Campeonato NORCECA 2021
2021-09-01,2021,FIN,MKD,2535.08,2550.24,W,Campeonato Europeu 2021
2021-09-01,2021,MKD,FIN,2538.86,2526.23,L,Campeonato Europeu 2021
2021-09-01,2021,EST,LAT,2676.50,2657.20,L,Campeonato Europeu 2021
2021-09-01,2021,LAT,EST,2464.77,2484.06,W,Campeonato Europeu 2021
2021-09-01,2021,ARG,COL,2818.11,2819.62,W,Campeonato Sul-Americano 2021
2021-09-01,2021,COL,ARG,2517.14,2512.63,L,Campeonato Sul-Americano 2021
2021-09-01,2021,PER,BRA,2372.91,2372.45,L,Campeonato Sul-Americano 2021
2021-09-01,2021,BRA,PER,3092.77,3092.93,W,Campeonato Sul-Americano 2021
2021-09-02,2021,GRE,UKR,2548.45,2538.44,L,Campeonato Europeu 2021
2021-09-02,2021,UKR,GRE,2668.61,2676.95,W,Campeonato Europeu 2021
2021-09-02,2021,POL,POR,3006.36,3007.02,W,Campeonato Europeu 2021
2021-09-02,2021,POR,POL,2545.22,2543.58,L,Campeonato Europeu 2021
2021-09-02,2021,BEL,SRB,2661.99,2657.64,L,Campeonato Europeu 2021
2021-09-02,2021,SRB,BEL,2932.66,2935.27,W,Campeonato Europeu 2021
2021-09-02,2021,RUS,TUR,3021.97,3013.57,L,Campeonato Europeu 2021
2021-09-02,2021,TUR,RUS,2733.31,2754.32,W,Campeonato Europeu 2021
2021-09-02,2021,NED,ESP,2690.92,2695.88,W,Campeonato Europeu 2021
2021-09-02,2021,ESP,NED,2568.48,2560.21,L,Campeonato Europeu 2021
2021-09-02,2021,CHI,PER,2445.84,2457.71,W,Campeonato Sul-Americano 2021
2021-09-02,2021,PER,CHI,2372.45,2360.57,L,Campeonato Sul-Americano 2021
2021-09-02,2021,BRA,COL,3092.93,3093.27,W,Campeonato Sul-Americano 2021
2021-09-02,2021,COL,BRA,2512.63,2511.60,L,Campeonato Sul-Americano 2021
2021-09-03,2021,BEL,POR,2657.64,2644.47,L,Campeonato Europeu 2021
2021-09-03,2021,POR,BEL,2543.58,2560.04,W,Campeonato Europeu 2021
2021-09-03,2021,UKR,SRB,2676.95,2672.34,L,Campeonato Europeu 2021
2021-09-03,2021,SRB,UKR,2935.27,2938.04,W,Campeonato Europeu 2021
2021-09-03,2021,ITA,BLR,2861.77,2863.19,W,Campeonato Europeu 2021
2021-09-03,2021,BLR,ITA,2548.57,2545.04,L,Campeonato Europeu 2021
2021-09-03,2021,MNE,BUL,2650.22,2636.55,L,Campeonato Europeu 2021
2021-09-03,2021,BUL,MNE,2681.09,2687.93,W,Campeonato Europeu 2021
2021-09-03,2021,CZE,SLO,2606.78,2627.43,W,Campeonato Europeu 2021
2021-09-03,2021,SLO,CZE,2877.73,2869.47,L,Campeonato Europeu 2021
2021-09-03,2021,TUR,ESP,2754.32,2760.48,W,Campeonato Europeu 2021
2021-09-03,2021,ESP,TUR,2560.21,2554.05,L,Campeonato Europeu 2021
2021-09-03,2021,NED,MKD,2695.88,2699.98,W,Campeonato Europeu 2021
2021-09-03,2021,MKD,NED,2526.23,2519.39,L,Campeonato Europeu 2021
2021-09-03,2021,CRO,GER,2498.63,2492.83,L,Campeonato Europeu 2021
2021-09-03,2021,GER,CRO,2706.84,2710.32,W,Campeonato Europeu 2021
2021-09-03,2021,FRA,SVK,3004.67,3005.14,W,Campeonato Europeu 2021
2021-09-03,2021,SVK,FRA,2479.96,2478.57,L,Campeonato Europeu 2021
2021-09-03,2021,PER,ARG,2360.57,2358.57,L,Campeonato Sul-Americano 2021
2021-09-03,2021,ARG,PER,2819.62,2820.28,W,Campeonato Sul-Americano 2021
2021-09-03,2021,CHI,BRA,2457.71,2456.96,L,Campeonato Sul-Americano 2021
2021-09-03,2021,BRA,CHI,3093.27,3093.52,W,Campeonato Sul-Americano 2021
2021-09-04,2021,BEL,GRE,2644.47,2651.51,W,Campeonato Europeu 2021
2021-09-04,2021,GRE,BEL,2538.44,2527.88,L,Campeonato Europeu 2021
2021-09-04,2021,SRB,POL,2938.04,2934.02,L,Campeonato Europeu 2021
2021-09-04,2021,POL,SRB,3007.02,3011.04,W,Campeonato Europeu 2021
2021-09-04,2021,MNE,SLO,2636.55,2630.32,L,Campeonato Europeu 2021
2021-09-04,2021,SLO,MNE,2869.47,2871.54,W,Campeonato Europeu 2021
2021-09-04,2021,BLR,CZE,2545.04,2560.45,W,Campeonato Europeu 2021
2021-09-04,2021,CZE,BLR,2627.43,2612.02,L,Campeonato Europeu 2021
2021-09-04,2021,ESP,FIN,2554.05,2541.41,L,Campeonato Europeu 2021
2021-09-04,2021,FIN,ESP,2550.24,2565.40,W,Campeonato Europeu 2021
2021-09-04,2021,NED,RUS,2699.98,2698.57,L,Campeonato Europeu 2021
2021-09-04,2021,RUS,NED,3013.57,3014.98,W,Campeonato Europeu 2021
2021-09-04,2021,SVK,EST,2478.57,2471.98,L,Campeonato Europeu 2021
2021-09-04,2021,EST,SVK,2657.20,2662.47,W,Campeonato Europeu 2021
2021-09-04,2021,CRO,LAT,2492.83,2502.58,W,Campeonato Europeu 2021
2021-09-04,2021,LAT,CRO,2484.06,2471.88,L,Campeonato Europeu 2021
2021-09-04,2021,ARG,CHI,2820.28,2821.38,W,Campeonato Sul-Americano 2021
2021-09-04,2021,CHI,ARG,2456.96,2453.66,L,Campeonato Sul-Americano 2021
2021-09-04,2021,COL,PER,2511.60,2520.39,W,Campeonato Sul-Americano 2021
2021-09-04,2021,PER,COL,2358.57,2349.78,L,Campeonato Sul-Americano 2021
2021-09-05,2021,POR,UKR,2560.04,2551.45,L,Campeonato Europeu 2021
2021-09-05,2021,UKR,POR,2672.34,2680.93,W,Campeonato Europeu 2021
2021-09-05,2021,GRE,POL,2527.88,2526.13,L,Campeonato Europeu 2021
2021-09-05,2021,POL,GRE,3011.04,3011.62,W,Campeonato Europeu 2021
2021-09-05,2021,CZE,BUL,2612.02,2602.21,L,Campeonato Europeu 2021
2021-09-05,2021,BUL,CZE,2687.93,2693.81,W,Campeonato Europeu 2021
2021-09-05,2021,ITA,MNE,2863.19,2865.26,W,Campeonato Europeu 2021
2021-09-05,2021,MNE,ITA,2630.32,2624.10,L,Campeonato Europeu 2021
2021-09-05,2021,MKD,TUR,2519.39,2515.39,L,Campeonato Europeu 2021
2021-09-05,2021,TUR,MKD,2760.48,2764.48,W,Campeonato Europeu 2021
2021-09-05,2021,RUS,FIN,3014.98,3015.68,W,Campeonato Europeu 2021
2021-09-05,2021,FIN,RUS,2565.40,2563.31,L,Campeonato Europeu 2021
2021-09-05,2021,EST,GER,2662.47,2653.84,L,Campeonato Europeu 2021
2021-09-05,2021,GER,EST,2710.32,2716.79,W,Campeonato Europeu 2021
2021-09-05,2021,FRA,CRO,3005.14,3005.66,W,Campeonato Europeu 2021
2021-09-05,2021,CRO,FRA,2502.58,2501.53,L,Campeonato Europeu 2021
2021-09-05,2021,BRA,ARG,3093.52,3095.25,W,Campeonato Sul-Americano 2021
2021-09-05,2021,ARG,BRA,2821.38,2819.65,L,Campeonato Sul-Americano 2021
2021-09-05,2021,COL,CHI,2520.39,2502.55,L,Campeonato Sul-Americano 2021
2021-09-05,2021,CHI,COL,2453.66,2471.51,W,Campeonato Sul-Americano 2021
2021-09-06,2021,POR,SRB,2551.45,2549.46,L,Campeonato Europeu 2021
2021-09-06,2021,SRB,POR,2934.02,2935.01,W,Campeonato Europeu 2021
2021-09-06,2021,POL,BEL,3011.62,3012.74,W,Campeonato Europeu 2021
2021-09-06,2021,BEL,POL,2651.51,2649.27,L,Campeonato Europeu 2021
2021-09-06,2021,BUL,ITA,2693.81,2691.10,L,Campeonato Europeu 2021
2021-09-06,2021,ITA,BUL,2865.26,2867.98,W,Campeonato Europeu 2021
2021-09-06,2021,SLO,BLR,2871.54,2872.97,W,Campeonato Europeu 2021
2021-09-06,2021,BLR,SLO,2560.45,2556.87,L,Campeonato Europeu 2021
2021-09-06,2021,MKD,ESP,2515.39,2506.14,L,Campeonato Europeu 2021
2021-09-06,2021,ESP,MKD,2541.41,2550.66,W,Campeonato Europeu 2021
2021-09-06,2021,TUR,NED,2764.48,2752.60,L,Campeonato Europeu 2021
2021-09-06,2021,NED,TUR,2698.57,2704.51,W,Campeonato Europeu 2021
2021-09-06,2021,LAT,SVK,2471.88,2459.38,L,Campeonato Europeu 2021
2021-09-06,2021,SVK,LAT,2471.98,2484.48,W,Campeonato Europeu 2021
2021-09-06,2021,GER,FRA,2716.79,2715.20,L,Campeonato Europeu 2021
2021-09-06,2021,FRA,GER,3005.66,3007.26,W,Campeonato Europeu 2021
2021-09-07,2021,SRB,GRE,2935.01,2935.88,W,Campeonato Europeu 2021
2021-09-07,2021,GRE,SRB,2526.13,2523.53,L,Campeonato Europeu 2021
2021-09-07,2021,UKR,BEL,2680.93,2692.30,W,Campeonato Europeu 2021
2021-09-07,2021,BEL,UKR,2649.27,2640.18,L,Campeonato Europeu 2021
2021-09-07,2021,SLO,BUL,2872.97,2875.57,W,Campeonato Europeu 2021
2021-09-07,2021,BUL,SLO,2691.10,2688.50,L,Campeonato Europeu 2021
2021-09-07,2021,MNE,CZE,2624.10,2608.16,L,Campeonato Europeu 2021
2021-09-07,2021,CZE,MNE,2602.21,2612.84,W,Campeonato Europeu 2021
2021-09-07,2021,ESP,RUS,2550.66,2549.38,L,Campeonato Europeu 2021
2021-09-07,2021,RUS,ESP,3015.68,3016.32,W,Campeonato Europeu 2021
2021-09-07,2021,FIN,NED,2563.31,2554.09,L,Campeonato Europeu 2021
2021-09-07,2021,NED,FIN,2704.51,2707.58,W,Campeonato Europeu 2021
2021-09-07,2021,LAT,GER,2459.38,2455.65,L,Campeonato Europeu 2021
2021-09-07,2021,GER,LAT,2715.20,2717.06,W,Campeonato Europeu 2021
2021-09-07,2021,CRO,EST,2501.53,2515.65,W,Campeonato Europeu 2021
2021-09-07,2021,EST,CRO,2653.84,2639.72,L,Campeonato Europeu 2021
2021-09-08,2021,POL,UKR,3012.74,3014.10,W,Campeonato Europeu 2021
2021-09-08,2021,UKR,POL,2692.30,2689.57,L,Campeonato Europeu 2021
2021-09-08,2021,GRE,POR,2523.53,2509.65,L,Campeonato Europeu 2021
2021-09-08,2021,POR,GRE,2549.46,2558.71,W,Campeonato Europeu 2021
2021-09-08,2021,ITA,SLO,2867.98,2873.09,W,Campeonato Europeu 2021
2021-09-08,2021,SLO,ITA,2875.57,2870.46,L,Campeonato Europeu 2021
2021-09-08,2021,BLR,MNE,2556.87,2568.34,W,Campeonato Europeu 2021
2021-09-08,2021,MNE,BLR,2608.16,2590.96,L,Campeonato Europeu 2021
2021-09-08,2021,RUS,MKD,3016.32,3016.82,W,Campeonato Europeu 2021
2021-09-08,2021,MKD,RUS,2506.14,2505.13,L,Campeonato Europeu 2021
2021-09-08,2021,FIN,TUR,2554.09,2576.83,W,Campeonato Europeu 2021
2021-09-08,2021,TUR,FIN,2752.60,2737.44,L,Campeonato Europeu 2021
2021-09-08,2021,SVK,CRO,2484.48,2473.10,L,Campeonato Europeu 2021
2021-09-08,2021,CRO,SVK,2515.65,2524.76,W,Campeonato Europeu 2021
2021-09-08,2021,FRA,LAT,3007.26,3007.66,W,Campeonato Europeu 2021
2021-09-08,2021,LAT,FRA,2455.65,2454.85,L,Campeonato Europeu 2021
2021-09-09,2021,BUL,BLR,2688.50,2691.84,W,Campeonato Europeu 2021
2021-09-09,2021,BLR,BUL,2568.34,2561.66,L,Campeonato Europeu 2021
2021-09-09,2021,CZE,ITA,2612.84,2609.19,L,Campeonato Europeu 2021
2021-09-09,2021,ITA,CZE,2873.09,2874.91,W,Campeonato Europeu 2021
2021-09-09,2021,GER,SVK,2717.06,2719.04,W,Campeonato Europeu 2021
2021-09-09,2021,SVK,GER,2473.10,2468.17,L,Campeonato Europeu 2021
2021-09-09,2021,EST,FRA,2639.72,2637.57,L,Campeonato Europeu 2021
2021-09-09,2021,FRA,EST,3007.66,3008.73,W,Campeonato Europeu 2021
2021-09-11,2021,RUS,UKR,3016.82,3018.14,W,Campeonato Europeu 2021
2021-09-11,2021,UKR,RUS,2689.57,2686.93,L,Campeonato Europeu 2021
2021-09-11,2021,POL,FIN,3014.10,3014.85,W,Campeonato Europeu 2021
2021-09-11,2021,FIN,POL,2576.83,2574.97,L,Campeonato Europeu 2021
2021-09-12,2021,ITA,LAT,2874.91,2875.73,W,Campeonato Europeu 2021
2021-09-12,2021,LAT,ITA,2454.85,2453.21,L,Campeonato Europeu 2021
2021-09-12,2021,NED,POR,2707.58,2710.56,W,Campeonato Europeu 2021
2021-09-12,2021,POR,NED,2558.71,2552.75,L,Campeonato Europeu 2021
2021-09-12,2021,GER,BUL,2719.04,2723.65,W,Campeonato Europeu 2021
2021-09-12,2021,BUL,GER,2691.84,2687.23,L,Campeonato Europeu 2021
2021-09-12,2021,SRB,TUR,2935.88,2938.30,W,Campeonato Europeu 2021
2021-09-12,2021,TUR,SRB,2737.44,2732.60,L,Campeonato Europeu 2021
2021-09-12,2021,BRN,IND,2385.43,2403.01,W,Campeonato Asiatico 2021
2021-09-12,2021,IND,BRN,2445.82,2428.24,L,Campeonato Asiatico 2021
2021-09-12,2021,JPN,QAT,2766.51,2767.80,W,Campeonato Asiatico 2021
2021-09-12,2021,QAT,JPN,2434.92,2431.04,L,Campeonato Asiatico 2021
2021-09-12,2021,THA,PAK,2444.99,2427.87,L,Campeonato Asiatico 2021
2021-09-12,2021,PAK,THA,2395.44,2412.56,W,Campeonato Asiatico 2021
2021-09-12,2021,IRI,HKG,2835.44,2835.62,W,Campeonato Asiatico 2021
2021-09-12,2021,HKG,IRI,2141.80,2141.26,L,Campeonato Asiatico 2021
2021-09-12,2021,KUW,CHN,2219.68,2216.41,L,Campeonato Asiatico 2021
2021-09-12,2021,CHN,KUW,2584.50,2587.77,W,Campeonato Asiatico 2021
2021-09-12,2021,AUS,UZB,2584.54,2585.53,W,Campeonato Asiatico 2021
2021-09-12,2021,UZB,AUS,2125.58,2123.58,L,Campeonato Asiatico 2021
2021-09-12,2021,TPE,KAZ,2542.56,2554.25,W,Campeonato Asiatico 2021
2021-09-12,2021,KAZ,TPE,2464.81,2453.11,L,Campeonato Asiatico 2021
2021-09-12,2021,KSA,KOR,2323.77,2318.77,L,Campeonato Asiatico 2021
2021-09-12,2021,KOR,KSA,2603.01,2608.02,W,Campeonato Asiatico 2021
2021-09-13,2021,SLO,CRO,2870.46,2871.67,W,Campeonato Europeu 2021
2021-09-13,2021,CRO,SLO,2524.76,2522.95,L,Campeonato Europeu 2021
2021-09-13,2021,FRA,CZE,3008.73,2999.64,L,Campeonato Europeu 2021
2021-09-13,2021,CZE,FRA,2609.19,2627.37,W,Campeonato Europeu 2021
2021-09-13,2021,IND,QAT,2428.24,2413.36,L,Campeonato Asiatico 2021
2021-09-13,2021,QAT,IND,2431.04,2445.92,W,Campeonato Asiatico 2021
2021-09-13,2021,BRN,JPN,2403.01,2399.74,L,Campeonato Asiatico 2021
2021-09-13,2021,JPN,BRN,2767.80,2768.89,W,Campeonato Asiatico 2021
2021-09-13,2021,HKG,PAK,2141.26,2136.05,L,Campeonato Asiatico 2021
2021-09-13,2021,PAK,HKG,2412.56,2417.77,W,Campeonato Asiatico 2021
2021-09-13,2021,IRI,THA,2835.62,2836.50,W,Campeonato Asiatico 2021
2021-09-13,2021,THA,IRI,2427.87,2425.25,L,Campeonato Asiatico 2021
2021-09-13,2021,UZB,CHN,2123.58,2121.64,L,Campeonato Asiatico 2021
2021-09-13,2021,CHN,UZB,2587.77,2589.71,W,Campeonato Asiatico 2021
2021-09-13,2021,AUS,KUW,2585.53,2587.13,W,Campeonato Asiatico 2021
2021-09-13,2021,KUW,AUS,2216.41,2213.21,L,Campeonato Asiatico 2021
2021-09-13,2021,KSA,TPE,2318.77,2312.62,L,Campeonato Asiatico 2021
2021-09-13,2021,TPE,KSA,2554.25,2560.40,W,Campeonato Asiatico 2021
2021-09-13,2021,KOR,KAZ,2608.02,2616.74,W,Campeonato Asiatico 2021
2021-09-13,2021,KAZ,KOR,2453.11,2444.39,L,Campeonato Asiatico 2021
2021-09-14,2021,NED,SRB,2710.56,2708.44,L,Campeonato Europeu 2021
2021-09-14,2021,SRB,NED,2938.30,2940.42,W,Campeonato Europeu 2021
2021-09-14,2021,POL,RUS,3014.85,3019.90,W,Campeonato Europeu 2021
2021-09-14,2021,RUS,POL,3018.14,3013.10,L,Campeonato Europeu 2021
2021-09-14,2021,QAT,BRN,2445.92,2458.94,W,Campeonato Asiatico 2021
2021-09-14,2021,BRN,QAT,2399.74,2386.72,L,Campeonato Asiatico 2021
2021-09-14,2021,JPN,IND,2768.89,2770.04,W,Campeonato Asiatico 2021
2021-09-14,2021,IND,JPN,2413.36,2409.93,L,Campeonato Asiatico 2021
2021-09-14,2021,PAK,IRI,2417.77,2415.29,L,Campeonato Asiatico 2021
2021-09-14,2021,IRI,PAK,2836.50,2837.32,W,Campeonato Asiatico 2021
2021-09-14,2021,THA,HKG,2425.25,2430.02,W,Campeonato Asiatico 2021
2021-09-14,2021,HKG,THA,2136.05,2131.28,L,Campeonato Asiatico 2021
2021-09-14,2021,KUW,UZB,2213.21,2224.35,W,Campeonato Asiatico 2021
2021-09-14,2021,UZB,KUW,2121.64,2110.51,L,Campeonato Asiatico 2021
2021-09-14,2021,CHN,AUS,2589.71,2574.60,L,Campeonato Asiatico 2021
2021-09-14,2021,AUS,CHN,2587.13,2592.17,W,Campeonato Asiatico 2021
2021-09-14,2021,KAZ,KSA,2444.39,2423.96,L,Campeonato Asiatico 2021
2021-09-14,2021,KSA,KAZ,2312.62,2333.05,W,Campeonato Asiatico 2021
2021-09-14,2021,TPE,KOR,2560.40,2577.81,W,Campeonato Asiatico 2021
2021-09-14,2021,KOR,TPE,2616.74,2599.33,L,Campeonato Asiatico 2021
2021-09-15,2021,ITA,GER,2875.73,2878.67,W,Campeonato Europeu 2021
2021-09-15,2021,GER,ITA,2723.65,2720.70,L,Campeonato Europeu 2021
2021-09-15,2021,CZE,SLO,2627.37,2623.43,L,Campeonato Europeu 2021
2021-09-15,2021,SLO,CZE,2871.67,2873.63,W,Campeonato Europeu 2021
2021-09-16,2021,QAT,AUS,2458.94,2479.42,W,Campeonato Asiatico 2021
2021-09-16,2021,AUS,QAT,2592.17,2585.34,L,Campeonato Asiatico 2021
2021-09-16,2021,JPN,CHN,2770.04,2762.49,L,Campeonato Asiatico 2021
2021-09-16,2021,CHN,JPN,2574.60,2597.25,W,Campeonato Asiatico 2021
2021-09-16,2021,PAK,TPE,2415.29,2406.84,L,Campeonato Asiatico 2021
2021-09-16,2021,TPE,PAK,2577.81,2586.27,W,Campeonato Asiatico 2021
2021-09-16,2021,IRI,KOR,2837.32,2839.35,W,Campeonato Asiatico 2021
2021-09-16,2021,KOR,IRI,2599.33,2593.25,L,Campeonato Asiatico 2021
2021-09-16,2021,IND,KUW,2409.93,2417.60,W,Campeonato Asiatico 2021
2021-09-16,2021,KUW,IND,2224.35,2216.67,L,Campeonato Asiatico 2021
2021-09-16,2021,BRN,UZB,2386.72,2391.80,W,Campeonato Asiatico 2021
2021-09-16,2021,UZB,BRN,2110.51,2105.42,L,Campeonato Asiatico 2021
2021-09-16,2021,THA,KAZ,2430.02,2414.76,L,Campeonato Asiatico 2021
2021-09-16,2021,KAZ,THA,2423.96,2439.22,W,Campeonato Asiatico 2021
2021-09-16,2021,HKG,KSA,2131.28,2124.13,L,Campeonato Asiatico 2021
2021-09-16,2021,KSA,HKG,2333.05,2340.20,W,Campeonato Asiatico 2021
2021-09-17,2021,QAT,CHN,2479.42,2469.33,L,Campeonato Asiatico 2021
2021-09-17,2021,CHN,QAT,2597.25,2607.35,W,Campeonato Asiatico 2021
2021-09-17,2021,JPN,AUS,2762.49,2765.14,W,Campeonato Asiatico 2021
2021-09-17,2021,AUS,JPN,2585.34,2582.69,L,Campeonato Asiatico 2021
2021-09-17,2021,PAK,KOR,2406.84,2429.20,W,Campeonato Asiatico 2021
2021-09-17,2021,KOR,PAK,2593.25,2570.90,L,Campeonato Asiatico 2021
2021-09-17,2021,IRI,TPE,2839.35,2841.24,W,Campeonato Asiatico 2021
2021-09-17,2021,TPE,IRI,2586.27,2580.60,L,Campeonato Asiatico 2021
2021-09-17,2021,IND,UZB,2417.60,2421.87,W,Campeonato Asiatico 2021
2021-09-17,2021,UZB,IND,2105.42,2101.87,L,Campeonato Asiatico 2021
2021-09-17,2021,BRN,KUW,2391.80,2399.82,W,Campeonato Asiatico 2021
2021-09-17,2021,KUW,BRN,2216.67,2208.65,L,Campeonato Asiatico 2021
2021-09-17,2021,HKG,KAZ,2124.13,2119.92,L,Campeonato Asiatico 2021
2021-09-17,2021,KAZ,HKG,2439.22,2443.42,W,Campeonato Asiatico 2021
2021-09-17,2021,THA,KSA,2414.76,2396.59,L,Campeonato Asiatico 2021
2021-09-17,2021,KSA,THA,2340.20,2358.37,W,Campeonato Asiatico 2021
2021-09-18,2021,POL,SLO,3019.90,3012.91,L,Campeonato Europeu 2021
2021-09-18,2021,SLO,POL,2873.63,2880.62,W,Campeonato Europeu 2021
2021-09-18,2021,SRB,ITA,2940.42,2934.54,L,Campeonato Europeu 2021
2021-09-18,2021,ITA,SRB,2878.67,2884.55,W,Campeonato Europeu 2021
2021-09-18,2021,UZB,THA,2101.87,2123.00,W,Campeonato Asiatico 2021
2021-09-18,2021,THA,UZB,2396.59,2375.46,L,Campeonato Asiatico 2021
2021-09-18,2021,KUW,HKG,2208.65,2193.03,L,Campeonato Asiatico 2021
2021-09-18,2021,HKG,KUW,2119.92,2135.55,W,Campeonato Asiatico 2021
2021-09-18,2021,BRN,KAZ,2399.82,2413.88,W,Campeonato Asiatico 2021
2021-09-18,2021,KAZ,BRN,2443.42,2429.36,L,Campeonato Asiatico 2021
2021-09-18,2021,IND,KSA,2421.87,2432.11,W,Campeonato Asiatico 2021
2021-09-18,2021,KSA,IND,2358.37,2348.13,L,Campeonato Asiatico 2021
2021-09-18,2021,QAT,KOR,2469.33,2485.38,W,Campeonato Asiatico 2021
2021-09-18,2021,KOR,QAT,2570.90,2554.84,L,Campeonato Asiatico 2021
2021-09-18,2021,AUS,PAK,2582.69,2585.62,W,Campeonato Asiatico 2021
2021-09-18,2021,PAK,AUS,2429.20,2421.88,L,Campeonato Asiatico 2021
2021-09-18,2021,CHN,IRI,2607.35,2602.19,L,Campeonato Asiatico 2021
2021-09-18,2021,IRI,CHN,2841.24,2843.30,W,Campeonato Asiatico 2021
2021-09-18,2021,JPN,TPE,2765.14,2767.71,W,Campeonato Asiatico 2021
2021-09-18,2021,TPE,JPN,2580.60,2574.18,L,Campeonato Asiatico 2021
2021-09-19,2021,POL,SRB,3012.91,3016.80,W,Campeonato Europeu 2021
2021-09-19,2021,SRB,POL,2934.54,2930.65,L,Campeonato Europeu 2021
2021-09-19,2021,SLO,ITA,2880.62,2875.68,L,Campeonato Europeu 2021
2021-09-19,2021,ITA,SLO,2884.55,2889.50,W,Campeonato Europeu 2021
2021-09-19,2021,KUW,THA,2193.03,2186.55,L,Campeonato Asiatico 2021
2021-09-19,2021,THA,KUW,2375.46,2381.94,W,Campeonato Asiatico 2021
2021-09-19,2021,HKG,UZB,2135.55,2122.60,L,Campeonato Asiatico 2021
2021-09-19,2021,UZB,HKG,2123.00,2135.95,W,Campeonato Asiatico 2021
2021-09-19,2021,KAZ,KSA,2429.36,2438.99,W,Campeonato Asiatico 2021
2021-09-19,2021,KSA,KAZ,2348.13,2338.50,L,Campeonato Asiatico 2021
2021-09-19,2021,BRN,IND,2413.88,2402.04,L,Campeonato Asiatico 2021
2021-09-19,2021,IND,BRN,2432.11,2443.95,W,Campeonato Asiatico 2021
2021-09-19,2021,KOR,PAK,2554.84,2537.78,L,Campeonato Asiatico 2021
2021-09-19,2021,PAK,KOR,2421.88,2438.95,W,Campeonato Asiatico 2021
2021-09-19,2021,QAT,AUS,2485.38,2501.39,W,Campeonato Asiatico 2021
2021-09-19,2021,AUS,QAT,2585.62,2579.21,L,Campeonato Asiatico 2021
2021-09-19,2021,TPE,CHN,2574.18,2562.68,L,Campeonato Asiatico 2021
2021-09-19,2021,CHN,TPE,2602.19,2613.68,W,Campeonato Asiatico 2021
2021-09-19,2021,JPN,IRI,2767.71,2763.78,L,Campeonato Asiatico 2021
2021-09-19,2021,IRI,JPN,2843.30,2847.23,W,Campeonato Asiatico 2021
2022-05-24,2022,ALB,ROU,2267.81,2261.69,L,Liga Europeia 2022
2022-05-24,2022,ROU,ALB,2504.34,2510.46,W,Liga Europeia 2022
2022-05-25,2022,TUR,SVK,2732.60,2737.98,W,Liga Europeia 2022
2022-05-25,2022,SVK,TUR,2468.17,2462.79,L,Liga Europeia 2022
2022-05-25,2022,DEN,ESP,2415.49,2406.00,L,Liga Europeia 2022
2022-05-25,2022,ESP,DEN,2549.38,2558.87,W,Liga Europeia 2022
2022-05-25,2022,CRO,UKR,2522.95,2514.55,L,Liga Europeia 2022
2022-05-25,2022,UKR,CRO,2686.93,2695.33,W,Liga Europeia 2022
2022-05-25,2022,EST,CZE,2637.57,2621.96,L,Liga Europeia 2022
2022-05-25,2022,CZE,EST,2623.43,2639.04,W,Liga Europeia 2022
2022-05-25,2022,BEL,LAT,2640.18,2647.81,W,Liga Europeia 2022
2022-05-25,2022,LAT,BEL,2453.21,2445.59,L,Liga Europeia 2022
2022-05-25,2022,MKD,BIH,2505.13,2510.99,W,Liga Europeia 2022
2022-05-25,2022,BIH,MKD,2259.10,2253.24,L,Liga Europeia 2022
2022-05-26,2022,UKR,CRO,2695.33,2703.16,W,Liga Europeia 2022
2022-05-26,2022,CRO,UKR,2514.55,2506.72,L,Liga Europeia 2022
2022-05-28,2022,UKR,ESP,2703.16,2712.27,W,Liga Europeia 2022
2022-05-28,2022,ESP,UKR,2558.87,2549.76,L,Liga Europeia 2022
2022-05-28,2022,CRO,DEN,2506.72,2517.49,W,Liga Europeia 2022
2022-05-28,2022,DEN,CRO,2406.00,2395.23,L,Liga Europeia 2022
2022-05-28,2022,LAT,EST,2445.59,2437.61,L,Liga Europeia 2022
2022-05-28,2022,EST,LAT,2621.96,2629.94,W,Liga Europeia 2022
2022-05-28,2022,CZE,BEL,2639.04,2654.42,W,Liga Europeia 2022
2022-05-28,2022,BEL,CZE,2647.81,2632.43,L,Liga Europeia 2022
2022-05-28,2022,FIN,HUN,2574.97,2581.34,W,Liga Europeia 2022
2022-05-28,2022,HUN,FIN,2347.45,2341.07,L,Liga Europeia 2022
2022-05-28,2022,ROU,MKD,2510.46,2525.48,W,Liga Europeia 2022
2022-05-28,2022,MKD,ROU,2510.99,2495.97,L,Liga Europeia 2022
2022-05-28,2022,BIH,ALB,2253.24,2268.61,W,Liga Europeia 2022
2022-05-28,2022,ALB,BIH,2261.69,2246.33,L,Liga Europeia 2022
2022-05-29,2022,POR,SVK,2552.75,2563.95,W,Liga Europeia 2022
2022-05-29,2022,SVK,POR,2462.79,2451.59,L,Liga Europeia 2022
2022-05-29,2022,ESP,UKR,2549.76,2541.31,L,Liga Europeia 2022
2022-05-29,2022,UKR,ESP,2712.27,2720.72,W,Liga Europeia 2022
2022-06-01,2022,POR,TUR,2563.95,2555.89,L,Liga Europeia 2022
2022-06-01,2022,TUR,POR,2737.98,2746.03,W,Liga Europeia 2022
2022-06-01,2022,CRO,ESP,2517.49,2533.52,W,Liga Europeia 2022
2022-06-01,2022,ESP,CRO,2541.31,2525.28,L,Liga Europeia 2022
2022-06-01,2022,EST,BEL,2629.94,2645.05,W,Liga Europeia 2022
2022-06-01,2022,BEL,EST,2632.43,2617.32,L,Liga Europeia 2022
2022-06-01,2022,LAT,CZE,2437.61,2430.92,L,Liga Europeia 2022
2022-06-01,2022,CZE,LAT,2654.42,2661.11,W,Liga Europeia 2022
2022-06-01,2022,ROU,BIH,2525.48,2531.05,W,Liga Europeia 2022
2022-06-01,2022,BIH,ROU,2268.61,2263.04,L,Liga Europeia 2022
2022-06-01,2022,MKD,ALB,2495.97,2471.73,L,Liga Europeia 2022
2022-06-01,2022,ALB,MKD,2246.33,2270.57,W,Liga Europeia 2022
2022-06-03,2022,PUR,MEX,2582.09,2565.05,L,Campeonato NORCECA 2022
2022-06-03,2022,MEX,PUR,2534.50,2551.54,W,Campeonato NORCECA 2022
2022-06-03,2022,CUB,DOM,2732.25,2737.28,W,Campeonato NORCECA 2022
2022-06-03,2022,DOM,CUB,2453.81,2448.78,L,Campeonato NORCECA 2022
2022-06-03,2022,UKR,DEN,2720.72,2724.72,W,Liga Europeia 2022
2022-06-03,2022,DEN,UKR,2395.23,2391.24,L,Liga Europeia 2022
2022-06-04,2022,PUR,DOM,2565.05,2545.20,L,Campeonato NORCECA 2022
2022-06-04,2022,DOM,PUR,2448.78,2468.62,W,Campeonato NORCECA 2022
2022-06-04,2022,MEX,CUB,2551.54,2543.87,L,Campeonato NORCECA 2022
2022-06-04,2022,CUB,MEX,2737.28,2744.94,W,Campeonato NORCECA 2022
2022-06-04,2022,ESP,CRO,2525.28,2510.64,L,Liga Europeia 2022
2022-06-04,2022,CRO,ESP,2533.52,2548.16,W,Liga Europeia 2022
2022-06-04,2022,DEN,UKR,2391.24,2387.40,L,Liga Europeia 2022
2022-06-04,2022,UKR,DEN,2724.72,2727.91,W,Liga Europeia 2022
2022-06-04,2022,CZE,LAT,2661.11,2667.41,W,Liga Europeia 2022
2022-06-04,2022,LAT,CZE,2430.92,2424.62,L,Liga Europeia 2022
2022-06-04,2022,BIH,ROU,2263.04,2257.76,L,Liga Europeia 2022
2022-06-04,2022,ROU,BIH,2531.05,2536.33,W,Liga Europeia 2022
2022-06-04,2022,ALB,MKD,2270.57,2293.40,W,Liga Europeia 2022
2022-06-04,2022,MKD,ALB,2471.73,2448.90,L,Liga Europeia 2022
2022-06-05,2022,DOM,MEX,2468.62,2486.82,W,Campeonato NORCECA 2022
2022-06-05,2022,MEX,DOM,2543.87,2525.67,L,Campeonato NORCECA 2022
2022-06-05,2022,CUB,PUR,2744.94,2752.16,W,Campeonato NORCECA 2022
2022-06-05,2022,PUR,CUB,2545.20,2537.99,L,Campeonato NORCECA 2022
2022-06-05,2022,TUR,POR,2746.03,2753.56,W,Liga Europeia 2022
2022-06-05,2022,POR,TUR,2555.89,2548.37,L,Liga Europeia 2022
2022-06-05,2022,BEL,EST,2617.32,2603.52,L,Liga Europeia 2022
2022-06-05,2022,EST,BEL,2645.05,2658.85,W,Liga Europeia 2022
2022-06-07,2022,CHN,IRI,2613.68,2607.48,L,Nations League 2022
2022-06-07,2022,IRI,CHN,2847.23,2853.43,W,Nations League 2022
2022-06-07,2022,SLO,USA,2875.68,2861.37,L,Nations League 2022
2022-06-07,2022,USA,SLO,2891.60,2905.91,W,Nations League 2022
2022-06-07,2022,BUL,SRB,2687.23,2681.30,L,Nations League 2022
2022-06-07,2022,SRB,BUL,2930.65,2936.58,W,Nations League 2022
2022-06-07,2022,CAN,GER,2809.99,2791.22,L,Nations League 2022
2022-06-07,2022,GER,CAN,2720.70,2739.48,W,Nations League 2022
2022-06-08,2022,JPN,NED,2763.78,2776.41,W,Nations League 2022
2022-06-08,2022,NED,JPN,2708.44,2695.81,L,Nations League 2022
2022-06-08,2022,BRA,AUS,3095.25,3096.71,W,Nations League 2022
2022-06-08,2022,AUS,BRA,2579.21,2577.75,L,Nations League 2022
2022-06-08,2022,POL,ARG,3016.80,3024.10,W,Nations League 2022
2022-06-08,2022,ARG,POL,2819.65,2812.35,L,Nations League 2022
2022-06-08,2022,FRA,ITA,2999.64,3010.04,W,Nations League 2022
2022-06-08,2022,ITA,FRA,2889.50,2879.10,L,Nations League 2022
2022-06-08,2022,SVK,POR,2451.59,2440.67,L,Liga Europeia 2022
2022-06-08,2022,POR,SVK,2548.37,2559.30,W,Liga Europeia 2022
2022-06-08,2022,DEN,CRO,2387.40,2378.89,L,Liga Europeia 2022
2022-06-08,2022,CRO,DEN,2548.16,2555.26,W,Liga Europeia 2022
2022-06-08,2022,EST,LAT,2658.85,2665.04,W,Liga Europeia 2022
2022-06-08,2022,LAT,EST,2424.62,2418.43,L,Liga Europeia 2022
2022-06-08,2022,BEL,CZE,2603.52,2591.24,L,Liga Europeia 2022
2022-06-08,2022,CZE,BEL,2667.41,2679.68,W,Liga Europeia 2022
2022-06-08,2022,ALB,BIH,2293.40,2306.86,W,Liga Europeia 2022
2022-06-08,2022,BIH,ALB,2257.76,2244.29,L,Liga Europeia 2022
2022-06-08,2022,MKD,ROU,2448.90,2467.60,W,Liga Europeia 2022
2022-06-08,2022,ROU,MKD,2536.33,2517.64,L,Liga Europeia 2022
2022-06-09,2022,JPN,CHN,2776.41,2784.64,W,Nations League 2022
2022-06-09,2022,CHN,JPN,2607.48,2599.24,L,Nations League 2022
2022-06-09,2022,NED,USA,2695.81,2688.91,L,Nations League 2022
2022-06-09,2022,USA,NED,2905.91,2912.80,W,Nations League 2022
2022-06-09,2022,BRA,SLO,3096.71,3102.86,W,Nations League 2022
2022-06-09,2022,SLO,BRA,2861.37,2855.21,L,Nations League 2022
2022-06-09,2022,GER,ARG,2739.48,2727.58,L,Nations League 2022
2022-06-09,2022,ARG,GER,2812.35,2824.25,W,Nations League 2022
2022-06-09,2022,SRB,FRA,2936.58,2924.71,L,Nations League 2022
2022-06-09,2022,FRA,SRB,3010.04,3021.91,W,Nations League 2022
2022-06-09,2022,POL,ITA,3024.10,3003.18,L,Nations League 2022
2022-06-09,2022,ITA,POL,2879.10,2900.02,W,Nations League 2022
2022-06-10,2022,NED,IRI,2688.91,2710.53,W,Nations League 2022
2022-06-10,2022,IRI,NED,2853.43,2831.82,L,Nations League 2022
2022-06-10,2022,JPN,USA,2784.64,2774.94,L,Nations League 2022
2022-06-10,2022,USA,JPN,2912.80,2922.51,W,Nations League 2022
2022-06-10,2022,AUS,SLO,2577.75,2572.70,L,Nations League 2022
2022-06-10,2022,SLO,AUS,2855.21,2860.26,W,Nations League 2022
2022-06-10,2022,SRB,ARG,2924.71,2935.49,W,Nations League 2022
2022-06-10,2022,ARG,SRB,2824.25,2813.47,L,Nations League 2022
2022-06-10,2022,BUL,GER,2681.30,2668.29,L,Nations League 2022
2022-06-10,2022,GER,BUL,2727.58,2740.59,W,Nations League 2022
2022-06-10,2022,FRA,CAN,3021.91,3028.20,W,Nations League 2022
2022-06-10,2022,CAN,FRA,2791.22,2784.93,L,Nations League 2022
2022-06-11,2022,USA,BRA,2922.51,2944.66,W,Nations League 2022
2022-06-11,2022,BRA,USA,3102.86,3080.71,L,Nations League 2022
2022-06-11,2022,SLO,CHN,2860.26,2865.73,W,Nations League 2022
2022-06-11,2022,CHN,SLO,2599.24,2593.78,L,Nations League 2022
2022-06-11,2022,IRI,AUS,2831.82,2837.33,W,Nations League 2022
2022-06-11,2022,AUS,IRI,2572.70,2567.19,L,Nations League 2022
2022-06-11,2022,GER,SRB,2740.59,2763.22,W,Nations League 2022
2022-06-11,2022,SRB,GER,2935.49,2912.85,L,Nations League 2022
2022-06-11,2022,BUL,POL,2668.29,2664.48,L,Nations League 2022
2022-06-11,2022,POL,BUL,3003.18,3006.99,W,Nations League 2022
2022-06-11,2022,CAN,ITA,2784.93,2774.73,L,Nations League 2022
2022-06-11,2022,ITA,CAN,2900.02,2910.22,W,Nations League 2022
2022-06-11,2022,SVK,TUR,2440.67,2436.42,L,Liga Europeia 2022
2022-06-11,2022,TUR,SVK,2753.56,2757.81,W,Liga Europeia 2022
2022-06-11,2022,ESP,DEN,2510.64,2518.61,W,Liga Europeia 2022
2022-06-11,2022,DEN,ESP,2378.89,2370.91,L,Liga Europeia 2022
2022-06-11,2022,CZE,EST,2679.68,2691.65,W,Liga Europeia 2022
2022-06-11,2022,EST,CZE,2665.04,2653.06,L,Liga Europeia 2022
2022-06-11,2022,LAT,BEL,2418.43,2411.68,L,Liga Europeia 2022
2022-06-11,2022,BEL,LAT,2591.24,2597.99,W,Liga Europeia 2022
2022-06-11,2022,BIH,MKD,2244.29,2238.87,L,Liga Europeia 2022
2022-06-11,2022,MKD,BIH,2467.60,2473.01,W,Liga Europeia 2022
2022-06-12,2022,BRA,CHN,3080.71,3052.42,L,Nations League 2022
2022-06-12,2022,CHN,BRA,2593.78,2622.07,W,Nations League 2022
2022-06-12,2022,IRI,JPN,2837.33,2819.66,L,Nations League 2022
2022-06-12,2022,JPN,IRI,2774.94,2792.60,W,Nations League 2022
2022-06-12,2022,NED,AUS,2710.53,2719.67,W,Nations League 2022
2022-06-12,2022,AUS,NED,2567.19,2558.05,L,Nations League 2022
2022-06-12,2022,FRA,POL,3028.20,3012.28,L,Nations League 2022
2022-06-12,2022,POL,FRA,3006.99,3022.90,W,Nations League 2022
2022-06-12,2022,ARG,ITA,2813.47,2802.55,L,Nations League 2022
2022-06-12,2022,ITA,ARG,2910.22,2921.15,W,Nations League 2022
2022-06-12,2022,BUL,CAN,2664.48,2654.08,L,Nations League 2022
2022-06-12,2022,CAN,BUL,2774.73,2785.12,W,Nations League 2022
2022-06-12,2022,HUN,FIN,2341.07,2335.05,L,Liga Europeia 2022
2022-06-12,2022,FIN,HUN,2581.34,2587.36,W,Liga Europeia 2022
2022-06-12,2022,ROU,ALB,2517.64,2523.36,W,Liga Europeia 2022
2022-06-12,2022,ALB,ROU,2306.86,2301.14,L,Liga Europeia 2022
2022-06-18,2022,FIN,MKD,2587.36,2597.59,W,Liga Europeia 2022
2022-06-18,2022,MKD,FIN,2473.01,2464.48,L,Liga Europeia 2022
2022-06-18,2022,ROU,HUN,2523.36,2529.68,W,Liga Europeia 2022
2022-06-18,2022,HUN,ROU,2335.05,2327.47,L,Liga Europeia 2022
2022-06-18,2022,CZE,UKR,2691.65,2705.45,W,Liga Europeia 2022
2022-06-18,2022,UKR,CZE,2727.91,2714.11,L,Liga Europeia 2022
2022-06-18,2022,TUR,CRO,2757.81,2764.94,W,Liga Europeia 2022
2022-06-18,2022,CRO,TUR,2555.26,2549.32,L,Liga Europeia 2022
2022-06-19,2022,MKD,HUN,2464.48,2472.29,W,Liga Europeia 2022
2022-06-19,2022,HUN,MKD,2327.47,2318.10,L,Liga Europeia 2022
2022-06-19,2022,FIN,ROU,2597.59,2579.70,L,Liga Europeia 2022
2022-06-19,2022,ROU,FIN,2529.68,2544.59,W,Liga Europeia 2022
2022-06-19,2022,CRO,UKR,2549.32,2567.34,W,Liga Europeia 2022
2022-06-19,2022,UKR,CRO,2714.11,2696.09,L,Liga Europeia 2022
2022-06-19,2022,TUR,CZE,2764.94,2750.32,L,Liga Europeia 2022
2022-06-19,2022,CZE,TUR,2705.45,2720.07,W,Liga Europeia 2022
2022-06-21,2022,SLO,NED,2865.73,2844.77,L,Nations League 2022
2022-06-21,2022,NED,SLO,2719.67,2740.63,W,Nations League 2022
2022-06-21,2022,ARG,JPN,2802.55,2787.12,L,Nations League 2022
2022-06-21,2022,JPN,ARG,2792.60,2808.03,W,Nations League 2022
2022-06-21,2022,AUS,CAN,2558.05,2551.66,L,Nations League 2022
2022-06-21,2022,CAN,AUS,2785.12,2791.51,W,Nations League 2022
2022-06-21,2022,IRI,BUL,2819.66,2798.01,L,Nations League 2022
2022-06-21,2022,BUL,IRI,2654.08,2675.73,W,Nations League 2022
2022-06-22,2022,CHN,FRA,2622.07,2619.20,L,Nations League 2022
2022-06-22,2022,FRA,CHN,3012.28,3015.15,W,Nations League 2022
2022-06-22,2022,GER,ITA,2763.22,2754.61,L,Nations League 2022
2022-06-22,2022,ITA,GER,2921.15,2929.77,W,Nations League 2022
2022-06-22,2022,BRA,POL,3052.42,3036.15,L,Nations League 2022
2022-06-22,2022,POL,BRA,3022.90,3039.17,W,Nations League 2022
2022-06-22,2022,SRB,USA,2912.85,2899.22,L,Nations League 2022
2022-06-22,2022,USA,SRB,2944.66,2958.29,W,Nations League 2022
2022-06-23,2022,FRA,NED,3015.15,3019.42,W,Nations League 2022
2022-06-23,2022,NED,FRA,2740.63,2736.36,L,Nations League 2022
2022-06-23,2022,CHN,GER,2619.20,2636.34,W,Nations League 2022
2022-06-23,2022,GER,CHN,2754.61,2737.47,L,Nations League 2022
2022-06-23,2022,ARG,SLO,2787.12,2776.67,L,Nations League 2022
2022-06-23,2022,SLO,ARG,2844.77,2855.21,W,Nations League 2022
2022-06-23,2022,POL,CAN,3039.17,3044.02,W,Nations League 2022
2022-06-23,2022,CAN,POL,2791.51,2786.66,L,Nations League 2022
2022-06-23,2022,SRB,BRA,2899.22,2891.41,L,Nations League 2022
2022-06-23,2022,BRA,SRB,3036.15,3043.97,W,Nations League 2022
2022-06-23,2022,USA,IRI,2958.29,2940.41,L,Nations League 2022
2022-06-23,2022,IRI,USA,2798.01,2815.90,W,Nations League 2022
2022-06-24,2022,GER,NED,2737.47,2724.93,L,Nations League 2022
2022-06-24,2022,NED,GER,2736.36,2748.90,W,Nations League 2022
2022-06-24,2022,ARG,CHN,2776.67,2784.38,W,Nations League 2022
2022-06-24,2022,CHN,ARG,2636.34,2628.63,L,Nations League 2022
2022-06-24,2022,JPN,ITA,2808.03,2824.74,W,Nations League 2022
2022-06-24,2022,ITA,JPN,2929.77,2913.06,L,Nations League 2022
2022-06-24,2022,SRB,CAN,2891.41,2900.25,W,Nations League 2022
2022-06-24,2022,CAN,SRB,2786.66,2777.82,L,Nations League 2022
2022-06-24,2022,IRI,BRA,2815.90,2810.60,L,Nations League 2022
2022-06-24,2022,BRA,IRI,3043.97,3049.27,W,Nations League 2022
2022-06-24,2022,AUS,BUL,2551.66,2568.44,W,Nations League 2022
2022-06-24,2022,BUL,AUS,2675.73,2658.95,L,Nations League 2022
2022-06-25,2022,ARG,NED,2784.38,2770.61,L,Nations League 2022
2022-06-25,2022,NED,ARG,2748.90,2762.67,W,Nations League 2022
2022-06-25,2022,JPN,FRA,2824.74,2818.59,L,Nations League 2022
2022-06-25,2022,FRA,JPN,3019.42,3025.57,W,Nations League 2022
2022-06-25,2022,ITA,SLO,2913.06,2923.50,W,Nations League 2022
2022-06-25,2022,SLO,ITA,2855.21,2844.77,L,Nations League 2022
2022-06-25,2022,CAN,IRI,2777.82,2766.50,L,Nations League 2022
2022-06-25,2022,IRI,CAN,2810.60,2821.92,W,Nations League 2022
2022-06-25,2022,POL,AUS,3044.02,3045.54,W,Nations League 2022
2022-06-25,2022,AUS,POL,2568.44,2566.92,L,Nations League 2022
2022-06-25,2022,USA,BUL,2940.41,2944.53,W,Nations League 2022
2022-06-25,2022,BUL,USA,2658.95,2654.82,L,Nations League 2022
2022-06-26,2022,GER,FRA,2724.93,2721.16,L,Nations League 2022
2022-06-26,2022,FRA,GER,3025.57,3029.33,W,Nations League 2022
2022-06-26,2022,JPN,SLO,2818.59,2832.03,W,Nations League 2022
2022-06-26,2022,SLO,JPN,2844.77,2831.33,L,Nations League 2022
2022-06-26,2022,ITA,CHN,2923.50,2927.37,W,Nations League 2022
2022-06-26,2022,CHN,ITA,2628.63,2624.76,L,Nations League 2022
2022-06-26,2022,SRB,AUS,2900.25,2903.45,W,Nations League 2022
2022-06-26,2022,AUS,SRB,2566.92,2563.72,L,Nations League 2022
2022-06-26,2022,USA,POL,2944.53,2935.57,L,Nations League 2022
2022-06-26,2022,POL,USA,3045.54,3054.50,W,Nations League 2022
2022-06-26,2022,BUL,BRA,2654.82,2652.48,L,Nations League 2022
2022-06-26,2022,BRA,BUL,3049.27,3051.61,W,Nations League 2022
2022-07-05,2022,USA,GER,2935.57,2941.21,W,Nations League 2022
2022-07-05,2022,GER,USA,2721.16,2715.53,L,Nations League 2022
2022-07-05,2022,CAN,ARG,2766.50,2754.15,L,Nations League 2022
2022-07-05,2022,ARG,CAN,2770.61,2782.96,W,Nations League 2022
2022-07-05,2022,BUL,ITA,2652.48,2648.22,L,Nations League 2022
2022-07-05,2022,ITA,BUL,2927.37,2931.63,W,Nations League 2022
2022-07-05,2022,IRI,POL,2821.92,2841.73,W,Nations League 2022
2022-07-05,2022,POL,IRI,3054.50,3034.69,L,Nations League 2022
2022-07-06,2022,BRA,GER,3051.61,3054.76,W,Nations League 2022
2022-07-06,2022,GER,BRA,2715.53,2713.00,L,Nations League 2022
2022-07-06,2022,JPN,AUS,2832.03,2836.43,W,Nations League 2022
2022-07-06,2022,AUS,JPN,2563.72,2559.33,L,Nations League 2022
2022-07-06,2022,NED,CHN,2762.67,2770.45,W,Nations League 2022
2022-07-06,2022,CHN,NED,2624.76,2616.97,L,Nations League 2022
2022-07-06,2022,SLO,SRB,2831.33,2846.39,W,Nations League 2022
2022-07-06,2022,SRB,SLO,2903.45,2888.39,L,Nations League 2022
2022-07-07,2022,FRA,USA,3029.33,3013.73,L,Nations League 2022
2022-07-07,2022,USA,FRA,2941.21,2953.69,W,Nations League 2022
2022-07-07,2022,GER,AUS,2713.00,2718.85,W,Nations League 2022
2022-07-07,2022,AUS,GER,2559.33,2553.48,L,Nations League 2022
2022-07-07,2022,CAN,BRA,2754.15,2751.14,L,Nations League 2022
2022-07-07,2022,BRA,CAN,3054.76,3057.77,W,Nations League 2022
2022-07-07,2022,ITA,IRI,2931.63,2939.10,W,Nations League 2022
2022-07-07,2022,IRI,ITA,2841.73,2834.26,L,Nations League 2022
2022-07-07,2022,BUL,SLO,2648.22,2643.38,L,Nations League 2022
2022-07-07,2022,SLO,BUL,2846.39,2851.23,W,Nations League 2022
2022-07-07,2022,POL,CHN,3034.69,3036.35,W,Nations League 2022
2022-07-07,2022,CHN,POL,2616.97,2615.32,L,Nations League 2022
2022-07-08,2022,ARG,AUS,2782.96,2787.17,W,Nations League 2022
2022-07-08,2022,AUS,ARG,2553.48,2549.27,L,Nations League 2022
2022-07-08,2022,FRA,BRA,3013.73,3024.99,W,Nations League 2022
2022-07-08,2022,BRA,FRA,3057.77,3046.51,L,Nations League 2022
2022-07-08,2022,JPN,CAN,2836.43,2844.02,W,Nations League 2022
2022-07-08,2022,CAN,JPN,2751.14,2743.54,L,Nations League 2022
2022-07-08,2022,BUL,NED,2643.38,2656.88,W,Nations League 2022
2022-07-08,2022,NED,BUL,2770.45,2756.95,L,Nations League 2022
2022-07-08,2022,SLO,IRI,2851.23,2840.75,L,Nations League 2022
2022-07-08,2022,IRI,SLO,2834.26,2844.75,W,Nations League 2022
2022-07-08,2022,ITA,SRB,2939.10,2947.65,W,Nations League 2022
2022-07-08,2022,SRB,ITA,2888.39,2879.84,L,Nations League 2022
2022-07-09,2022,FRA,ARG,3024.99,3009.05,L,Nations League 2022
2022-07-09,2022,ARG,FRA,2787.17,2803.12,W,Nations League 2022
2022-07-09,2022,CAN,USA,2743.54,2738.95,L,Nations League 2022
2022-07-09,2022,USA,CAN,2953.69,2958.28,W,Nations League 2022
2022-07-09,2022,GER,JPN,2718.85,2712.30,L,Nations League 2022
2022-07-09,2022,JPN,GER,2844.02,2850.57,W,Nations League 2022
2022-07-09,2022,CHN,BUL,2615.32,2626.51,W,Nations League 2022
2022-07-09,2022,BUL,CHN,2656.88,2645.69,L,Nations League 2022
2022-07-09,2022,IRI,SRB,2844.75,2855.76,W,Nations League 2022
2022-07-09,2022,SRB,IRI,2879.84,2868.84,L,Nations League 2022
2022-07-09,2022,POL,NED,3036.35,3039.69,W,Nations League 2022
2022-07-09,2022,NED,POL,2756.95,2753.61,L,Nations League 2022
2022-07-10,2022,USA,ARG,2958.28,2964.09,W,Nations League 2022
2022-07-10,2022,ARG,USA,2803.12,2797.31,L,Nations League 2022
2022-07-10,2022,AUS,FRA,2549.27,2547.94,L,Nations League 2022
2022-07-10,2022,FRA,AUS,3009.05,3010.37,W,Nations League 2022
2022-07-10,2022,BRA,JPN,3046.51,3051.40,W,Nations League 2022
2022-07-10,2022,JPN,BRA,2850.57,2845.68,L,Nations League 2022
2022-07-10,2022,CHN,SRB,2626.51,2622.54,L,Nations League 2022
2022-07-10,2022,SRB,CHN,2868.84,2872.81,W,Nations League 2022
2022-07-10,2022,ITA,NED,2947.65,2952.58,W,Nations League 2022
2022-07-10,2022,NED,ITA,2753.61,2748.68,L,Nations League 2022
2022-07-10,2022,POL,SLO,3039.69,3044.51,W,Nations League 2022
2022-07-10,2022,SLO,POL,2840.75,2835.92,L,Nations League 2022
2022-07-20,2022,USA,BRA,2964.09,2976.55,W,Nations League 2022
2022-07-20,2022,BRA,USA,3051.40,3038.94,L,Nations League 2022
2022-07-20,2022,ITA,NED,2952.58,2957.30,W,Nations League 2022
2022-07-20,2022,NED,ITA,2748.68,2743.96,L,Nations League 2022
2022-07-21,2022,FRA,JPN,3010.37,3015.96,W,Nations League 2022
2022-07-21,2022,JPN,FRA,2845.68,2840.09,L,Nations League 2022
2022-07-21,2022,POL,IRI,3044.51,3049.56,W,Nations League 2022
2022-07-21,2022,IRI,POL,2855.76,2850.71,L,Nations League 2022
2022-07-23,2022,POL,USA,3049.56,3040.51,L,Nations League 2022
2022-07-23,2022,USA,POL,2976.55,2985.61,W,Nations League 2022
2022-07-23,2022,ITA,FRA,2957.30,2951.06,L,Nations League 2022
2022-07-23,2022,FRA,ITA,3015.96,3022.20,W,Nations League 2022
2022-07-24,2022,ITA,POL,2951.06,2945.45,L,Nations League 2022
2022-07-24,2022,POL,ITA,3040.51,3046.12,W,Nations League 2022
2022-07-24,2022,FRA,USA,3022.20,3028.91,W,Nations League 2022
2022-07-24,2022,USA,FRA,2985.61,2978.89,L,Nations League 2022
2022-07-28,2022,KOR,AUS,2537.78,2553.22,W,Challenger Cup 2022
2022-07-28,2022,AUS,KOR,2547.94,2537.65,L,Challenger Cup 2022
2022-07-28,2022,CUB,CHI,2752.16,2757.13,W,Challenger Cup 2022
2022-07-28,2022,CHI,CUB,2471.51,2466.53,L,Challenger Cup 2022
2022-07-29,2022,TUR,QAT,2750.32,2755.13,W,Challenger Cup 2022
2022-07-29,2022,QAT,TUR,2501.39,2495.61,L,Challenger Cup 2022
2022-07-29,2022,TUN,CZE,2536.78,2529.04,L,Challenger Cup 2022
2022-07-29,2022,CZE,TUN,2720.07,2726.53,W,Challenger Cup 2022
2022-07-30,2022,CUB,CZE,2757.13,2770.82,W,Challenger Cup 2022
2022-07-30,2022,CZE,CUB,2726.53,2715.13,L,Challenger Cup 2022
2022-07-30,2022,KOR,TUR,2553.22,2546.07,L,Challenger Cup 2022
2022-07-30,2022,TUR,KOR,2755.13,2761.09,W,Challenger Cup 2022
2022-07-31,2022,CZE,KOR,2715.13,2700.61,L,Challenger Cup 2022
2022-07-31,2022,KOR,CZE,2546.07,2567.85,W,Challenger Cup 2022
2022-07-31,2022,CUB,TUR,2770.82,2782.97,W,Challenger Cup 2022
2022-07-31,2022,TUR,CUB,2761.09,2748.94,L,Challenger Cup 2022
2022-08-26,2022,BRA,CUB,3038.94,3041.74,W,Campeonato Mundial 2022
2022-08-26,2022,CUB,BRA,2782.97,2778.31,L,Campeonato Mundial 2022
2022-08-26,2022,JPN,QAT,2840.09,2841.91,W,Campeonato Mundial 2022
2022-08-26,2022,QAT,JPN,2495.61,2491.98,L,Campeonato Mundial 2022
2022-08-26,2022,FRA,GER,3028.91,3031.00,W,Campeonato Mundial 2022
2022-08-26,2022,GER,FRA,2712.30,2709.52,L,Campeonato Mundial 2022
2022-08-26,2022,USA,MEX,2978.89,2979.92,W,Campeonato Mundial 2022
2022-08-26,2022,MEX,USA,2525.67,2523.62,L,Campeonato Mundial 2022
2022-08-26,2022,POL,BUL,3046.12,3047.48,W,Campeonato Mundial 2022
2022-08-26,2022,BUL,POL,2645.69,2643.87,L,Campeonato Mundial 2022
2022-08-26,2022,SLO,CMR,2835.92,2839.43,W,Campeonato Mundial 2022
2022-08-26,2022,CMR,SLO,2567.34,2562.07,L,Campeonato Mundial 2022
2022-08-27,2022,TUR,CHN,2748.94,2757.08,W,Campeonato Mundial 2022
2022-08-27,2022,CHN,TUR,2622.54,2616.02,L,Campeonato Mundial 2022
2022-08-27,2022,NED,EGY,2743.96,2748.20,W,Campeonato Mundial 2022
2022-08-27,2022,EGY,NED,2582.16,2573.68,L,Campeonato Mundial 2022
2022-08-27,2022,ARG,IRI,2797.31,2788.83,L,Campeonato Mundial 2022
2022-08-27,2022,IRI,ARG,2850.71,2857.07,W,Campeonato Mundial 2022
2022-08-27,2022,TUN,PUR,2529.04,2544.42,W,Campeonato Mundial 2022
2022-08-27,2022,PUR,TUN,2537.99,2522.60,L,Campeonato Mundial 2022
2022-08-27,2022,UKR,SRB,2696.09,2689.45,L,Campeonato Mundial 2022
2022-08-27,2022,SRB,UKR,2872.81,2878.12,W,Campeonato Mundial 2022
2022-08-27,2022,ITA,CAN,2945.45,2948.95,W,Campeonato Mundial 2022
2022-08-27,2022,CAN,ITA,2738.95,2734.28,L,Campeonato Mundial 2022
2022-08-28,2022,CUB,QAT,2778.31,2782.34,W,Campeonato Mundial 2022
2022-08-28,2022,QAT,CUB,2491.98,2487.14,L,Campeonato Mundial 2022
2022-08-28,2022,BRA,JPN,3041.74,3045.34,W,Campeonato Mundial 2022
2022-08-28,2022,JPN,BRA,2841.91,2838.30,L,Campeonato Mundial 2022
2022-08-28,2022,GER,CMR,2709.52,2714.02,W,Campeonato Mundial 2022
2022-08-28,2022,CMR,GER,2562.07,2553.08,L,Campeonato Mundial 2022
2022-08-28,2022,USA,BUL,2979.92,2981.82,W,Campeonato Mundial 2022
2022-08-28,2022,BUL,USA,2643.87,2641.98,L,Campeonato Mundial 2022
2022-08-28,2022,POL,MEX,3047.48,3048.18,W,Campeonato Mundial 2022
2022-08-28,2022,MEX,POL,2523.62,2522.21,L,Campeonato Mundial 2022
2022-08-28,2022,FRA,SLO,3031.00,3034.74,W,Campeonato Mundial 2022
2022-08-28,2022,SLO,FRA,2839.43,2835.69,L,Campeonato Mundial 2022
2022-08-29,2022,CAN,CHN,2734.28,2739.32,W,Campeonato Mundial 2022
2022-08-29,2022,CHN,CAN,2616.02,2610.98,L,Campeonato Mundial 2022
2022-08-29,2022,ARG,NED,2788.83,2780.46,L,Campeonato Mundial 2022
2022-08-29,2022,NED,ARG,2748.20,2756.57,W,Campeonato Mundial 2022
2022-08-29,2022,IRI,EGY,2857.07,2859.52,W,Campeonato Mundial 2022
2022-08-29,2022,EGY,IRI,2573.68,2568.77,L,Campeonato Mundial 2022
2022-08-29,2022,SRB,PUR,2878.12,2879.84,W,Campeonato Mundial 2022
2022-08-29,2022,PUR,SRB,2522.60,2519.17,L,Campeonato Mundial 2022
2022-08-29,2022,UKR,TUN,2689.45,2695.51,W,Campeonato Mundial 2022
2022-08-29,2022,TUN,UKR,2544.42,2535.34,L,Campeonato Mundial 2022
2022-08-29,2022,ITA,TUR,2948.95,2952.68,W,Campeonato Mundial 2022
2022-08-29,2022,TUR,ITA,2757.08,2752.10,L,Campeonato Mundial 2022
2022-08-30,2022,BRA,QAT,3045.34,3045.92,W,Campeonato Mundial 2022
2022-08-30,2022,QAT,BRA,2487.14,2485.98,L,Campeonato Mundial 2022
2022-08-30,2022,JPN,CUB,2838.30,2844.60,W,Campeonato Mundial 2022
2022-08-30,2022,CUB,JPN,2782.34,2771.84,L,Campeonato Mundial 2022
2022-08-30,2022,FRA,CMR,3034.74,3035.33,W,Campeonato Mundial 2022
2022-08-30,2022,CMR,FRA,2553.08,2551.32,L,Campeonato Mundial 2022
2022-08-30,2022,MEX,BUL,2522.21,2538.86,W,Campeonato Mundial 2022
2022-08-30,2022,BUL,MEX,2641.98,2631.99,L,Campeonato Mundial 2022
2022-08-30,2022,POL,USA,3048.18,3052.24,W,Campeonato Mundial 2022
2022-08-30,2022,USA,POL,2981.82,2977.76,L,Campeonato Mundial 2022
2022-08-30,2022,SLO,GER,2835.69,2840.67,W,Campeonato Mundial 2022
2022-08-30,2022,GER,SLO,2714.02,2709.04,L,Campeonato Mundial 2022
2022-08-31,2022,ARG,EGY,2780.46,2783.88,W,Campeonato Mundial 2022
2022-08-31,2022,EGY,ARG,2568.77,2561.93,L,Campeonato Mundial 2022
2022-08-31,2022,CAN,TUR,2739.32,2732.10,L,Campeonato Mundial 2022
2022-08-31,2022,TUR,CAN,2752.10,2761.74,W,Campeonato Mundial 2022
2022-08-31,2022,IRI,NED,2859.52,2849.86,L,Campeonato Mundial 2022
2022-08-31,2022,NED,IRI,2756.57,2766.23,W,Campeonato Mundial 2022
2022-08-31,2022,SRB,TUN,2879.84,2881.65,W,Campeonato Mundial 2022
2022-08-31,2022,TUN,SRB,2535.34,2531.71,L,Campeonato Mundial 2022
2022-08-31,2022,UKR,PUR,2695.51,2700.83,W,Campeonato Mundial 2022
2022-08-31,2022,PUR,UKR,2519.17,2512.52,L,Campeonato Mundial 2022
2022-08-31,2022,ITA,CHN,2952.68,2953.91,W,Campeonato Mundial 2022
2022-08-31,2022,CHN,ITA,2610.98,2609.14,L,Campeonato Mundial 2022
2022-09-03,2022,SLO,GER,2840.67,2845.46,W,Campeonato Mundial 2022
2022-09-03,2022,GER,SLO,2709.04,2704.25,L,Campeonato Mundial 2022
2022-09-03,2022,ITA,CUB,2953.91,2956.51,W,Campeonato Mundial 2022
2022-09-03,2022,CUB,ITA,2771.84,2766.64,L,Campeonato Mundial 2022
2022-09-04,2022,USA,TUR,2977.76,2980.00,W,Campeonato Mundial 2022
2022-09-04,2022,TUR,USA,2761.74,2757.26,L,Campeonato Mundial 2022
2022-09-04,2022,POL,TUN,3052.24,3052.71,W,Campeonato Mundial 2022
2022-09-04,2022,TUN,POL,2531.71,2530.29,L,Campeonato Mundial 2022
2022-09-05,2022,NED,UKR,2766.23,2757.34,L,Campeonato Mundial 2022
2022-09-05,2022,UKR,NED,2700.83,2712.69,W,Campeonato Mundial 2022
2022-09-05,2022,FRA,JPN,3035.33,3037.83,W,Campeonato Mundial 2022
2022-09-05,2022,JPN,FRA,2844.60,2840.85,L,Campeonato Mundial 2022
2022-09-06,2022,SRB,ARG,2881.65,2872.09,L,Campeonato Mundial 2022
2022-09-06,2022,ARG,SRB,2783.88,2793.44,W,Campeonato Mundial 2022
2022-09-06,2022,BRA,IRI,3045.92,3049.59,W,Campeonato Mundial 2022
2022-09-06,2022,IRI,BRA,2849.86,2846.20,L,Campeonato Mundial 2022
2022-09-07,2022,ITA,FRA,2956.51,2962.65,W,Campeonato Mundial 2022
2022-09-07,2022,FRA,ITA,3037.83,3031.68,L,Campeonato Mundial 2022
2022-09-07,2022,SLO,UKR,2845.46,2850.22,W,Campeonato Mundial 2022
2022-09-07,2022,UKR,SLO,2712.69,2706.33,L,Campeonato Mundial 2022
2022-09-08,2022,ARG,BRA,2793.44,2790.65,L,Campeonato Mundial 2022
2022-09-08,2022,BRA,ARG,3049.59,3051.45,W,Campeonato Mundial 2022
2022-09-08,2022,POL,USA,3052.71,3056.68,W,Campeonato Mundial 2022
2022-09-08,2022,USA,POL,2980.00,2976.03,L,Campeonato Mundial 2022
2022-09-10,2022,POL,BRA,3056.68,3061.60,W,Campeonato Mundial 2022
2022-09-10,2022,BRA,POL,3051.45,3046.53,L,Campeonato Mundial 2022
2022-09-10,2022,ITA,SLO,2962.65,2966.09,W,Campeonato Mundial 2022
2022-09-10,2022,SLO,ITA,2850.22,2846.79,L,Campeonato Mundial 2022
2022-09-11,2022,BRA,SLO,3046.53,3048.93,W,Campeonato Mundial 2022
2022-09-11,2022,SLO,BRA,2846.79,2844.38,L,Campeonato Mundial 2022
2022-09-11,2022,POL,ITA,3061.60,3055.26,L,Campeonato Mundial 2022
2022-09-11,2022,ITA,POL,2966.09,2972.43,W,Campeonato Mundial 2022
2023-03-13,2023,USA,BIZ,2976.03,2976.36,W,Campeonato NORCECA 2023
2023-03-13,2023,BIZ,USA,2193.00,2192.67,L,Campeonato NORCECA 2023
2023-03-13,2023,CRC,MEX,2324.78,2318.01,L,Campeonato NORCECA 2023
2023-03-13,2023,MEX,CRC,2538.86,2545.63,W,Campeonato NORCECA 2023
2023-03-13,2023,PUR,NCA,2512.52,2516.62,W,Campeonato NORCECA 2023
2023-03-13,2023,NCA,PUR,2192.47,2188.37,L,Campeonato NORCECA 2023
2023-03-13,2023,GUA,SUR,2385.46,2395.27,W,Campeonato NORCECA 2023
2023-03-13,2023,SUR,GUA,2260.00,2250.19,L,Campeonato NORCECA 2023
2023-03-14,2023,PUR,SUR,2516.62,2521.95,W,Campeonato NORCECA 2023
2023-03-14,2023,SUR,PUR,2250.19,2244.87,L,Campeonato NORCECA 2023
2023-03-14,2023,USA,MEX,2976.36,2978.68,W,Campeonato NORCECA 2023
2023-03-14,2023,MEX,USA,2545.63,2543.31,L,Campeonato NORCECA 2023
2023-03-14,2023,CRC,BIZ,2318.01,2327.82,W,Campeonato NORCECA 2023
2023-03-14,2023,BIZ,CRC,2192.67,2182.86,L,Campeonato NORCECA 2023
2023-03-14,2023,GUA,NCA,2395.27,2402.26,W,Campeonato NORCECA 2023
2023-03-14,2023,NCA,GUA,2188.37,2181.37,L,Campeonato NORCECA 2023
2023-03-15,2023,CRC,USA,2327.82,2327.13,L,Campeonato NORCECA 2023
2023-03-15,2023,USA,CRC,2978.68,2979.37,W,Campeonato NORCECA 2023
2023-03-15,2023,MEX,BIZ,2543.31,2546.66,W,Campeonato NORCECA 2023
2023-03-15,2023,BIZ,MEX,2182.86,2179.51,L,Campeonato NORCECA 2023
2023-03-15,2023,SUR,NCA,2244.87,2227.16,L,Campeonato NORCECA 2023
2023-03-15,2023,NCA,SUR,2181.37,2199.08,W,Campeonato NORCECA 2023
2023-03-15,2023,GUA,PUR,2402.26,2392.23,L,Campeonato NORCECA 2023
2023-03-15,2023,PUR,GUA,2521.95,2531.98,W,Campeonato NORCECA 2023
2023-03-16,2023,MEX,NCA,2546.66,2550.23,W,Campeonato NORCECA 2023
2023-03-16,2023,NCA,MEX,2199.08,2195.51,L,Campeonato NORCECA 2023
2023-03-16,2023,GUA,CRC,2392.23,2374.45,L,Campeonato NORCECA 2023
2023-03-16,2023,CRC,GUA,2327.13,2344.91,W,Campeonato NORCECA 2023
2023-03-17,2023,SUR,NCA,2227.16,2210.80,L,Campeonato NORCECA 2023
2023-03-17,2023,NCA,SUR,2195.51,2211.87,W,Campeonato NORCECA 2023
2023-03-17,2023,BIZ,GUA,2179.51,2172.15,L,Campeonato NORCECA 2023
2023-03-17,2023,GUA,BIZ,2374.45,2381.82,W,Campeonato NORCECA 2023
2023-03-17,2023,PUR,MEX,2531.98,2517.76,L,Campeonato NORCECA 2023
2023-03-17,2023,MEX,PUR,2550.23,2564.45,W,Campeonato NORCECA 2023
2023-03-17,2023,USA,CRC,2979.37,2980.13,W,Campeonato NORCECA 2023
2023-03-17,2023,CRC,USA,2344.91,2344.15,L,Campeonato NORCECA 2023
2023-03-18,2023,SUR,BIZ,2210.80,2194.13,L,Campeonato NORCECA 2023
2023-03-18,2023,BIZ,SUR,2172.15,2188.81,W,Campeonato NORCECA 2023
2023-03-18,2023,NCA,GUA,2211.87,2205.04,L,Campeonato NORCECA 2023
2023-03-18,2023,GUA,NCA,2381.82,2388.65,W,Campeonato NORCECA 2023
2023-03-18,2023,PUR,CRC,2517.76,2525.83,W,Campeonato NORCECA 2023
2023-03-18,2023,CRC,PUR,2344.15,2337.42,L,Campeonato NORCECA 2023
2023-03-18,2023,MEX,USA,2564.45,2562.35,L,Campeonato NORCECA 2023
2023-03-18,2023,USA,MEX,2980.13,2982.64,W,Campeonato NORCECA 2023
2023-05-27,2023,POR,ROU,2559.30,2573.66,W,Liga Europeia 2023
2023-05-27,2023,ROU,POR,2544.59,2530.23,L,Liga Europeia 2023
2023-05-27,2023,DEN,TUR,2370.91,2367.98,L,Liga Europeia 2023
2023-05-27,2023,TUR,DEN,2757.26,2760.19,W,Liga Europeia 2023
2023-05-27,2023,BEL,CRO,2597.99,2611.67,W,Liga Europeia 2023
2023-05-27,2023,CRO,BEL,2567.34,2553.66,L,Liga Europeia 2023
2023-05-27,2023,UKR,MKD,2706.33,2712.52,W,Liga Europeia 2023
2023-05-27,2023,MKD,UKR,2472.29,2466.10,L,Liga Europeia 2023
2023-05-27,2023,CZE,SVK,2700.61,2705.99,W,Liga Europeia 2023
2023-05-27,2023,SVK,CZE,2436.42,2431.04,L,Liga Europeia 2023
2023-05-27,2023,EST,FIN,2653.06,2634.94,L,Liga Europeia 2023
2023-05-27,2023,FIN,EST,2579.70,2597.82,W,Liga Europeia 2023
2023-05-27,2023,HUN,GEO,2318.10,2326.45,W,Liga Europeia 2023
2023-05-27,2023,GEO,HUN,2152.71,2144.36,L,Liga Europeia 2023
2023-05-29,2023,FAI,CYP,2278.00,2269.85,L,Liga Europeia 2023
2023-05-29,2023,CYP,FAI,2449.42,2457.57,W,Liga Europeia 2023
2023-05-30,2023,CYP,FAI,2457.57,2465.17,W,Liga Europeia 2023
2023-05-30,2023,FAI,CYP,2269.85,2262.25,L,Liga Europeia 2023
2023-05-31,2023,DEN,ROU,2367.98,2389.52,W,Liga Europeia 2023
2023-05-31,2023,ROU,DEN,2530.23,2508.69,L,Liga Europeia 2023
2023-05-31,2023,POR,TUR,2573.66,2566.02,L,Liga Europeia 2023
2023-05-31,2023,TUR,POR,2760.19,2767.83,W,Liga Europeia 2023
2023-05-31,2023,UKR,CRO,2712.52,2721.10,W,Liga Europeia 2023
2023-05-31,2023,CRO,UKR,2553.66,2545.08,L,Liga Europeia 2023
2023-05-31,2023,MKD,BEL,2466.10,2487.05,W,Liga Europeia 2023
2023-05-31,2023,BEL,MKD,2611.67,2590.73,L,Liga Europeia 2023
2023-05-31,2023,CZE,FIN,2705.99,2716.47,W,Liga Europeia 2023
2023-05-31,2023,FIN,CZE,2597.82,2587.34,L,Liga Europeia 2023
2023-05-31,2023,EST,SVK,2634.94,2642.03,W,Liga Europeia 2023
2023-05-31,2023,SVK,EST,2431.04,2423.95,L,Liga Europeia 2023
2023-05-31,2023,GEO,AUT,2144.36,2138.85,L,Liga Europeia 2023
2023-05-31,2023,AUT,GEO,2403.47,2408.98,W,Liga Europeia 2023
2023-06-03,2023,DEN,POR,2389.52,2411.55,W,Liga Europeia 2023
2023-06-03,2023,POR,DEN,2566.02,2544.00,L,Liga Europeia 2023
2023-06-03,2023,BEL,UKR,2590.73,2581.11,L,Liga Europeia 2023
2023-06-03,2023,UKR,BEL,2721.10,2730.73,W,Liga Europeia 2023
2023-06-03,2023,MKD,CRO,2487.05,2504.53,W,Liga Europeia 2023
2023-06-03,2023,CRO,MKD,2545.08,2527.59,L,Liga Europeia 2023
2023-06-03,2023,CZE,EST,2716.47,2728.30,W,Liga Europeia 2023
2023-06-03,2023,EST,CZE,2642.03,2630.19,L,Liga Europeia 2023
2023-06-03,2023,AUT,HUN,2408.98,2390.49,L,Liga Europeia 2023
2023-06-03,2023,HUN,AUT,2326.45,2344.95,W,Liga Europeia 2023
2023-06-04,2023,TUR,ROU,2767.83,2743.34,L,Liga Europeia 2023
2023-06-04,2023,ROU,TUR,2508.69,2533.18,W,Liga Europeia 2023
2023-06-04,2023,FIN,SVK,2587.34,2595.77,W,Liga Europeia 2023
2023-06-04,2023,SVK,FIN,2423.95,2415.53,L,Liga Europeia 2023
2023-06-04,2023,FAI,LAT,2262.25,2253.33,L,Liga Europeia 2023
2023-06-04,2023,LAT,FAI,2411.68,2420.60,W,Liga Europeia 2023
2023-06-06,2023,BUL,CHN,2631.99,2616.01,L,Nations League 2023
2023-06-06,2023,CHN,BUL,2609.14,2625.13,W,Nations League 2023
2023-06-06,2023,JPN,IRI,2840.85,2856.08,W,Nations League 2023
2023-06-06,2023,IRI,JPN,2846.20,2830.97,L,Nations League 2023
2023-06-06,2023,ITA,ARG,2972.43,2950.23,L,Nations League 2023
2023-06-06,2023,ARG,ITA,2790.65,2812.85,W,Nations League 2023
2023-06-06,2023,CAN,CUB,2732.10,2748.58,W,Nations League 2023
2023-06-06,2023,CUB,CAN,2766.64,2750.16,L,Nations League 2023
2023-06-07,2023,SLO,SRB,2844.38,2860.58,W,Nations League 2023
2023-06-07,2023,SRB,SLO,2872.09,2855.90,L,Nations League 2023
2023-06-07,2023,POL,FRA,3055.26,3069.25,W,Nations League 2023
2023-06-07,2023,FRA,POL,3031.68,3017.70,L,Nations League 2023
2023-06-07,2023,USA,NED,2982.64,2988.01,W,Nations League 2023
2023-06-07,2023,NED,USA,2757.34,2750.90,L,Nations League 2023
2023-06-07,2023,BRA,GER,3048.93,3052.56,W,Nations League 2023
2023-06-07,2023,GER,BRA,2704.25,2700.63,L,Nations League 2023
2023-06-08,2023,SLO,BUL,2860.58,2836.47,L,Nations League 2023
2023-06-08,2023,BUL,SLO,2616.01,2640.11,W,Nations League 2023
2023-06-08,2023,SRB,CHN,2855.90,2862.18,W,Nations League 2023
2023-06-08,2023,CHN,SRB,2625.13,2618.84,L,Nations League 2023
2023-06-08,2023,POL,IRI,3069.25,3075.32,W,Nations League 2023
2023-06-08,2023,IRI,POL,2830.97,2824.90,L,Nations League 2023
2023-06-08,2023,NED,CUB,2750.90,2765.86,W,Nations League 2023
2023-06-08,2023,CUB,NED,2750.16,2735.19,L,Nations League 2023
2023-06-08,2023,ITA,USA,2950.23,2936.85,L,Nations League 2023
2023-06-08,2023,USA,ITA,2988.01,2999.15,W,Nations League 2023
2023-06-08,2023,ARG,BRA,2812.85,2806.82,L,Nations League 2023
2023-06-08,2023,BRA,ARG,3052.56,3058.59,W,Nations League 2023
2023-06-09,2023,CHN,FRA,2618.84,2616.10,L,Nations League 2023
2023-06-09,2023,FRA,CHN,3017.70,3020.44,W,Nations League 2023
2023-06-09,2023,POL,BUL,3075.32,3077.58,W,Nations League 2023
2023-06-09,2023,BUL,POL,2640.11,2637.85,L,Nations League 2023
2023-06-09,2023,JPN,SRB,2856.08,2871.34,W,Nations League 2023
2023-06-09,2023,SRB,JPN,2862.18,2846.92,L,Nations League 2023
2023-06-09,2023,NED,GER,2765.86,2778.08,W,Nations League 2023
2023-06-09,2023,GER,NED,2700.63,2688.41,L,Nations League 2023
2023-06-09,2023,ITA,CUB,2936.85,2944.01,W,Nations League 2023
2023-06-09,2023,CUB,ITA,2735.19,2728.03,L,Nations League 2023
2023-06-09,2023,CAN,ARG,2748.58,2736.07,L,Nations League 2023
2023-06-09,2023,ARG,CAN,2806.82,2819.33,W,Nations League 2023
2023-06-10,2023,FRA,SLO,3020.44,2998.16,L,Nations League 2023
2023-06-10,2023,SLO,FRA,2836.47,2858.75,W,Nations League 2023
2023-06-10,2023,IRI,CHN,2824.90,2831.83,W,Nations League 2023
2023-06-10,2023,CHN,IRI,2616.10,2609.17,L,Nations League 2023
2023-06-10,2023,JPN,BUL,2871.34,2877.55,W,Nations League 2023
2023-06-10,2023,BUL,JPN,2637.85,2631.64,L,Nations League 2023
2023-06-10,2023,GER,ITA,2688.41,2682.81,L,Nations League 2023
2023-06-10,2023,ITA,GER,2944.01,2949.61,W,Nations League 2023
2023-06-10,2023,BRA,CUB,3058.59,3032.48,L,Nations League 2023
2023-06-10,2023,CUB,BRA,2728.03,2754.14,W,Nations League 2023
2023-06-10,2023,CAN,USA,2736.07,2730.66,L,Nations League 2023
2023-06-10,2023,USA,CAN,2999.15,3003.66,W,Nations League 2023
2023-06-10,2023,ROU,TUR,2533.18,2526.29,L,Liga Europeia 2023
2023-06-10,2023,TUR,ROU,2743.34,2750.23,W,Liga Europeia 2023
2023-06-10,2023,POR,DEN,2544.00,2553.54,W,Liga Europeia 2023
2023-06-10,2023,DEN,POR,2411.55,2402.00,L,Liga Europeia 2023
2023-06-10,2023,BEL,MKD,2581.11,2592.86,W,Liga Europeia 2023
2023-06-10,2023,MKD,BEL,2504.53,2492.78,L,Liga Europeia 2023
2023-06-10,2023,SVK,FIN,2415.53,2437.68,W,Liga Europeia 2023
2023-06-10,2023,FIN,SVK,2595.77,2573.61,L,Liga Europeia 2023
2023-06-10,2023,EST,CZE,2630.19,2649.32,W,Liga Europeia 2023
2023-06-10,2023,CZE,EST,2728.30,2709.18,L,Liga Europeia 2023
2023-06-10,2023,LAT,FAI,2420.60,2428.89,W,Liga Europeia 2023
2023-06-10,2023,FAI,LAT,2253.33,2245.04,L,Liga Europeia 2023
2023-06-10,2023,HUN,AUT,2344.95,2361.91,W,Liga Europeia 2023
2023-06-10,2023,AUT,HUN,2390.49,2373.53,L,Liga Europeia 2023
2023-06-11,2023,SLO,IRI,2858.75,2872.59,W,Nations League 2023
2023-06-11,2023,IRI,SLO,2831.83,2817.99,L,Nations League 2023
2023-06-11,2023,SRB,POL,2846.92,2870.63,W,Nations League 2023
2023-06-11,2023,POL,SRB,3077.58,3053.87,L,Nations League 2023
2023-06-11,2023,JPN,FRA,2877.55,2897.56,W,Nations League 2023
2023-06-11,2023,FRA,JPN,2998.16,2978.16,L,Nations League 2023
2023-06-11,2023,ARG,NED,2819.33,2832.55,W,Nations League 2023
2023-06-11,2023,NED,ARG,2778.08,2764.85,L,Nations League 2023
2023-06-11,2023,USA,BRA,3003.66,2992.19,L,Nations League 2023
2023-06-11,2023,BRA,USA,3032.48,3046.24,W,Nations League 2023
2023-06-11,2023,CAN,GER,2730.66,2713.61,L,Nations League 2023
2023-06-11,2023,GER,CAN,2682.81,2699.86,W,Nations League 2023
2023-06-11,2023,CRO,UKR,2527.59,2520.49,L,Liga Europeia 2023
2023-06-11,2023,UKR,CRO,2730.73,2737.84,W,Liga Europeia 2023
2023-06-13,2023,CYP,LAT,2465.17,2448.61,L,Liga Europeia 2023
2023-06-13,2023,LAT,CYP,2428.89,2445.45,W,Liga Europeia 2023
2023-06-14,2023,ROU,DEN,2526.29,2536.14,W,Liga Europeia 2023
2023-06-14,2023,DEN,ROU,2402.00,2392.15,L,Liga Europeia 2023
2023-06-14,2023,TUR,POR,2750.23,2757.54,W,Liga Europeia 2023
2023-06-14,2023,POR,TUR,2553.54,2546.23,L,Liga Europeia 2023
2023-06-14,2023,UKR,BEL,2737.84,2746.92,W,Liga Europeia 2023
2023-06-14,2023,BEL,UKR,2592.86,2583.78,L,Liga Europeia 2023
2023-06-14,2023,CRO,MKD,2520.49,2534.29,W,Liga Europeia 2023
2023-06-14,2023,MKD,CRO,2492.78,2478.98,L,Liga Europeia 2023
2023-06-14,2023,SVK,EST,2437.68,2430.83,L,Liga Europeia 2023
2023-06-14,2023,EST,SVK,2649.32,2656.17,W,Liga Europeia 2023
2023-06-14,2023,FIN,CZE,2573.61,2564.19,L,Liga Europeia 2023
2023-06-14,2023,CZE,FIN,2709.18,2718.60,W,Liga Europeia 2023
2023-06-14,2023,LAT,CYP,2445.45,2460.59,W,Liga Europeia 2023
2023-06-14,2023,CYP,LAT,2448.61,2433.47,L,Liga Europeia 2023
2023-06-14,2023,AUT,GEO,2373.53,2379.70,W,Liga Europeia 2023
2023-06-14,2023,GEO,AUT,2138.85,2132.68,L,Liga Europeia 2023
2023-06-17,2023,TUR,DEN,2757.54,2760.26,W,Liga Europeia 2023
2023-06-17,2023,DEN,TUR,2392.15,2389.43,L,Liga Europeia 2023
2023-06-17,2023,SVK,CZE,2430.83,2426.83,L,Liga Europeia 2023
2023-06-17,2023,CZE,SVK,2718.60,2722.61,W,Liga Europeia 2023
2023-06-17,2023,FIN,EST,2564.19,2579.92,W,Liga Europeia 2023
2023-06-17,2023,EST,FIN,2656.17,2640.43,L,Liga Europeia 2023
2023-06-17,2023,GEO,HUN,2132.68,2126.35,L,Liga Europeia 2023
2023-06-17,2023,HUN,GEO,2361.91,2368.23,W,Liga Europeia 2023
2023-06-18,2023,ROU,POR,2536.14,2524.01,L,Liga Europeia 2023
2023-06-18,2023,POR,ROU,2546.23,2558.37,W,Liga Europeia 2023
2023-06-18,2023,CRO,BEL,2534.29,2548.56,W,Liga Europeia 2023
2023-06-18,2023,BEL,CRO,2583.78,2569.51,L,Liga Europeia 2023
2023-06-18,2023,MKD,UKR,2478.98,2474.57,L,Liga Europeia 2023
2023-06-18,2023,UKR,MKD,2746.92,2751.32,W,Liga Europeia 2023
2023-06-20,2023,JPN,CAN,2897.56,2905.28,W,Nations League 2023
2023-06-20,2023,CAN,JPN,2713.61,2705.89,L,Nations League 2023
2023-06-20,2023,IRI,GER,2817.99,2828.08,W,Nations League 2023
2023-06-20,2023,GER,IRI,2699.86,2689.77,L,Nations League 2023
2023-06-20,2023,USA,SRB,2992.19,2998.83,W,Nations League 2023
2023-06-20,2023,SRB,USA,2870.63,2860.68,L,Nations League 2023
2023-06-20,2023,ARG,SLO,2832.55,2819.28,L,Nations League 2023
2023-06-20,2023,SLO,ARG,2872.59,2885.87,W,Nations League 2023
2023-06-20,2023,NED,CHN,2764.85,2773.55,W,Nations League 2023
2023-06-20,2023,CHN,NED,2609.17,2600.47,L,Nations League 2023
2023-06-20,2023,BRA,BUL,3046.24,3048.77,W,Nations League 2023
2023-06-20,2023,BUL,BRA,2631.64,2629.12,L,Nations League 2023
2023-06-21,2023,JPN,CUB,2905.28,2912.66,W,Nations League 2023
2023-06-21,2023,CUB,JPN,2754.14,2745.28,L,Nations League 2023
2023-06-21,2023,IRI,ITA,2828.08,2819.78,L,Nations League 2023
2023-06-21,2023,ITA,IRI,2949.61,2959.57,W,Nations League 2023
2023-06-21,2023,USA,CHN,2998.83,3000.66,W,Nations League 2023
2023-06-21,2023,CHN,USA,2600.47,2598.18,L,Nations League 2023
2023-06-21,2023,SLO,CAN,2885.87,2892.41,W,Nations League 2023
2023-06-21,2023,CAN,SLO,2705.89,2699.34,L,Nations League 2023
2023-06-21,2023,GER,POL,2689.77,2687.04,L,Nations League 2023
2023-06-21,2023,POL,GER,3053.87,3057.15,W,Nations League 2023
2023-06-21,2023,ARG,FRA,2819.28,2837.12,W,Nations League 2023
2023-06-21,2023,FRA,ARG,2978.16,2956.74,L,Nations League 2023
2023-06-22,2023,JPN,BRA,2912.66,2929.83,W,Nations League 2023
2023-06-22,2023,BRA,JPN,3048.77,3031.61,L,Nations League 2023
2023-06-22,2023,CHN,ITA,2598.18,2595.40,L,Nations League 2023
2023-06-22,2023,ITA,CHN,2959.57,2962.34,W,Nations League 2023
2023-06-22,2023,SRB,GER,2860.68,2867.40,W,Nations League 2023
2023-06-22,2023,GER,SRB,2687.04,2680.31,L,Nations League 2023
2023-06-22,2023,CAN,BUL,2699.34,2709.34,W,Nations League 2023
2023-06-22,2023,BUL,CAN,2629.12,2619.11,L,Nations League 2023
2023-06-22,2023,NED,POL,2773.55,2769.46,L,Nations League 2023
2023-06-22,2023,POL,NED,3057.15,3061.24,W,Nations League 2023
2023-06-22,2023,SLO,CUB,2892.41,2899.92,W,Nations League 2023
2023-06-22,2023,CUB,SLO,2745.28,2737.78,L,Nations League 2023
2023-06-23,2023,ARG,BUL,2837.12,2842.67,W,Nations League 2023
2023-06-23,2023,BUL,ARG,2619.11,2613.56,L,Nations League 2023
2023-06-23,2023,IRI,USA,2819.78,2813.26,L,Nations League 2023
2023-06-23,2023,USA,IRI,3000.66,3005.88,W,Nations League 2023
2023-06-23,2023,SRB,ITA,2867.40,2858.24,L,Nations League 2023
2023-06-23,2023,ITA,SRB,2962.34,2971.51,W,Nations League 2023
2023-06-23,2023,FRA,CUB,2956.74,2962.26,W,Nations League 2023
2023-06-23,2023,CUB,FRA,2737.78,2732.26,L,Nations League 2023
2023-06-24,2023,JPN,ARG,2929.83,2939.25,W,Nations League 2023
2023-06-24,2023,ARG,JPN,2842.67,2833.24,L,Nations League 2023
2023-06-24,2023,POL,USA,3061.24,3046.76,L,Nations League 2023
2023-06-24,2023,USA,POL,3005.88,3017.46,W,Nations League 2023
2023-06-24,2023,BRA,SLO,3031.61,3039.58,W,Nations League 2023
2023-06-24,2023,SLO,BRA,2899.92,2891.94,L,Nations League 2023
2023-06-24,2023,NED,IRI,2769.46,2783.53,W,Nations League 2023
2023-06-24,2023,IRI,NED,2813.26,2799.19,L,Nations League 2023
2023-06-24,2023,CAN,FRA,2709.34,2704.62,L,Nations League 2023
2023-06-24,2023,FRA,CAN,2962.26,2966.99,W,Nations League 2023
2023-06-24,2023,CHN,GER,2595.40,2610.90,W,Nations League 2023
2023-06-24,2023,GER,CHN,2680.31,2664.81,L,Nations League 2023
2023-06-24,2023,TUR,CZE,2760.26,2771.41,W,Liga Europeia 2023
2023-06-24,2023,CZE,TUR,2722.61,2711.46,L,Liga Europeia 2023
2023-06-24,2023,CRO,UKR,2548.56,2542.63,L,Liga Europeia 2023
2023-06-24,2023,UKR,CRO,2751.32,2757.25,W,Liga Europeia 2023
2023-06-24,2023,AUT,LAT,2379.70,2368.13,L,Liga Europeia 2023
2023-06-24,2023,LAT,AUT,2460.59,2472.16,W,Liga Europeia 2023
2023-06-25,2023,ITA,POL,2971.51,2961.68,L,Nations League 2023
2023-06-25,2023,POL,ITA,3046.76,3056.60,W,Nations League 2023
2023-06-25,2023,BUL,CUB,2613.56,2605.17,L,Nations League 2023
2023-06-25,2023,CUB,BUL,2732.26,2740.65,W,Nations League 2023
2023-06-25,2023,NED,SRB,2783.53,2773.68,L,Nations League 2023
2023-06-25,2023,SRB,NED,2858.24,2868.09,W,Nations League 2023
2023-06-25,2023,BRA,FRA,3039.58,3049.51,W,Nations League 2023
2023-06-25,2023,FRA,BRA,2966.99,2957.06,L,Nations League 2023
2023-06-25,2023,CZE,CRO,2711.46,2693.32,L,Liga Europeia 2023
2023-06-25,2023,CRO,CZE,2542.63,2560.76,W,Liga Europeia 2023
2023-06-25,2023,TUR,UKR,2771.41,2783.40,W,Liga Europeia 2023
2023-06-25,2023,UKR,TUR,2757.25,2745.26,L,Liga Europeia 2023
2023-06-28,2023,CYP,HUN,2433.47,2445.69,W,Liga Europeia 2023
2023-06-28,2023,HUN,CYP,2368.23,2356.02,L,Liga Europeia 2023
2023-06-28,2023,LAT,AUT,2472.16,2481.02,W,Liga Europeia 2023
2023-06-28,2023,AUT,LAT,2368.13,2359.27,L,Liga Europeia 2023
2023-07-01,2023,HUN,CYP,2356.02,2371.67,W,Liga Europeia 2023
2023-07-01,2023,CYP,HUN,2445.69,2430.03,L,Liga Europeia 2023
2023-07-04,2023,BRA,ITA,3049.51,3033.91,L,Nations League 2023
2023-07-04,2023,ITA,BRA,2961.68,2977.27,W,Nations League 2023
2023-07-04,2023,JPN,CHN,2939.25,2942.53,W,Nations League 2023
2023-07-04,2023,CHN,JPN,2610.90,2607.62,L,Nations League 2023
2023-07-04,2023,ARG,SRB,2833.24,2846.99,W,Nations League 2023
2023-07-04,2023,SRB,ARG,2868.09,2854.34,L,Nations League 2023
2023-07-04,2023,IRI,FRA,2799.19,2792.01,L,Nations League 2023
2023-07-04,2023,FRA,IRI,2957.06,2964.24,W,Nations League 2023
2023-07-05,2023,CAN,NED,2704.62,2694.57,L,Nations League 2023
2023-07-05,2023,NED,CAN,2773.68,2783.72,W,Nations League 2023
2023-07-05,2023,POL,SLO,3056.60,3063.58,W,Nations League 2023
2023-07-05,2023,SLO,POL,2891.94,2884.96,L,Nations League 2023
2023-07-05,2023,GER,BUL,2664.81,2675.19,W,Nations League 2023
2023-07-05,2023,BUL,GER,2605.17,2594.80,L,Nations League 2023
2023-07-05,2023,USA,CUB,3017.46,3020.00,W,Nations League 2023
2023-07-05,2023,CUB,USA,2740.65,2736.42,L,Nations League 2023
2023-07-06,2023,BRA,NED,3033.91,3037.75,W,Nations League 2023
2023-07-06,2023,NED,BRA,2783.72,2779.89,L,Nations League 2023
2023-07-06,2023,CAN,ITA,2694.57,2691.29,L,Nations League 2023
2023-07-06,2023,ITA,CAN,2977.27,2980.55,W,Nations League 2023
2023-07-06,2023,CHN,SLO,2607.62,2604.25,L,Nations League 2023
2023-07-06,2023,SLO,CHN,2884.96,2888.33,W,Nations League 2023
2023-07-06,2023,ARG,GER,2846.99,2852.41,W,Nations League 2023
2023-07-06,2023,GER,ARG,2675.19,2669.77,L,Nations League 2023
2023-07-06,2023,SRB,CUB,2854.34,2861.07,W,Nations League 2023
2023-07-06,2023,CUB,SRB,2736.42,2729.69,L,Nations League 2023
2023-07-06,2023,BUL,IRI,2594.80,2609.93,W,Nations League 2023
2023-07-06,2023,IRI,BUL,2792.01,2776.87,L,Nations League 2023
2023-07-06,2023,HUN,LAT,2371.67,2362.98,L,Liga Europeia 2023
2023-07-06,2023,LAT,HUN,2481.02,2489.72,W,Liga Europeia 2023
2023-07-07,2023,POL,BRA,3063.58,3072.84,W,Nations League 2023
2023-07-07,2023,BRA,POL,3037.75,3028.49,L,Nations League 2023
2023-07-07,2023,SLO,ITA,2888.33,2880.92,L,Nations League 2023
2023-07-07,2023,ITA,SLO,2980.55,2987.96,W,Nations League 2023
2023-07-07,2023,JPN,NED,2942.53,2948.17,W,Nations League 2023
2023-07-07,2023,NED,JPN,2779.89,2774.26,L,Nations League 2023
2023-07-07,2023,SRB,FRA,2861.07,2853.96,L,Nations League 2023
2023-07-07,2023,FRA,SRB,2964.24,2971.36,W,Nations League 2023
2023-07-07,2023,CUB,GER,2729.69,2717.99,L,Nations League 2023
2023-07-07,2023,GER,CUB,2669.77,2681.48,W,Nations League 2023
2023-07-07,2023,USA,ARG,3020.00,3009.14,L,Nations League 2023
2023-07-07,2023,ARG,USA,2852.41,2866.89,W,Nations League 2023
2023-07-08,2023,BRA,CHN,3028.49,3030.09,W,Nations League 2023
2023-07-08,2023,CHN,BRA,2604.25,2602.65,L,Nations League 2023
2023-07-08,2023,POL,CAN,3072.84,3074.84,W,Nations League 2023
2023-07-08,2023,CAN,POL,2691.29,2689.28,L,Nations League 2023
2023-07-08,2023,JPN,ITA,2948.17,2939.31,L,Nations League 2023
2023-07-08,2023,ITA,JPN,2987.96,2996.82,W,Nations League 2023
2023-07-08,2023,BUL,SRB,2609.93,2605.99,L,Nations League 2023
2023-07-08,2023,SRB,BUL,2853.96,2857.90,W,Nations League 2023
2023-07-08,2023,ARG,IRI,2866.89,2874.36,W,Nations League 2023
2023-07-08,2023,IRI,ARG,2776.87,2769.41,L,Nations League 2023
2023-07-08,2023,USA,FRA,3009.14,3015.82,W,Nations League 2023
2023-07-08,2023,FRA,USA,2971.36,2962.44,L,Nations League 2023
2023-07-09,2023,CHN,CAN,2602.65,2595.09,L,Nations League 2023
2023-07-09,2023,CAN,CHN,2689.28,2696.84,W,Nations League 2023
2023-07-09,2023,SLO,NED,2880.92,2887.94,W,Nations League 2023
2023-07-09,2023,NED,SLO,2774.26,2767.24,L,Nations League 2023
2023-07-09,2023,JPN,POL,2939.31,2933.02,L,Nations League 2023
2023-07-09,2023,POL,JPN,3074.84,3081.13,W,Nations League 2023
2023-07-09,2023,CUB,IRI,2717.99,2729.45,W,Nations League 2023
2023-07-09,2023,IRI,CUB,2769.41,2757.94,L,Nations League 2023
2023-07-09,2023,FRA,GER,2962.44,2965.75,W,Nations League 2023
2023-07-09,2023,GER,FRA,2681.48,2678.16,L,Nations League 2023
2023-07-09,2023,USA,BUL,3015.82,3017.12,W,Nations League 2023
2023-07-09,2023,BUL,USA,2605.99,2604.27,L,Nations League 2023
2023-07-09,2023,LAT,HUN,2489.72,2497.85,W,Liga Europeia 2023
2023-07-09,2023,HUN,LAT,2362.98,2354.85,L,Liga Europeia 2023
2023-07-19,2023,USA,FRA,3017.12,3021.38,W,Nations League 2023
2023-07-19,2023,FRA,USA,2965.75,2957.22,L,Nations League 2023
2023-07-19,2023,ITA,ARG,2996.82,3003.43,W,Nations League 2023
2023-07-19,2023,ARG,ITA,2874.36,2867.75,L,Nations League 2023
2023-07-20,2023,JPN,SLO,2933.02,2941.73,W,Nations League 2023
2023-07-20,2023,SLO,JPN,2887.94,2879.23,L,Nations League 2023
2023-07-20,2023,POL,BRA,3081.13,3089.67,W,Nations League 2023
2023-07-20,2023,BRA,POL,3030.09,3021.55,L,Nations League 2023
2023-07-22,2023,JPN,POL,2941.73,2937.25,L,Nations League 2023
2023-07-22,2023,POL,JPN,3089.67,3094.15,W,Nations League 2023
2023-07-22,2023,USA,ITA,3021.38,3026.13,W,Nations League 2023
2023-07-22,2023,ITA,USA,3003.43,2996.32,L,Nations League 2023
2023-07-23,2023,JPN,ITA,2937.25,2946.01,W,Nations League 2023
2023-07-23,2023,ITA,JPN,2996.32,2987.56,L,Nations League 2023
2023-07-23,2023,POL,USA,3094.15,3100.20,W,Nations League 2023
2023-07-23,2023,USA,POL,3026.13,3022.09,L,Nations League 2023
2023-07-28,2023,TUN,CHI,2530.29,2512.56,L,Challenger Cup 2023
2023-07-28,2023,CHI,TUN,2466.53,2484.25,W,Challenger Cup 2023
2023-07-28,2023,UKR,CHN,2745.26,2752.67,W,Challenger Cup 2023
2023-07-28,2023,CHN,UKR,2595.09,2589.16,L,Challenger Cup 2023
2023-07-28,2023,QAT,THA,2485.98,2496.62,W,Challenger Cup 2023
2023-07-28,2023,THA,QAT,2381.94,2371.30,L,Challenger Cup 2023
2023-07-28,2023,TUR,DOM,2783.40,2787.24,W,Challenger Cup 2023
2023-07-28,2023,DOM,TUR,2486.82,2482.22,L,Challenger Cup 2023
2023-07-29,2023,TUR,UKR,2787.24,2798.50,W,Challenger Cup 2023
2023-07-29,2023,UKR,TUR,2752.67,2741.41,L,Challenger Cup 2023
2023-07-29,2023,QAT,CHI,2496.62,2511.08,W,Challenger Cup 2023
2023-07-29,2023,CHI,QAT,2484.25,2469.79,L,Challenger Cup 2023
2023-07-30,2023,CHI,UKR,2469.79,2464.59,L,Challenger Cup 2023
2023-07-30,2023,UKR,CHI,2741.41,2744.88,W,Challenger Cup 2023
2023-07-30,2023,QAT,TUR,2511.08,2506.27,L,Challenger Cup 2023
2023-07-30,2023,TUR,QAT,2798.50,2801.71,W,Challenger Cup 2023
2023-08-19,2023,HKG,IRQ,2122.60,2116.92,L,Campeonato Asiatico 2023
2023-08-19,2023,IRQ,HKG,2375.59,2381.26,W,Campeonato Asiatico 2023
2023-08-19,2023,JPN,THA,2946.01,2946.54,W,Campeonato Asiatico 2023
2023-08-19,2023,THA,JPN,2371.30,2370.25,L,Campeonato Asiatico 2023
2023-08-19,2023,INA,CHN,2381.19,2374.23,L,Campeonato Asiatico 2023
2023-08-19,2023,CHN,INA,2589.16,2592.64,W,Campeonato Asiatico 2023
2023-08-19,2023,QAT,IND,2506.27,2518.61,W,Campeonato Asiatico 2023
2023-08-19,2023,IND,QAT,2443.95,2431.62,L,Campeonato Asiatico 2023
2023-08-19,2023,BAN,KOR,2276.00,2271.29,L,Campeonato Asiatico 2023
2023-08-19,2023,KOR,BAN,2567.85,2572.56,W,Campeonato Asiatico 2023
2023-08-20,2023,IRI,HKG,2757.94,2758.43,W,Campeonato Asiatico 2023
2023-08-20,2023,HKG,IRI,2116.92,2116.19,L,Campeonato Asiatico 2023
2023-08-20,2023,UZB,JPN,2135.95,2135.67,L,Campeonato Asiatico 2023
2023-08-20,2023,JPN,UZB,2946.54,2946.68,W,Campeonato Asiatico 2023
2023-08-20,2023,KAZ,INA,2438.99,2421.23,L,Campeonato Asiatico 2023
2023-08-20,2023,INA,KAZ,2374.23,2391.99,W,Campeonato Asiatico 2023
2023-08-20,2023,BRN,TPE,2402.04,2393.52,L,Campeonato Asiatico 2023
2023-08-20,2023,TPE,BRN,2562.68,2571.20,W,Campeonato Asiatico 2023
2023-08-20,2023,AFG,QAT,2203.99,2199.77,L,Campeonato Asiatico 2023
2023-08-20,2023,QAT,AFG,2518.61,2522.82,W,Campeonato Asiatico 2023
2023-08-20,2023,PAK,BAN,2438.95,2447.22,W,Campeonato Asiatico 2023
2023-08-20,2023,BAN,PAK,2271.29,2263.01,L,Campeonato Asiatico 2023
2023-08-21,2023,IRQ,IRI,2381.26,2378.19,L,Campeonato Asiatico 2023
2023-08-21,2023,IRI,IRQ,2758.43,2759.96,W,Campeonato Asiatico 2023
2023-08-21,2023,THA,UZB,2370.25,2376.42,W,Campeonato Asiatico 2023
2023-08-21,2023,UZB,THA,2135.67,2129.49,L,Campeonato Asiatico 2023
2023-08-21,2023,CHN,KAZ,2592.64,2596.72,W,Campeonato Asiatico 2023
2023-08-21,2023,KAZ,CHN,2421.23,2413.08,L,Campeonato Asiatico 2023
2023-08-21,2023,IND,AFG,2431.62,2437.87,W,Campeonato Asiatico 2023
2023-08-21,2023,AFG,IND,2199.77,2193.52,L,Campeonato Asiatico 2023
2023-08-21,2023,KOR,PAK,2572.56,2582.37,W,Campeonato Asiatico 2023
2023-08-21,2023,PAK,KOR,2447.22,2437.41,L,Campeonato Asiatico 2023
2023-08-23,2023,UZB,KAZ,2129.49,2124.59,L,Campeonato Asiatico 2023
2023-08-23,2023,KAZ,UZB,2413.08,2417.99,W,Campeonato Asiatico 2023
2023-08-23,2023,KOR,INA,2582.37,2589.89,W,Campeonato Asiatico 2023
2023-08-23,2023,INA,KOR,2391.99,2384.48,L,Campeonato Asiatico 2023
2023-08-23,2023,JPN,BRN,2946.68,2947.08,W,Campeonato Asiatico 2023
2023-08-23,2023,BRN,JPN,2393.52,2392.33,L,Campeonato Asiatico 2023
2023-08-23,2023,QAT,THA,2522.82,2530.35,W,Campeonato Asiatico 2023
2023-08-23,2023,THA,QAT,2376.42,2367.39,L,Campeonato Asiatico 2023
2023-08-23,2023,CHN,IND,2596.72,2601.01,W,Campeonato Asiatico 2023
2023-08-23,2023,IND,CHN,2437.87,2429.29,L,Campeonato Asiatico 2023
2023-08-23,2023,IRI,PAK,2759.96,2761.99,W,Campeonato Asiatico 2023
2023-08-23,2023,PAK,IRI,2437.41,2433.36,L,Campeonato Asiatico 2023
2023-08-23,2023,TPE,IRQ,2571.20,2578.63,W,Campeonato Asiatico 2023
2023-08-23,2023,IRQ,TPE,2378.19,2370.76,L,Campeonato Asiatico 2023
2023-08-24,2023,HKG,KAZ,2116.19,2111.70,L,Campeonato Asiatico 2023
2023-08-24,2023,KAZ,HKG,2417.99,2422.48,W,Campeonato Asiatico 2023
2023-08-24,2023,BAN,AFG,2263.01,2245.05,L,Campeonato Asiatico 2023
2023-08-24,2023,AFG,BAN,2193.52,2211.48,W,Campeonato Asiatico 2023
2023-08-24,2023,IND,INA,2429.29,2412.36,L,Campeonato Asiatico 2023
2023-08-24,2023,INA,IND,2384.48,2401.40,W,Campeonato Asiatico 2023
2023-08-24,2023,IRQ,THA,2370.76,2355.61,L,Campeonato Asiatico 2023
2023-08-24,2023,THA,IRQ,2367.39,2382.54,W,Campeonato Asiatico 2023
2023-08-24,2023,TPE,QAT,2578.63,2561.56,L,Campeonato Asiatico 2023
2023-08-24,2023,QAT,TPE,2530.35,2544.57,W,Campeonato Asiatico 2023
2023-08-24,2023,CHN,KOR,2601.01,2608.27,W,Campeonato Asiatico 2023
2023-08-24,2023,KOR,CHN,2589.89,2575.37,L,Campeonato Asiatico 2023
2023-08-25,2023,HKG,BAN,2111.70,2102.19,L,Campeonato Asiatico 2023
2023-08-25,2023,BAN,HKG,2245.05,2254.56,W,Campeonato Asiatico 2023
2023-08-25,2023,KAZ,AFG,2422.48,2429.34,W,Campeonato Asiatico 2023
2023-08-25,2023,AFG,KAZ,2211.48,2204.61,L,Campeonato Asiatico 2023
2023-08-25,2023,PAK,INA,2433.36,2446.98,W,Campeonato Asiatico 2023
2023-08-25,2023,INA,PAK,2401.40,2387.78,L,Campeonato Asiatico 2023
2023-08-25,2023,BRN,THA,2392.33,2406.90,W,Campeonato Asiatico 2023
2023-08-25,2023,THA,BRN,2382.54,2370.39,L,Campeonato Asiatico 2023
2023-08-25,2023,JPN,QAT,2947.08,2947.97,W,Campeonato Asiatico 2023
2023-08-25,2023,QAT,JPN,2544.57,2542.33,L,Campeonato Asiatico 2023
2023-08-25,2023,IRI,CHN,2761.99,2766.37,W,Campeonato Asiatico 2023
2023-08-25,2023,CHN,IRI,2608.27,2605.35,L,Campeonato Asiatico 2023
2023-08-25,2023,IND,IRQ,2412.36,2424.93,W,Campeonato Asiatico 2023
2023-08-25,2023,IRQ,IND,2355.61,2343.04,L,Campeonato Asiatico 2023
2023-08-25,2023,KOR,TPE,2575.37,2589.77,W,Campeonato Asiatico 2023
2023-08-25,2023,TPE,KOR,2561.56,2547.16,L,Campeonato Asiatico 2023
2023-08-26,2023,INA,THA,2387.78,2399.65,W,Campeonato Asiatico 2023
2023-08-26,2023,THA,INA,2370.39,2358.51,L,Campeonato Asiatico 2023
2023-08-26,2023,PAK,BRN,2446.98,2460.26,W,Campeonato Asiatico 2023
2023-08-26,2023,BRN,PAK,2406.90,2393.63,L,Campeonato Asiatico 2023
2023-08-26,2023,CHN,QAT,2605.35,2599.45,L,Campeonato Asiatico 2023
2023-08-26,2023,QAT,CHN,2542.33,2557.07,W,Campeonato Asiatico 2023
2023-08-26,2023,IRI,JPN,2766.37,2762.47,L,Campeonato Asiatico 2023
2023-08-26,2023,JPN,IRI,2947.97,2950.57,W,Campeonato Asiatico 2023
2023-08-26,2023,ARG,COL,2867.75,2869.38,W,Campeonato Sul-Americano 2023
2023-08-26,2023,COL,ARG,2502.55,2499.28,L,Campeonato Sul-Americano 2023
2023-08-26,2023,BRA,PER,3021.55,3021.85,W,Campeonato Sul-Americano 2023
2023-08-26,2023,PER,BRA,2349.78,2349.17,L,Campeonato Sul-Americano 2023
2023-08-27,2023,PER,COL,2349.17,2340.28,L,Campeonato Sul-Americano 2023
2023-08-27,2023,COL,PER,2499.28,2508.17,W,Campeonato Sul-Americano 2023
2023-08-27,2023,BRA,CHI,3021.85,3022.44,W,Campeonato Sul-Americano 2023
2023-08-27,2023,CHI,BRA,2464.59,2463.43,L,Campeonato Sul-Americano 2023
2023-08-28,2023,BEL,ITA,2569.51,2567.44,L,Campeonato Europeu 2023
2023-08-28,2023,ITA,BEL,2987.56,2988.80,W,Campeonato Europeu 2023
2023-08-28,2023,CHI,ARG,2463.43,2460.78,L,Campeonato Sul-Americano 2023
2023-08-28,2023,ARG,CHI,2869.38,2870.70,W,Campeonato Sul-Americano 2023
2023-08-28,2023,COL,BRA,2508.17,2506.70,L,Campeonato Sul-Americano 2023
2023-08-28,2023,BRA,COL,3022.44,3023.18,W,Campeonato Sul-Americano 2023
2023-08-29,2023,ESP,BUL,2518.61,2537.23,W,Campeonato Europeu 2023
2023-08-29,2023,BUL,ESP,2604.27,2591.85,L,Campeonato Europeu 2023
2023-08-29,2023,GRE,ISR,2509.65,2485.53,L,Campeonato Europeu 2023
2023-08-29,2023,ISR,GRE,2264.72,2288.83,W,Campeonato Europeu 2023
2023-08-29,2023,PER,ARG,2340.28,2338.92,L,Campeonato Sul-Americano 2023
2023-08-29,2023,ARG,PER,2870.70,2871.38,W,Campeonato Sul-Americano 2023
2023-08-29,2023,COL,CHI,2506.70,2519.73,W,Campeonato Sul-Americano 2023
2023-08-29,2023,CHI,COL,2460.78,2449.93,L,Campeonato Sul-Americano 2023
2023-08-30,2023,GER,EST,2678.16,2687.08,W,Campeonato Europeu 2023
2023-08-30,2023,EST,GER,2640.43,2629.28,L,Campeonato Europeu 2023
2023-08-30,2023,SUI,SRB,2400.00,2397.99,L,Campeonato Europeu 2023
2023-08-30,2023,SRB,SUI,2857.90,2859.23,W,Campeonato Europeu 2023
2023-08-30,2023,SLO,UKR,2879.23,2883.97,W,Campeonato Europeu 2023
2023-08-30,2023,UKR,SLO,2744.88,2738.56,L,Campeonato Europeu 2023
2023-08-30,2023,FIN,CRO,2579.92,2591.73,W,Campeonato Europeu 2023
2023-08-30,2023,CRO,FIN,2560.76,2548.95,L,Campeonato Europeu 2023
2023-08-30,2023,MKD,DEN,2474.57,2484.07,W,Campeonato Europeu 2023
2023-08-30,2023,DEN,MKD,2389.43,2379.94,L,Campeonato Europeu 2023
2023-08-30,2023,TUR,FRA,2801.71,2795.91,L,Campeonato Europeu 2023
2023-08-30,2023,FRA,TUR,2957.22,2961.57,W,Campeonato Europeu 2023
2023-08-30,2023,ROU,POR,2524.01,2512.74,L,Campeonato Europeu 2023
2023-08-30,2023,POR,ROU,2558.37,2569.63,W,Campeonato Europeu 2023
2023-08-30,2023,CHI,PER,2449.93,2458.56,W,Campeonato Sul-Americano 2023
2023-08-30,2023,PER,CHI,2338.92,2328.56,L,Campeonato Sul-Americano 2023
2023-08-30,2023,BRA,ARG,3023.18,3012.59,L,Campeonato Sul-Americano 2023
2023-08-30,2023,ARG,BRA,2871.38,2881.96,W,Campeonato Sul-Americano 2023
2023-08-31,2023,SRB,BEL,2859.23,2861.59,W,Campeonato Europeu 2023
2023-08-31,2023,BEL,SRB,2567.44,2563.51,L,Campeonato Europeu 2023
2023-08-31,2023,EST,ITA,2629.28,2626.48,L,Campeonato Europeu 2023
2023-08-31,2023,ITA,EST,2988.80,2990.48,W,Campeonato Europeu 2023
2023-08-31,2023,UKR,CRO,2738.56,2723.59,L,Campeonato Europeu 2023
2023-08-31,2023,CRO,UKR,2548.95,2563.93,W,Campeonato Europeu 2023
2023-08-31,2023,FIN,BUL,2591.73,2579.24,L,Campeonato Europeu 2023
2023-08-31,2023,BUL,FIN,2591.85,2599.35,W,Campeonato Europeu 2023
2023-08-31,2023,MNE,NED,2590.96,2582.98,L,Campeonato Europeu 2023
2023-08-31,2023,NED,MNE,2767.24,2772.56,W,Campeonato Europeu 2023
2023-08-31,2023,POL,CZE,3100.20,3101.52,W,Campeonato Europeu 2023
2023-08-31,2023,CZE,POL,2693.32,2691.13,L,Campeonato Europeu 2023
2023-08-31,2023,FRA,POR,2961.57,2962.99,W,Campeonato Europeu 2023
2023-08-31,2023,POR,FRA,2569.63,2567.26,L,Campeonato Europeu 2023
2023-08-31,2023,ROU,ISR,2512.74,2493.14,L,Campeonato Europeu 2023
2023-08-31,2023,ISR,ROU,2288.83,2312.35,W,Campeonato Europeu 2023
2023-09-01,2023,GER,SUI,2687.08,2689.47,W,Campeonato Europeu 2023
2023-09-01,2023,SUI,GER,2397.99,2393.22,L,Campeonato Europeu 2023
2023-09-01,2023,SRB,ITA,2861.59,2856.75,L,Campeonato Europeu 2023
2023-09-01,2023,ITA,SRB,2990.48,2993.71,W,Campeonato Europeu 2023
2023-09-01,2023,FIN,SLO,2579.24,2575.55,L,Campeonato Europeu 2023
2023-09-01,2023,SLO,FIN,2883.97,2886.18,W,Campeonato Europeu 2023
2023-09-01,2023,CRO,ESP,2563.93,2573.16,W,Campeonato Europeu 2023
2023-09-01,2023,ESP,CRO,2537.23,2523.38,L,Campeonato Europeu 2023
2023-09-01,2023,DEN,CZE,2379.94,2376.36,L,Campeonato Europeu 2023
2023-09-01,2023,CZE,DEN,2691.13,2693.99,W,Campeonato Europeu 2023
2023-09-01,2023,NED,POL,2772.56,2770.60,L,Campeonato Europeu 2023
2023-09-01,2023,POL,NED,3101.52,3103.48,W,Campeonato Europeu 2023
2023-09-01,2023,ROU,TUR,2493.14,2514.41,W,Campeonato Europeu 2023
2023-09-01,2023,TUR,ROU,2795.91,2778.89,L,Campeonato Europeu 2023
2023-09-01,2023,POR,GRE,2567.26,2551.88,L,Campeonato Europeu 2023
2023-09-01,2023,GRE,POR,2485.53,2504.00,W,Campeonato Europeu 2023
2023-09-02,2023,SLO,ESP,2886.18,2887.84,W,Campeonato Europeu 2023
2023-09-02,2023,ESP,SLO,2523.38,2520.08,L,Campeonato Europeu 2023
2023-09-02,2023,BUL,UKR,2599.35,2609.42,W,Campeonato Europeu 2023
2023-09-02,2023,UKR,BUL,2723.59,2710.16,L,Campeonato Europeu 2023
2023-09-02,2023,NED,CZE,2770.60,2776.47,W,Campeonato Europeu 2023
2023-09-02,2023,CZE,NED,2693.99,2686.16,L,Campeonato Europeu 2023
2023-09-02,2023,MKD,MNE,2484.07,2500.03,W,Campeonato Europeu 2023
2023-09-02,2023,MNE,MKD,2582.98,2563.82,L,Campeonato Europeu 2023
2023-09-02,2023,TUR,GRE,2778.89,2782.30,W,Campeonato Europeu 2023
2023-09-02,2023,GRE,TUR,2504.00,2498.88,L,Campeonato Europeu 2023
2023-09-02,2023,ISR,FRA,2312.35,2311.66,L,Campeonato Europeu 2023
2023-09-02,2023,FRA,ISR,2962.99,2963.34,W,Campeonato Europeu 2023
2023-09-03,2023,EGY,BDI,2561.93,2569.20,W,Campeonato Africano 2023
2023-09-03,2023,BDI,EGY,2363.83,2356.56,L,Campeonato Africano 2023
2023-09-03,2023,EST,SUI,2626.48,2631.66,W,Campeonato Europeu 2023
2023-09-03,2023,SUI,EST,2393.22,2387.01,L,Campeonato Europeu 2023
2023-09-03,2023,BEL,GER,2563.51,2555.36,L,Campeonato Europeu 2023
2023-09-03,2023,GER,BEL,2689.47,2694.36,W,Campeonato Europeu 2023
2023-09-03,2023,ESP,FIN,2520.08,2537.45,W,Campeonato Europeu 2023
2023-09-03,2023,FIN,ESP,2575.55,2563.97,L,Campeonato Europeu 2023
2023-09-03,2023,BUL,CRO,2609.42,2601.14,L,Campeonato Europeu 2023
2023-09-03,2023,CRO,BUL,2573.16,2584.20,W,Campeonato Europeu 2023
2023-09-03,2023,DEN,MNE,2376.36,2370.02,L,Campeonato Europeu 2023
2023-09-03,2023,MNE,DEN,2563.82,2571.43,W,Campeonato Europeu 2023
2023-09-03,2023,POL,MKD,3103.48,3103.78,W,Campeonato Europeu 2023
2023-09-03,2023,MKD,POL,2500.03,2499.28,L,Campeonato Europeu 2023
2023-09-03,2023,GRE,ROU,2498.88,2484.55,L,Campeonato Europeu 2023
2023-09-03,2023,ROU,GRE,2514.41,2523.97,W,Campeonato Europeu 2023
2023-09-03,2023,ISR,POR,2311.66,2305.64,L,Campeonato Europeu 2023
2023-09-03,2023,POR,ISR,2551.88,2555.89,W,Campeonato Europeu 2023
2023-09-04,2023,TUN,MLI,2512.56,2522.87,W,Campeonato Africano 2023
2023-09-04,2023,MLI,TUN,2400.00,2389.70,L,Campeonato Africano 2023
2023-09-04,2023,CHA,TAN,2301.87,2320.99,W,Campeonato Africano 2023
2023-09-04,2023,TAN,CHA,2400.00,2380.87,L,Campeonato Africano 2023
2023-09-04,2023,LBA,GHA,2272.73,2288.93,W,Campeonato Africano 2023
2023-09-04,2023,GHA,LBA,2300.56,2284.37,L,Campeonato Africano 2023
2023-09-04,2023,KEN,CMR,2313.57,2307.48,L,Campeonato Africano 2023
2023-09-04,2023,CMR,KEN,2551.32,2557.40,W,Campeonato Africano 2023
2023-09-04,2023,MAR,RWA,2428.24,2438.39,W,Campeonato Africano 2023
2023-09-04,2023,RWA,MAR,2311.59,2301.44,L,Campeonato Africano 2023
2023-09-04,2023,SRB,EST,2856.75,2859.98,W,Campeonato Europeu 2023
2023-09-04,2023,EST,SRB,2631.66,2627.36,L,Campeonato Europeu 2023
2023-09-04,2023,ITA,SUI,2993.71,2994.00,W,Campeonato Europeu 2023
2023-09-04,2023,SUI,ITA,2387.01,2386.12,L,Campeonato Europeu 2023
2023-09-04,2023,UKR,FIN,2710.16,2714.68,W,Campeonato Europeu 2023
2023-09-04,2023,FIN,UKR,2563.97,2557.94,L,Campeonato Europeu 2023
2023-09-04,2023,CRO,SLO,2584.20,2581.23,L,Campeonato Europeu 2023
2023-09-04,2023,SLO,CRO,2887.84,2890.06,W,Campeonato Europeu 2023
2023-09-04,2023,DEN,NED,2370.02,2368.26,L,Campeonato Europeu 2023
2023-09-04,2023,NED,DEN,2776.47,2777.79,W,Campeonato Europeu 2023
2023-09-04,2023,CZE,MNE,2686.16,2692.97,W,Campeonato Europeu 2023
2023-09-04,2023,MNE,CZE,2571.43,2561.21,L,Campeonato Europeu 2023
2023-09-04,2023,FRA,ROU,2963.34,2949.45,L,Campeonato Europeu 2023
2023-09-04,2023,ROU,FRA,2523.97,2542.49,W,Campeonato Europeu 2023
2023-09-04,2023,POR,TUR,2555.89,2571.61,W,Campeonato Europeu 2023
2023-09-04,2023,TUR,POR,2782.30,2770.50,L,Campeonato Europeu 2023
2023-09-05,2023,BDI,ALG,2356.56,2345.58,L,Campeonato Africano 2023
2023-09-05,2023,ALG,BDI,2452.06,2463.04,W,Campeonato Africano 2023
2023-09-05,2023,MLI,TAN,2389.70,2374.32,L,Campeonato Africano 2023
2023-09-05,2023,TAN,MLI,2380.87,2396.25,W,Campeonato Africano 2023
2023-09-05,2023,TUN,CHA,2522.87,2530.02,W,Campeonato Africano 2023
2023-09-05,2023,CHA,TUN,2320.99,2313.85,L,Campeonato Africano 2023
2023-09-05,2023,GHA,CMR,2284.37,2279.21,L,Campeonato Africano 2023
2023-09-05,2023,CMR,GHA,2557.40,2562.56,W,Campeonato Africano 2023
2023-09-05,2023,LBA,KEN,2288.93,2304.73,W,Campeonato Africano 2023
2023-09-05,2023,KEN,LBA,2307.48,2291.68,L,Campeonato Africano 2023
2023-09-05,2023,GAM,RWA,2400.00,2380.86,L,Campeonato Africano 2023
2023-09-05,2023,RWA,GAM,2301.44,2320.59,W,Campeonato Africano 2023
2023-09-05,2023,SEN,MAR,2279.00,2270.44,L,Campeonato Africano 2023
2023-09-05,2023,MAR,SEN,2438.39,2446.95,W,Campeonato Africano 2023
2023-09-05,2023,BEL,EST,2555.36,2567.40,W,Campeonato Europeu 2023
2023-09-05,2023,EST,BEL,2627.36,2615.32,L,Campeonato Europeu 2023
2023-09-05,2023,GER,SRB,2694.36,2690.19,L,Campeonato Europeu 2023
2023-09-05,2023,SRB,GER,2859.98,2864.15,W,Campeonato Europeu 2023
2023-09-05,2023,ESP,UKR,2537.45,2529.50,L,Campeonato Europeu 2023
2023-09-05,2023,UKR,ESP,2714.68,2718.65,W,Campeonato Europeu 2023
2023-09-05,2023,SLO,BUL,2890.06,2891.65,W,Campeonato Europeu 2023
2023-09-05,2023,BUL,SLO,2601.14,2598.75,L,Campeonato Europeu 2023
2023-09-05,2023,MKD,NED,2499.28,2495.93,L,Campeonato Europeu 2023
2023-09-05,2023,NED,MKD,2777.79,2780.30,W,Campeonato Europeu 2023
2023-09-05,2023,POL,DEN,3103.78,3103.93,W,Campeonato Europeu 2023
2023-09-05,2023,DEN,POL,2368.26,2367.98,L,Campeonato Europeu 2023
2023-09-05,2023,GRE,FRA,2484.55,2482.62,L,Campeonato Europeu 2023
2023-09-05,2023,FRA,GRE,2949.45,2950.09,W,Campeonato Europeu 2023
2023-09-05,2023,TUR,ISR,2770.50,2771.47,W,Campeonato Europeu 2023
2023-09-05,2023,ISR,TUR,2305.64,2303.71,L,Campeonato Europeu 2023
2023-09-06,2023,ALG,EGY,2463.04,2482.49,W,Campeonato Africano 2023
2023-09-06,2023,EGY,ALG,2569.20,2549.75,L,Campeonato Africano 2023
2023-09-06,2023,CHA,MLI,2313.85,2331.43,W,Campeonato Africano 2023
2023-09-06,2023,MLI,CHA,2374.32,2356.73,L,Campeonato Africano 2023
2023-09-06,2023,TAN,TUN,2396.25,2386.76,L,Campeonato Africano 2023
2023-09-06,2023,TUN,TAN,2530.02,2539.51,W,Campeonato Africano 2023
2023-09-06,2023,KEN,GHA,2291.68,2306.14,W,Campeonato Africano 2023
2023-09-06,2023,GHA,KEN,2279.21,2264.74,L,Campeonato Africano 2023
2023-09-06,2023,CMR,LBA,2562.56,2538.11,L,Campeonato Africano 2023
2023-09-06,2023,LBA,CMR,2304.73,2329.18,W,Campeonato Africano 2023
2023-09-06,2023,MAR,GAM,2446.95,2459.13,W,Campeonato Africano 2023
2023-09-06,2023,GAM,MAR,2380.86,2368.68,L,Campeonato Africano 2023
2023-09-06,2023,RWA,SEN,2320.59,2333.44,W,Campeonato Africano 2023
2023-09-06,2023,SEN,RWA,2270.44,2257.59,L,Campeonato Africano 2023
2023-09-06,2023,SUI,BEL,2386.12,2378.31,L,Campeonato Europeu 2023
2023-09-06,2023,BEL,SUI,2567.40,2572.61,W,Campeonato Europeu 2023
2023-09-06,2023,GER,ITA,2690.19,2687.97,L,Campeonato Europeu 2023
2023-09-06,2023,ITA,GER,2994.00,2995.48,W,Campeonato Europeu 2023
2023-09-06,2023,MNE,POL,2561.21,2559.95,L,Campeonato Europeu 2023
2023-09-06,2023,POL,MNE,3103.93,3104.35,W,Campeonato Europeu 2023
2023-09-06,2023,MKD,CZE,2495.93,2491.06,L,Campeonato Europeu 2023
2023-09-06,2023,CZE,MKD,2692.97,2697.84,W,Campeonato Europeu 2023
2023-09-07,2023,SEN,GAM,2257.59,2247.23,L,Campeonato Africano 2023
2023-09-07,2023,GAM,SEN,2368.68,2379.04,W,Campeonato Africano 2023
2023-09-08,2023,RWA,TAN,2333.44,2350.72,W,Campeonato Africano 2023
2023-09-08,2023,TAN,RWA,2386.76,2369.47,L,Campeonato Africano 2023
2023-09-08,2023,CMR,BDI,2538.11,2545.55,W,Campeonato Africano 2023
2023-09-08,2023,BDI,CMR,2345.58,2338.13,L,Campeonato Africano 2023
2023-09-08,2023,TUN,SEN,2539.51,2544.21,W,Campeonato Africano 2023
2023-09-08,2023,SEN,TUN,2247.23,2242.52,L,Campeonato Africano 2023
2023-09-08,2023,CHA,GAM,2331.43,2348.47,W,Campeonato Africano 2023
2023-09-08,2023,GAM,CHA,2379.04,2361.99,L,Campeonato Africano 2023
2023-09-08,2023,MAR,MLI,2459.13,2469.83,W,Campeonato Africano 2023
2023-09-08,2023,MLI,MAR,2356.73,2346.03,L,Campeonato Africano 2023
2023-09-08,2023,ALG,GHA,2482.49,2489.15,W,Campeonato Africano 2023
2023-09-08,2023,GHA,ALG,2264.74,2258.08,L,Campeonato Africano 2023
2023-09-08,2023,EGY,KEN,2549.75,2555.67,W,Campeonato Africano 2023
2023-09-08,2023,KEN,EGY,2306.14,2300.22,L,Campeonato Africano 2023
2023-09-08,2023,CRO,ROU,2581.23,2572.90,L,Campeonato Europeu 2023
2023-09-08,2023,ROU,CRO,2542.49,2553.60,W,Campeonato Europeu 2023
2023-09-08,2023,FRA,BUL,2950.09,2951.26,W,Campeonato Europeu 2023
2023-09-08,2023,BUL,FRA,2598.75,2597.58,L,Campeonato Europeu 2023
2023-09-09,2023,SEN,BDI,2242.52,2261.55,W,Campeonato Africano 2023
2023-09-09,2023,BDI,SEN,2338.13,2319.11,L,Campeonato Africano 2023
2023-09-09,2023,GHA,TAN,2258.08,2277.73,W,Campeonato Africano 2023
2023-09-09,2023,TAN,GHA,2369.47,2349.82,L,Campeonato Africano 2023
2023-09-09,2023,MLI,KEN,2346.03,2329.06,L,Campeonato Africano 2023
2023-09-09,2023,KEN,MLI,2300.22,2317.19,W,Campeonato Africano 2023
2023-09-09,2023,ALG,RWA,2489.15,2498.47,W,Campeonato Africano 2023
2023-09-09,2023,RWA,ALG,2350.72,2341.40,L,Campeonato Africano 2023
2023-09-09,2023,TUN,CMR,2544.21,2531.76,L,Campeonato Africano 2023
2023-09-09,2023,CMR,TUN,2545.55,2560.49,W,Campeonato Africano 2023
2023-09-09,2023,MAR,EGY,2469.83,2458.47,L,Campeonato Africano 2023
2023-09-09,2023,EGY,MAR,2555.67,2567.04,W,Campeonato Africano 2023
2023-09-09,2023,LBA,CHA,2329.18,2345.01,W,Campeonato Africano 2023
2023-09-09,2023,CHA,LBA,2348.47,2332.64,L,Campeonato Africano 2023
2023-09-09,2023,SLO,TUR,2891.65,2894.99,W,Campeonato Europeu 2023
2023-09-09,2023,TUR,SLO,2771.47,2766.47,L,Campeonato Europeu 2023
2023-09-09,2023,ITA,MKD,2995.48,2996.00,W,Campeonato Europeu 2023
2023-09-09,2023,MKD,ITA,2491.06,2490.02,L,Campeonato Europeu 2023
2023-09-09,2023,POR,UKR,2571.61,2565.61,L,Campeonato Europeu 2023
2023-09-09,2023,UKR,POR,2718.65,2723.15,W,Campeonato Europeu 2023
2023-09-09,2023,NED,GER,2780.30,2784.00,W,Campeonato Europeu 2023
2023-09-09,2023,GER,NED,2687.97,2684.27,L,Campeonato Europeu 2023
2023-09-10,2023,SRB,CZE,2864.15,2866.92,W,Campeonato Europeu 2023
2023-09-10,2023,CZE,SRB,2697.84,2693.68,L,Campeonato Europeu 2023
2023-09-10,2023,POL,BEL,3104.35,3104.79,W,Campeonato Europeu 2023
2023-09-10,2023,BEL,POL,2572.61,2571.71,L,Campeonato Europeu 2023
2023-09-11,2023,MLI,BDI,2329.06,2316.20,L,Campeonato Africano 2023
2023-09-11,2023,BDI,MLI,2319.11,2334.54,W,Campeonato Africano 2023
2023-09-11,2023,GHA,GAM,2277.73,2293.21,W,Campeonato Africano 2023
2023-09-11,2023,GAM,GHA,2361.99,2343.43,L,Campeonato Africano 2023
2023-09-11,2023,KEN,SEN,2317.19,2327.70,W,Campeonato Africano 2023
2023-09-11,2023,SEN,KEN,2261.55,2251.03,L,Campeonato Africano 2023
2023-09-11,2023,RWA,CHA,2341.40,2353.58,W,Campeonato Africano 2023
2023-09-11,2023,CHA,RWA,2332.64,2320.46,L,Campeonato Africano 2023
2023-09-11,2023,MAR,TUN,2458.47,2448.57,L,Campeonato Africano 2023
2023-09-11,2023,TUN,MAR,2531.76,2541.66,W,Campeonato Africano 2023
2023-09-11,2023,ALG,LBA,2498.47,2507.24,W,Campeonato Africano 2023
2023-09-11,2023,LBA,ALG,2345.01,2336.24,L,Campeonato Africano 2023
2023-09-11,2023,EGY,CMR,2567.04,2581.76,W,Campeonato Africano 2023
2023-09-11,2023,CMR,EGY,2560.49,2548.23,L,Campeonato Africano 2023
2023-09-11,2023,SLO,UKR,2894.99,2897.70,W,Campeonato Europeu 2023
2023-09-11,2023,UKR,SLO,2723.15,2719.09,L,Campeonato Europeu 2023
2023-09-11,2023,FRA,ROU,2951.26,2952.18,W,Campeonato Europeu 2023
2023-09-11,2023,ROU,FRA,2553.60,2551.76,L,Campeonato Europeu 2023
2023-09-12,2023,TAN,BDI,2349.82,2361.77,W,Campeonato Africano 2023
2023-09-12,2023,BDI,TAN,2334.54,2322.59,L,Campeonato Africano 2023
2023-09-12,2023,GAM,SEN,2343.43,2327.68,L,Campeonato Africano 2023
2023-09-12,2023,SEN,GAM,2251.03,2266.78,W,Campeonato Africano 2023
2023-09-12,2023,GHA,KEN,2293.21,2281.94,L,Campeonato Africano 2023
2023-09-12,2023,KEN,GHA,2327.70,2338.97,W,Campeonato Africano 2023
2023-09-12,2023,CHA,MAR,2320.46,2337.37,W,Campeonato Africano 2023
2023-09-12,2023,MAR,CHA,2448.57,2431.65,L,Campeonato Africano 2023
2023-09-12,2023,RWA,TUN,2353.58,2347.26,L,Campeonato Africano 2023
2023-09-12,2023,TUN,RWA,2541.66,2547.99,W,Campeonato Africano 2023
2023-09-12,2023,POL,SRB,3104.79,3106.82,W,Campeonato Europeu 2023
2023-09-12,2023,SRB,POL,2866.92,2864.90,L,Campeonato Europeu 2023
2023-09-12,2023,ITA,NED,2996.00,2998.28,W,Campeonato Europeu 2023
2023-09-12,2023,NED,ITA,2784.00,2781.72,L,Campeonato Europeu 2023
2023-09-13,2023,LBA,CMR,2336.24,2355.54,W,Campeonato Africano 2023
2023-09-13,2023,CMR,LBA,2548.23,2528.93,L,Campeonato Africano 2023
2023-09-13,2023,ALG,EGY,2507.24,2497.38,L,Campeonato Africano 2023
2023-09-13,2023,EGY,ALG,2581.76,2591.62,W,Campeonato Africano 2023
2023-09-14,2023,POL,SLO,3106.82,3109.13,W,Campeonato Europeu 2023
2023-09-14,2023,SLO,POL,2897.70,2895.39,L,Campeonato Europeu 2023
2023-09-14,2023,ITA,FRA,2998.28,3002.62,W,Campeonato Europeu 2023
2023-09-14,2023,FRA,ITA,2952.18,2947.84,L,Campeonato Europeu 2023
2023-09-16,2023,FRA,SLO,2947.84,2942.09,L,Campeonato Europeu 2023
2023-09-16,2023,SLO,FRA,2895.39,2901.14,W,Campeonato Europeu 2023
2023-09-16,2023,ITA,POL,3002.62,2999.11,L,Campeonato Europeu 2023
2023-09-16,2023,POL,ITA,3109.13,3112.64,W,Campeonato Europeu 2023
2024-05-14,2024,CUB,SUR,2729.45,2730.77,W,Campeonato NORCECA 2024
2024-05-14,2024,SUR,CUB,2194.13,2192.82,L,Campeonato NORCECA 2024
2024-05-14,2024,USA,CAN,3022.09,3026.09,W,Campeonato NORCECA 2024
2024-05-14,2024,CAN,USA,2696.84,2692.84,L,Campeonato NORCECA 2024
2024-05-14,2024,GUA,DOM,2388.65,2377.60,L,Campeonato NORCECA 2024
2024-05-14,2024,DOM,GUA,2482.22,2493.27,W,Campeonato NORCECA 2024
2024-05-14,2024,CRC,PUR,2337.42,2329.84,L,Campeonato NORCECA 2024
2024-05-14,2024,PUR,CRC,2525.83,2533.41,W,Campeonato NORCECA 2024
2024-05-15,2024,SUR,USA,2192.82,2192.57,L,Campeonato NORCECA 2024
2024-05-15,2024,USA,SUR,3026.09,3026.34,W,Campeonato NORCECA 2024
2024-05-15,2024,CAN,CUB,2692.84,2679.47,L,Campeonato NORCECA 2024
2024-05-15,2024,CUB,CAN,2730.77,2744.14,W,Campeonato NORCECA 2024
2024-05-15,2024,DOM,CRC,2493.27,2471.69,L,Campeonato NORCECA 2024
2024-05-15,2024,CRC,DOM,2329.84,2351.42,W,Campeonato NORCECA 2024
2024-05-15,2024,PUR,GUA,2533.41,2542.10,W,Campeonato NORCECA 2024
2024-05-15,2024,GUA,PUR,2377.60,2368.91,L,Campeonato NORCECA 2024
2024-05-16,2024,CAN,SUR,2679.47,2681.19,W,Campeonato NORCECA 2024
2024-05-16,2024,SUR,CAN,2192.57,2190.86,L,Campeonato NORCECA 2024
2024-05-16,2024,USA,CUB,3026.34,3031.27,W,Campeonato NORCECA 2024
2024-05-16,2024,CUB,USA,2744.14,2739.20,L,Campeonato NORCECA 2024
2024-05-16,2024,GUA,CRC,2368.91,2353.15,L,Campeonato NORCECA 2024
2024-05-16,2024,CRC,GUA,2351.42,2367.17,W,Campeonato NORCECA 2024
2024-05-16,2024,DOM,PUR,2471.69,2459.69,L,Campeonato NORCECA 2024
2024-05-16,2024,PUR,DOM,2542.10,2554.11,W,Campeonato NORCECA 2024
2024-05-17,2024,CRC,CAN,2367.17,2362.95,L,Campeonato NORCECA 2024
2024-05-17,2024,CAN,CRC,2681.19,2685.42,W,Campeonato NORCECA 2024
2024-05-17,2024,CUB,DOM,2739.20,2744.20,W,Campeonato NORCECA 2024
2024-05-17,2024,DOM,CUB,2459.69,2454.69,L,Campeonato NORCECA 2024
2024-05-17,2024,ROU,AZE,2551.76,2554.59,W,Liga Europeia 2024
2024-05-17,2024,AZE,ROU,2158.95,2156.12,L,Liga Europeia 2024
2024-05-17,2024,EST,MKD,2615.32,2625.13,W,Liga Europeia 2024
2024-05-17,2024,MKD,EST,2490.02,2480.21,L,Liga Europeia 2024
2024-05-17,2024,CRO,FIN,2572.90,2587.25,W,Liga Europeia 2024
2024-05-17,2024,FIN,CRO,2557.94,2543.59,L,Liga Europeia 2024
2024-05-17,2024,LUX,POR,2268.54,2263.94,L,Liga Europeia 2024
2024-05-17,2024,POR,LUX,2565.61,2570.21,W,Liga Europeia 2024
2024-05-17,2024,FAI,ISL,2245.04,2231.76,L,Liga Europeia 2024
2024-05-17,2024,ISL,FAI,2285.00,2298.28,W,Liga Europeia 2024
2024-05-18,2024,GUA,CRC,2353.15,2338.58,L,Campeonato NORCECA 2024
2024-05-18,2024,CRC,GUA,2362.95,2377.52,W,Campeonato NORCECA 2024
2024-05-18,2024,SUR,DOM,2190.86,2185.47,L,Campeonato NORCECA 2024
2024-05-18,2024,DOM,SUR,2454.69,2460.08,W,Campeonato NORCECA 2024
2024-05-18,2024,PUR,CUB,2554.11,2546.58,L,Campeonato NORCECA 2024
2024-05-18,2024,CUB,PUR,2744.20,2751.73,W,Campeonato NORCECA 2024
2024-05-18,2024,USA,CAN,3031.27,3034.88,W,Campeonato NORCECA 2024
2024-05-18,2024,CAN,USA,2685.42,2681.81,L,Campeonato NORCECA 2024
2024-05-18,2024,UKR,ROU,2719.09,2727.47,W,Liga Europeia 2024
2024-05-18,2024,ROU,UKR,2554.59,2546.21,L,Liga Europeia 2024
2024-05-18,2024,CZE,EST,2693.68,2705.75,W,Liga Europeia 2024
2024-05-18,2024,EST,CZE,2625.13,2613.05,L,Liga Europeia 2024
2024-05-18,2024,BEL,CRO,2571.71,2557.38,L,Liga Europeia 2024
2024-05-18,2024,CRO,BEL,2587.25,2601.58,W,Liga Europeia 2024
2024-05-18,2024,ESP,LUX,2529.50,2534.85,W,Liga Europeia 2024
2024-05-18,2024,LUX,ESP,2263.94,2258.60,L,Liga Europeia 2024
2024-05-18,2024,ISR,FAI,2303.71,2315.65,W,Liga Europeia 2024
2024-05-18,2024,FAI,ISR,2231.76,2219.82,L,Liga Europeia 2024
2024-05-19,2024,GUA,SUR,2338.58,2347.36,W,Campeonato NORCECA 2024
2024-05-19,2024,SUR,GUA,2185.47,2176.68,L,Campeonato NORCECA 2024
2024-05-19,2024,CRC,DOM,2377.52,2367.94,L,Campeonato NORCECA 2024
2024-05-19,2024,DOM,CRC,2460.08,2469.66,W,Campeonato NORCECA 2024
2024-05-19,2024,PUR,CAN,2546.58,2567.14,W,Campeonato NORCECA 2024
2024-05-19,2024,CAN,PUR,2681.81,2664.68,L,Campeonato NORCECA 2024
2024-05-19,2024,CUB,USA,2751.73,2747.63,L,Campeonato NORCECA 2024
2024-05-19,2024,USA,CUB,3034.88,3039.79,W,Campeonato NORCECA 2024
2024-05-19,2024,AZE,UKR,2156.12,2155.04,L,Liga Europeia 2024
2024-05-19,2024,UKR,AZE,2727.47,2728.55,W,Liga Europeia 2024
2024-05-19,2024,MKD,CZE,2480.21,2473.78,L,Liga Europeia 2024
2024-05-19,2024,CZE,MKD,2705.75,2712.19,W,Liga Europeia 2024
2024-05-19,2024,FIN,BEL,2543.59,2559.18,W,Liga Europeia 2024
2024-05-19,2024,BEL,FIN,2557.38,2541.79,L,Liga Europeia 2024
2024-05-19,2024,POR,ESP,2570.21,2583.68,W,Liga Europeia 2024
2024-05-19,2024,ESP,POR,2534.85,2521.37,L,Liga Europeia 2024
2024-05-19,2024,ISL,ISR,2298.28,2284.03,L,Liga Europeia 2024
2024-05-19,2024,ISR,ISL,2315.65,2329.90,W,Liga Europeia 2024
2024-05-21,2024,BUL,FRA,2597.58,2593.95,L,Nations League 2024
2024-05-21,2024,FRA,BUL,2942.09,2945.72,W,Nations League 2024
2024-05-21,2024,TUR,CAN,2766.47,2747.19,L,Nations League 2024
2024-05-21,2024,CAN,TUR,2664.68,2680.74,W,Nations League 2024
2024-05-21,2024,ARG,JPN,2881.96,2869.88,L,Nations League 2024
2024-05-21,2024,JPN,ARG,2950.57,2962.65,W,Nations League 2024
2024-05-21,2024,CUB,BRA,2747.63,2768.17,W,Nations League 2024
2024-05-21,2024,BRA,CUB,3012.59,2987.95,L,Nations League 2024
2024-05-22,2024,NED,SLO,2781.72,2771.68,L,Nations League 2024
2024-05-22,2024,SLO,NED,2901.14,2911.18,W,Nations League 2024
2024-05-22,2024,USA,POL,3039.79,3029.88,L,Nations League 2024
2024-05-22,2024,POL,USA,3112.64,3124.54,W,Nations League 2024
2024-05-22,2024,GER,ITA,2684.27,2680.06,L,Nations League 2024
2024-05-22,2024,ITA,GER,2999.11,3003.32,W,Nations League 2024
2024-05-22,2024,IRI,SRB,2762.47,2751.77,L,Nations League 2024
2024-05-22,2024,SRB,IRI,2864.90,2875.60,W,Nations League 2024
2024-05-23,2024,SLO,FRA,2911.18,2927.67,W,Nations League 2024
2024-05-23,2024,FRA,SLO,2945.72,2929.23,L,Nations League 2024
2024-05-23,2024,CAN,POL,2680.74,2678.94,L,Nations League 2024
2024-05-23,2024,POL,CAN,3124.54,3126.71,W,Nations League 2024
2024-05-23,2024,TUR,NED,2747.19,2733.25,L,Nations League 2024
2024-05-23,2024,NED,TUR,2771.68,2785.63,W,Nations League 2024
2024-05-23,2024,CUB,GER,2768.17,2777.56,W,Nations League 2024
2024-05-23,2024,GER,CUB,2680.06,2668.78,L,Nations League 2024
2024-05-23,2024,JPN,SRB,2962.65,2973.97,W,Nations League 2024
2024-05-23,2024,SRB,JPN,2875.60,2864.28,L,Nations League 2024
2024-05-23,2024,ARG,BRA,2869.88,2859.79,L,Nations League 2024
2024-05-23,2024,BRA,ARG,2987.95,2998.04,W,Nations League 2024
2024-05-24,2024,BUL,CAN,2593.95,2582.55,L,Nations League 2024
2024-05-24,2024,CAN,BUL,2678.94,2688.44,W,Nations League 2024
2024-05-24,2024,FRA,USA,2929.23,2948.46,W,Nations League 2024
2024-05-24,2024,USA,FRA,3029.88,3013.85,L,Nations League 2024
2024-05-24,2024,NED,POL,2785.63,2781.94,L,Nations League 2024
2024-05-24,2024,POL,NED,3126.71,3130.40,W,Nations League 2024
2024-05-24,2024,CUB,JPN,2777.56,2771.46,L,Nations League 2024
2024-05-24,2024,JPN,CUB,2973.97,2981.29,W,Nations League 2024
2024-05-24,2024,IRI,ITA,2751.77,2746.06,L,Nations League 2024
2024-05-24,2024,ITA,IRI,3003.32,3009.03,W,Nations League 2024
2024-05-24,2024,SRB,BRA,2864.28,2854.79,L,Nations League 2024
2024-05-24,2024,BRA,SRB,2998.04,3007.54,W,Nations League 2024
2024-05-24,2024,CZE,LUX,2712.19,2714.24,W,Liga Europeia 2024
2024-05-24,2024,LUX,CZE,2258.60,2256.54,L,Liga Europeia 2024
2024-05-24,2024,EST,ESP,2613.05,2624.18,W,Liga Europeia 2024
2024-05-24,2024,ESP,EST,2521.37,2510.24,L,Liga Europeia 2024
2024-05-24,2024,CRO,ROU,2601.58,2614.21,W,Liga Europeia 2024
2024-05-24,2024,ROU,CRO,2546.21,2533.58,L,Liga Europeia 2024
2024-05-24,2024,AZE,BEL,2155.04,2152.11,L,Liga Europeia 2024
2024-05-24,2024,BEL,AZE,2541.79,2544.71,W,Liga Europeia 2024
2024-05-24,2024,ISL,FAI,2284.03,2266.29,L,Liga Europeia 2024
2024-05-24,2024,FAI,ISL,2219.82,2237.56,W,Liga Europeia 2024
2024-05-25,2024,SLO,CAN,2927.67,2933.71,W,Nations League 2024
2024-05-25,2024,CAN,SLO,2688.44,2684.41,L,Nations League 2024
2024-05-25,2024,TUR,FRA,2733.25,2726.51,L,Nations League 2024
2024-05-25,2024,FRA,TUR,2948.46,2955.20,W,Nations League 2024
2024-05-25,2024,BUL,USA,2582.55,2610.24,W,Nations League 2024
2024-05-25,2024,USA,BUL,3013.85,2990.78,L,Nations League 2024
2024-05-25,2024,JPN,ITA,2981.29,2967.48,L,Nations League 2024
2024-05-25,2024,ITA,JPN,3009.03,3022.83,W,Nations League 2024
2024-05-25,2024,ARG,GER,2859.79,2867.29,W,Nations League 2024
2024-05-25,2024,GER,ARG,2668.78,2661.29,L,Nations League 2024
2024-05-25,2024,CUB,IRI,2771.46,2780.73,W,Nations League 2024
2024-05-25,2024,IRI,CUB,2746.06,2732.15,L,Nations League 2024
2024-05-25,2024,UKR,CZE,2728.55,2712.93,L,Liga Europeia 2024
2024-05-25,2024,CZE,UKR,2714.24,2729.86,W,Liga Europeia 2024
2024-05-25,2024,FIN,EST,2559.18,2576.96,W,Liga Europeia 2024
2024-05-25,2024,EST,FIN,2624.18,2606.41,L,Liga Europeia 2024
2024-05-25,2024,POR,CRO,2583.68,2570.00,L,Liga Europeia 2024
2024-05-25,2024,CRO,POR,2614.21,2627.90,W,Liga Europeia 2024
2024-05-25,2024,MKD,AZE,2473.78,2477.85,W,Liga Europeia 2024
2024-05-25,2024,AZE,MKD,2152.11,2148.04,L,Liga Europeia 2024
2024-05-25,2024,AUT,ISL,2359.27,2370.35,W,Liga Europeia 2024
2024-05-25,2024,ISL,AUT,2266.29,2255.21,L,Liga Europeia 2024
2024-05-26,2024,SLO,POL,2933.71,2956.40,W,Nations League 2024
2024-05-26,2024,POL,SLO,3130.40,3107.71,L,Nations League 2024
2024-05-26,2024,BRA,ITA,3007.54,2993.20,L,Nations League 2024
2024-05-26,2024,ITA,BRA,3022.83,3037.17,W,Nations League 2024
2024-05-26,2024,TUR,USA,2726.51,2721.13,L,Nations League 2024
2024-05-26,2024,USA,TUR,2990.78,2995.26,W,Nations League 2024
2024-05-26,2024,BUL,NED,2610.24,2602.10,L,Nations League 2024
2024-05-26,2024,NED,BUL,2781.94,2790.07,W,Nations League 2024
2024-05-26,2024,SRB,GER,2854.79,2832.20,L,Nations League 2024
2024-05-26,2024,GER,SRB,2661.29,2683.87,W,Nations League 2024
2024-05-26,2024,IRI,ARG,2732.15,2722.71,L,Nations League 2024
2024-05-26,2024,ARG,IRI,2867.29,2876.73,W,Nations League 2024
2024-05-26,2024,LUX,UKR,2256.54,2254.52,L,Liga Europeia 2024
2024-05-26,2024,UKR,LUX,2712.93,2714.96,W,Liga Europeia 2024
2024-05-26,2024,ESP,FIN,2510.24,2528.08,W,Liga Europeia 2024
2024-05-26,2024,FIN,ESP,2576.96,2559.11,L,Liga Europeia 2024
2024-05-26,2024,ROU,POR,2533.58,2520.15,L,Liga Europeia 2024
2024-05-26,2024,POR,ROU,2570.00,2583.43,W,Liga Europeia 2024
2024-05-26,2024,BEL,MKD,2544.71,2556.86,W,Liga Europeia 2024
2024-05-26,2024,MKD,BEL,2477.85,2465.70,L,Liga Europeia 2024
2024-05-26,2024,FAI,AUT,2237.56,2228.03,L,Liga Europeia 2024
2024-05-26,2024,AUT,FAI,2370.35,2379.88,W,Liga Europeia 2024
2024-05-30,2024,FIN,CZE,2559.11,2580.94,W,Liga Europeia 2024
2024-05-30,2024,CZE,FIN,2729.86,2708.03,L,Liga Europeia 2024
2024-05-31,2024,AZE,EST,2148.04,2146.04,L,Liga Europeia 2024
2024-05-31,2024,EST,AZE,2606.41,2608.41,W,Liga Europeia 2024
2024-05-31,2024,MKD,CRO,2465.70,2457.23,L,Liga Europeia 2024
2024-05-31,2024,CRO,MKD,2627.90,2636.36,W,Liga Europeia 2024
2024-05-31,2024,ROU,FIN,2520.15,2537.74,W,Liga Europeia 2024
2024-05-31,2024,FIN,ROU,2580.94,2566.28,L,Liga Europeia 2024
2024-05-31,2024,POR,UKR,2583.43,2573.85,L,Liga Europeia 2024
2024-05-31,2024,UKR,POR,2714.96,2724.53,W,Liga Europeia 2024
2024-05-31,2024,ISL,ISR,2255.21,2243.39,L,Liga Europeia 2024
2024-05-31,2024,ISR,ISL,2329.90,2341.72,W,Liga Europeia 2024
2024-06-01,2024,LUX,AZE,2254.52,2264.98,W,Liga Europeia 2024
2024-06-01,2024,AZE,LUX,2146.04,2137.32,L,Liga Europeia 2024
2024-06-01,2024,ESP,MKD,2528.08,2540.07,W,Liga Europeia 2024
2024-06-01,2024,MKD,ESP,2457.23,2447.25,L,Liga Europeia 2024
2024-06-01,2024,CZE,ROU,2708.03,2714.85,W,Liga Europeia 2024
2024-06-01,2024,ROU,CZE,2537.74,2530.92,L,Liga Europeia 2024
2024-06-01,2024,BEL,POR,2556.86,2572.59,W,Liga Europeia 2024
2024-06-01,2024,POR,BEL,2573.85,2560.74,L,Liga Europeia 2024
2024-06-01,2024,AUT,ISL,2379.88,2389.27,W,Liga Europeia 2024
2024-06-01,2024,ISL,AUT,2243.39,2235.56,L,Liga Europeia 2024
2024-06-02,2024,EST,LUX,2608.41,2611.45,W,Liga Europeia 2024
2024-06-02,2024,LUX,EST,2264.98,2261.94,L,Liga Europeia 2024
2024-06-02,2024,CRO,ESP,2636.36,2645.48,W,Liga Europeia 2024
2024-06-02,2024,ESP,CRO,2540.07,2530.95,L,Liga Europeia 2024
2024-06-02,2024,UKR,BEL,2724.53,2706.89,L,Liga Europeia 2024
2024-06-02,2024,BEL,UKR,2572.59,2590.24,W,Liga Europeia 2024
2024-06-02,2024,ISR,AUT,2341.72,2358.76,W,Liga Europeia 2024
2024-06-02,2024,AUT,ISR,2389.27,2372.23,L,Liga Europeia 2024
2024-06-04,2024,GER,BRA,2683.87,2679.54,L,Nations League 2024
2024-06-04,2024,BRA,GER,2993.20,2997.52,W,Nations League 2024
2024-06-04,2024,POL,BUL,3107.71,3109.26,W,Nations League 2024
2024-06-04,2024,BUL,POL,2602.10,2600.55,L,Nations League 2024
2024-06-04,2024,IRI,JPN,2722.71,2716.82,L,Nations League 2024
2024-06-04,2024,JPN,IRI,2967.48,2973.38,W,Nations League 2024
2024-06-04,2024,ARG,USA,2876.73,2866.66,L,Nations League 2024
2024-06-04,2024,USA,ARG,2995.26,3001.98,W,Nations League 2024
2024-06-04,2024,CAN,CUB,2684.41,2697.11,W,Nations League 2024
2024-06-04,2024,CUB,CAN,2780.73,2768.03,L,Nations League 2024
2024-06-05,2024,SLO,TUR,2956.40,2962.55,W,Nations League 2024
2024-06-05,2024,TUR,SLO,2721.13,2714.98,L,Nations League 2024
2024-06-05,2024,GER,JPN,2679.54,2675.66,L,Nations League 2024
2024-06-05,2024,JPN,GER,2973.38,2977.27,W,Nations League 2024
2024-06-05,2024,SRB,NED,2832.20,2845.39,W,Nations League 2024
2024-06-05,2024,NED,SRB,2790.07,2776.88,L,Nations League 2024
2024-06-05,2024,FRA,ITA,2955.20,2973.68,W,Nations League 2024
2024-06-05,2024,ITA,FRA,3037.17,3018.70,L,Nations League 2024
2024-06-06,2024,IRI,BRA,2716.82,2712.67,L,Nations League 2024
2024-06-06,2024,BRA,IRI,2997.52,3001.67,W,Nations League 2024
2024-06-06,2024,BUL,GER,2600.55,2590.71,L,Nations League 2024
2024-06-06,2024,GER,BUL,2675.66,2685.49,W,Nations League 2024
2024-06-06,2024,POL,TUR,3109.26,3111.60,W,Nations League 2024
2024-06-06,2024,TUR,POL,2714.98,2712.63,L,Nations League 2024
2024-06-06,2024,CUB,NED,2768.03,2758.28,L,Nations League 2024
2024-06-06,2024,NED,CUB,2776.88,2789.06,W,Nations League 2024
2024-06-06,2024,USA,ITA,3001.98,2992.46,L,Nations League 2024
2024-06-06,2024,ITA,USA,3018.70,3030.60,W,Nations League 2024
2024-06-06,2024,CAN,ARG,2697.11,2691.64,L,Nations League 2024
2024-06-06,2024,ARG,CAN,2866.66,2873.50,W,Nations League 2024
2024-06-07,2024,BUL,IRI,2590.71,2607.43,W,Nations League 2024
2024-06-07,2024,IRI,BUL,2712.67,2695.96,L,Nations League 2024
2024-06-07,2024,BRA,SLO,3001.67,2987.77,L,Nations League 2024
2024-06-07,2024,SLO,BRA,2962.55,2976.45,W,Nations League 2024
2024-06-07,2024,JPN,POL,2977.27,2969.37,L,Nations League 2024
2024-06-07,2024,POL,JPN,3111.60,3119.50,W,Nations League 2024
2024-06-07,2024,CUB,ITA,2758.28,2754.83,L,Nations League 2024
2024-06-07,2024,ITA,CUB,3030.60,3034.91,W,Nations League 2024
2024-06-07,2024,FRA,NED,2973.68,2980.10,W,Nations League 2024
2024-06-07,2024,NED,FRA,2789.06,2782.64,L,Nations League 2024
2024-06-07,2024,USA,SRB,2992.46,2998.46,W,Nations League 2024
2024-06-07,2024,SRB,USA,2845.39,2837.89,L,Nations League 2024
2024-06-07,2024,FAI,AUT,2228.03,2218.92,L,Liga Europeia 2024
2024-06-07,2024,AUT,FAI,2372.23,2381.34,W,Liga Europeia 2024
2024-06-08,2024,TUR,IRI,2712.63,2724.53,W,Nations League 2024
2024-06-08,2024,IRI,TUR,2695.96,2684.06,L,Nations League 2024
2024-06-08,2024,POL,BRA,3119.50,3102.47,L,Nations League 2024
2024-06-08,2024,BRA,POL,2987.77,3004.79,W,Nations League 2024
2024-06-08,2024,JPN,SLO,2969.37,2982.13,W,Nations League 2024
2024-06-08,2024,SLO,JPN,2976.45,2963.70,L,Nations League 2024
2024-06-08,2024,CUB,FRA,2754.83,2766.61,W,Nations League 2024
2024-06-08,2024,FRA,CUB,2980.10,2960.46,L,Nations League 2024
2024-06-08,2024,CAN,USA,2691.64,2708.72,W,Nations League 2024
2024-06-08,2024,USA,CAN,2998.46,2981.38,L,Nations League 2024
2024-06-08,2024,SRB,ARG,2837.89,2826.66,L,Nations League 2024
2024-06-08,2024,ARG,SRB,2873.50,2884.72,W,Nations League 2024
2024-06-08,2024,ISR,FAI,2358.76,2368.03,W,Liga Europeia 2024
2024-06-08,2024,FAI,ISR,2218.92,2211.20,L,Liga Europeia 2024
2024-06-09,2024,TUR,GER,2724.53,2710.64,L,Nations League 2024
2024-06-09,2024,GER,TUR,2685.49,2699.39,W,Nations League 2024
2024-06-09,2024,BUL,SLO,2607.43,2604.58,L,Nations League 2024
2024-06-09,2024,SLO,BUL,2963.70,2966.55,W,Nations League 2024
2024-06-09,2024,ITA,NED,3034.91,3039.65,W,Nations League 2024
2024-06-09,2024,NED,ITA,2782.64,2777.90,L,Nations League 2024
2024-06-09,2024,ARG,FRA,2884.72,2874.91,L,Nations League 2024
2024-06-09,2024,FRA,ARG,2960.46,2970.28,W,Nations League 2024
2024-06-09,2024,CAN,SRB,2708.72,2703.67,L,Nations League 2024
2024-06-09,2024,SRB,CAN,2826.66,2835.08,W,Nations League 2024
2024-06-09,2024,AUT,ISR,2381.34,2368.36,L,Liga Europeia 2024
2024-06-09,2024,ISR,AUT,2368.03,2381.01,W,Liga Europeia 2024
2024-06-13,2024,ISR,AUT,2381.01,2393.06,W,Liga Europeia 2024
2024-06-13,2024,AUT,ISR,2368.36,2356.32,L,Liga Europeia 2024
2024-06-15,2024,CRO,EST,2645.48,2656.76,W,Liga Europeia 2024
2024-06-15,2024,EST,CRO,2611.45,2600.17,L,Liga Europeia 2024
2024-06-15,2024,CZE,UKR,2714.85,2702.06,L,Liga Europeia 2024
2024-06-15,2024,UKR,CZE,2706.89,2719.68,W,Liga Europeia 2024
2024-06-16,2024,EST,CZE,2600.17,2591.24,L,Liga Europeia 2024
2024-06-16,2024,CZE,EST,2702.06,2711.00,W,Liga Europeia 2024
2024-06-16,2024,CRO,UKR,2656.76,2646.50,L,Liga Europeia 2024
2024-06-16,2024,UKR,CRO,2719.68,2729.94,W,Liga Europeia 2024
2024-06-18,2024,NED,BRA,2777.90,2772.57,L,Nations League 2024
2024-06-18,2024,BRA,NED,3004.79,3010.12,W,Nations League 2024
2024-06-18,2024,CAN,JPN,2703.67,2716.16,W,Nations League 2024
2024-06-18,2024,JPN,CAN,2982.13,2961.32,L,Nations League 2024
2024-06-18,2024,BUL,TUR,2604.58,2620.78,W,Nations League 2024
2024-06-18,2024,TUR,BUL,2710.64,2694.43,L,Nations League 2024
2024-06-18,2024,SLO,ARG,2966.55,2975.83,W,Nations League 2024
2024-06-18,2024,ARG,SLO,2874.91,2865.63,L,Nations League 2024
2024-06-19,2024,GER,FRA,2699.39,2720.05,W,Nations League 2024
2024-06-19,2024,FRA,GER,2970.28,2949.62,L,Nations League 2024
2024-06-19,2024,IRI,USA,2684.06,2705.23,W,Nations League 2024
2024-06-19,2024,USA,IRI,2981.38,2968.68,L,Nations League 2024
2024-06-19,2024,CUB,SRB,2766.61,2760.57,L,Nations League 2024
2024-06-19,2024,SRB,CUB,2835.08,2845.14,W,Nations League 2024
2024-06-19,2024,ITA,POL,3039.65,3029.39,L,Nations League 2024
2024-06-19,2024,POL,ITA,3102.47,3112.74,W,Nations League 2024
2024-06-20,2024,GER,CAN,2720.05,2709.94,L,Nations League 2024
2024-06-20,2024,CAN,GER,2716.16,2723.74,W,Nations League 2024
2024-06-20,2024,IRI,NED,2705.23,2717.15,W,Nations League 2024
2024-06-20,2024,NED,IRI,2772.57,2760.66,L,Nations League 2024
2024-06-20,2024,BRA,USA,3010.12,2998.93,L,Nations League 2024
2024-06-20,2024,USA,BRA,2968.68,2977.07,W,Nations League 2024
2024-06-20,2024,TUR,ARG,2694.43,2689.00,L,Nations League 2024
2024-06-20,2024,ARG,TUR,2865.63,2871.07,W,Nations League 2024
2024-06-20,2024,BUL,ITA,2620.78,2619.04,L,Nations League 2024
2024-06-20,2024,ITA,BUL,3029.39,3031.13,W,Nations League 2024
2024-06-20,2024,CUB,SLO,2760.57,2757.20,L,Nations League 2024
2024-06-20,2024,SLO,CUB,2975.83,2980.32,W,Nations League 2024
2024-06-21,2024,IRI,FRA,2717.15,2712.99,L,Nations League 2024
2024-06-21,2024,FRA,IRI,2949.62,2953.78,W,Nations League 2024
2024-06-21,2024,CAN,BRA,2723.74,2736.19,W,Nations League 2024
2024-06-21,2024,BRA,CAN,2998.93,2982.34,L,Nations League 2024
2024-06-21,2024,NED,JPN,2760.66,2755.87,L,Nations League 2024
2024-06-21,2024,JPN,NED,2961.32,2966.11,W,Nations League 2024
2024-06-21,2024,ARG,POL,2871.07,2867.08,L,Nations League 2024
2024-06-21,2024,POL,ARG,3112.74,3116.72,W,Nations League 2024
2024-06-21,2024,BUL,CUB,2619.04,2612.82,L,Nations League 2024
2024-06-21,2024,CUB,BUL,2757.20,2761.87,W,Nations League 2024
2024-06-21,2024,TUR,SRB,2689.00,2683.21,L,Nations League 2024
2024-06-21,2024,SRB,TUR,2845.14,2850.93,W,Nations League 2024
2024-06-22,2024,GER,USA,2709.94,2706.40,L,Nations League 2024
2024-06-22,2024,USA,GER,2977.07,2979.72,W,Nations League 2024
2024-06-22,2024,CAN,NED,2736.19,2741.47,W,Nations League 2024
2024-06-22,2024,NED,CAN,2755.87,2745.30,L,Nations League 2024
2024-06-22,2024,FRA,JPN,2953.78,2944.13,L,Nations League 2024
2024-06-22,2024,JPN,FRA,2966.11,2975.75,W,Nations League 2024
2024-06-22,2024,BUL,ARG,2612.82,2609.06,L,Nations League 2024
2024-06-22,2024,ARG,BUL,2867.08,2870.84,W,Nations League 2024
2024-06-22,2024,SRB,POL,2850.93,2847.37,L,Nations League 2024
2024-06-22,2024,POL,SRB,3116.72,3120.28,W,Nations League 2024
2024-06-22,2024,SLO,ITA,2980.32,2991.77,W,Nations League 2024
2024-06-22,2024,ITA,SLO,3031.13,3019.67,L,Nations League 2024
2024-06-23,2024,GER,IRI,2706.40,2716.59,W,Nations League 2024
2024-06-23,2024,IRI,GER,2712.99,2702.80,L,Nations League 2024
2024-06-23,2024,FRA,BRA,2944.13,2955.23,W,Nations League 2024
2024-06-23,2024,BRA,FRA,2982.34,2971.24,L,Nations League 2024
2024-06-23,2024,JPN,USA,2975.75,2985.87,W,Nations League 2024
2024-06-23,2024,USA,JPN,2979.72,2972.13,L,Nations League 2024
2024-06-23,2024,CUB,POL,2761.87,2760.74,L,Nations League 2024
2024-06-23,2024,POL,CUB,3120.28,3122.54,W,Nations League 2024
2024-06-23,2024,TUR,ITA,2683.21,2680.69,L,Nations League 2024
2024-06-23,2024,ITA,TUR,3019.67,3022.19,W,Nations League 2024
2024-06-23,2024,SRB,SLO,2847.37,2841.30,L,Nations League 2024
2024-06-23,2024,SLO,SRB,2991.77,2997.84,W,Nations League 2024
2024-06-27,2024,JPN,CAN,2985.87,2989.80,W,Nations League 2024
2024-06-27,2024,CAN,JPN,2741.47,2739.50,L,Nations League 2024
2024-06-27,2024,POL,BRA,3122.54,3128.44,W,Nations League 2024
2024-06-27,2024,BRA,POL,2971.24,2965.34,L,Nations League 2024
2024-06-28,2024,ITA,FRA,3022.19,3010.29,L,Nations League 2024
2024-06-28,2024,FRA,ITA,2955.23,2967.13,W,Nations League 2024
2024-06-28,2024,SLO,ARG,2997.84,3004.34,W,Nations League 2024
2024-06-28,2024,ARG,SLO,2870.84,2864.34,L,Nations League 2024
2024-06-29,2024,POL,FRA,3128.44,3117.68,L,Nations League 2024
2024-06-29,2024,FRA,POL,2967.13,2977.89,W,Nations League 2024
2024-06-29,2024,SLO,JPN,3004.34,2996.52,L,Nations League 2024
2024-06-29,2024,JPN,SLO,2989.80,2997.61,W,Nations League 2024
2024-06-30,2024,SLO,POL,2996.52,2991.54,L,Nations League 2024
2024-06-30,2024,POL,SLO,3117.68,3122.67,W,Nations League 2024
2024-06-30,2024,JPN,FRA,2997.61,2989.69,L,Nations League 2024
2024-06-30,2024,FRA,JPN,2977.89,2985.81,W,Nations League 2024
2024-07-04,2024,CHN,MEX,2599.45,2612.85,W,Challenger Cup 2024
2024-07-04,2024,MEX,CHN,2562.35,2548.95,L,Challenger Cup 2024
2024-07-04,2024,BEL,CRO,2590.24,2604.74,W,Challenger Cup 2024
2024-07-04,2024,CRO,BEL,2646.50,2632.00,L,Challenger Cup 2024
2024-07-05,2024,UKR,CHI,2729.94,2734.27,W,Challenger Cup 2024
2024-07-05,2024,CHI,UKR,2458.56,2453.36,L,Challenger Cup 2024
2024-07-05,2024,EGY,QAT,2591.62,2605.13,W,Challenger Cup 2024
2024-07-05,2024,QAT,EGY,2557.07,2543.56,L,Challenger Cup 2024
2024-07-06,2024,CHN,EGY,2612.85,2627.52,W,Challenger Cup 2024
2024-07-06,2024,EGY,CHN,2605.13,2590.47,L,Challenger Cup 2024
2024-07-06,2024,UKR,BEL,2734.27,2717.32,L,Challenger Cup 2024
2024-07-06,2024,BEL,UKR,2604.74,2621.70,W,Challenger Cup 2024
2024-07-07,2024,EGY,UKR,2590.47,2610.71,W,Challenger Cup 2024
2024-07-07,2024,UKR,EGY,2717.32,2703.82,L,Challenger Cup 2024
2024-07-07,2024,CHN,BEL,2627.52,2642.27,W,Challenger Cup 2024
2024-07-07,2024,BEL,CHN,2621.70,2609.41,L,Challenger Cup 2024
2024-07-27,2024,JPN,GER,2989.69,2977.27,L,Jogos Olimpicos 2024
2024-07-27,2024,GER,JPN,2716.59,2733.15,W,Jogos Olimpicos 2024
2024-07-27,2024,ITA,BRA,3010.29,3016.83,W,Jogos Olimpicos 2024
2024-07-27,2024,BRA,ITA,2965.34,2958.81,L,Jogos Olimpicos 2024
2024-07-27,2024,POL,EGY,3122.67,3123.42,W,Jogos Olimpicos 2024
2024-07-27,2024,EGY,POL,2610.71,2609.21,L,Jogos Olimpicos 2024
2024-07-27,2024,USA,ARG,2972.13,2975.63,W,Jogos Olimpicos 2024
2024-07-27,2024,ARG,USA,2864.34,2859.10,L,Jogos Olimpicos 2024
2024-07-28,2024,FRA,SRB,2985.81,2990.36,W,Jogos Olimpicos 2024
2024-07-28,2024,SRB,FRA,2841.30,2835.24,L,Jogos Olimpicos 2024
2024-07-28,2024,SLO,CAN,2991.54,2994.39,W,Jogos Olimpicos 2024
2024-07-28,2024,CAN,SLO,2739.50,2737.61,L,Jogos Olimpicos 2024
2024-07-30,2024,ITA,EGY,3016.83,3018.14,W,Jogos Olimpicos 2024
2024-07-30,2024,EGY,ITA,2609.21,2606.59,L,Jogos Olimpicos 2024
2024-07-30,2024,USA,GER,2975.63,2977.62,W,Jogos Olimpicos 2024
2024-07-30,2024,GER,USA,2733.15,2730.17,L,Jogos Olimpicos 2024
2024-07-30,2024,SLO,SRB,2994.39,2998.67,W,Jogos Olimpicos 2024
2024-07-30,2024,SRB,SLO,2835.24,2830.95,L,Jogos Olimpicos 2024
2024-07-30,2024,FRA,CAN,2990.36,2993.20,W,Jogos Olimpicos 2024
2024-07-30,2024,CAN,FRA,2737.61,2735.71,L,Jogos Olimpicos 2024
2024-07-31,2024,POL,BRA,3123.42,3127.61,W,Jogos Olimpicos 2024
2024-07-31,2024,BRA,POL,2958.81,2954.62,L,Jogos Olimpicos 2024
2024-07-31,2024,JPN,ARG,2977.27,2982.31,W,Jogos Olimpicos 2024
2024-07-31,2024,ARG,JPN,2859.10,2854.05,L,Jogos Olimpicos 2024
2024-08-02,2024,ARG,GER,2854.05,2843.99,L,Jogos Olimpicos 2024
2024-08-02,2024,GER,ARG,2730.17,2740.24,W,Jogos Olimpicos 2024
2024-08-02,2024,BRA,EGY,2954.62,2956.40,W,Jogos Olimpicos 2024
2024-08-02,2024,EGY,BRA,2606.59,2603.62,L,Jogos Olimpicos 2024
2024-08-02,2024,FRA,SLO,2993.20,2988.28,L,Jogos Olimpicos 2024
2024-08-02,2024,SLO,FRA,2998.67,3003.59,W,Jogos Olimpicos 2024
2024-08-02,2024,JPN,USA,2982.31,2977.24,L,Jogos Olimpicos 2024
2024-08-02,2024,USA,JPN,2977.62,2982.68,W,Jogos Olimpicos 2024
2024-08-03,2024,POL,ITA,3127.61,3121.08,L,Jogos Olimpicos 2024
2024-08-03,2024,ITA,POL,3018.14,3027.92,W,Jogos Olimpicos 2024
2024-08-03,2024,CAN,SRB,2735.71,2732.05,L,Jogos Olimpicos 2024
2024-08-03,2024,SRB,CAN,2830.95,2836.44,W,Jogos Olimpicos 2024
2024-08-05,2024,FRA,GER,2988.28,2990.21,W,Jogos Olimpicos 2024
2024-08-05,2024,GER,FRA,2740.24,2737.34,L,Jogos Olimpicos 2024
2024-08-05,2024,USA,BRA,2982.68,2987.31,W,Jogos Olimpicos 2024
2024-08-05,2024,BRA,USA,2956.40,2949.46,L,Jogos Olimpicos 2024
2024-08-05,2024,SLO,POL,3003.59,3000.22,L,Jogos Olimpicos 2024
2024-08-05,2024,POL,SLO,3121.08,3124.45,W,Jogos Olimpicos 2024
2024-08-05,2024,ITA,JPN,3027.92,3034.34,W,Jogos Olimpicos 2024
2024-08-05,2024,JPN,ITA,2977.24,2972.97,L,Jogos Olimpicos 2024
2024-08-07,2024,ITA,FRA,3034.34,3028.71,L,Jogos Olimpicos 2024
2024-08-07,2024,FRA,ITA,2990.21,2995.84,W,Jogos Olimpicos 2024
2024-08-07,2024,POL,USA,3124.45,3127.58,W,Jogos Olimpicos 2024
2024-08-07,2024,USA,POL,2987.31,2984.18,L,Jogos Olimpicos 2024
2024-08-09,2024,ITA,USA,3028.71,3023.07,L,Jogos Olimpicos 2024
2024-08-09,2024,USA,ITA,2984.18,2989.82,W,Jogos Olimpicos 2024
2024-08-10,2024,FRA,POL,2995.84,3002.65,W,Jogos Olimpicos 2024
2024-08-10,2024,POL,FRA,3127.58,3120.77,L,Jogos Olimpicos 2024
2025-06-06,2025,CRO,ISR,2632.00,2608.05,L,Liga Europeia 2025
2025-06-06,2025,ISR,CRO,2393.06,2417.00,W,Liga Europeia 2025
2025-06-06,2025,FIN,SVK,2566.28,2575.56,W,Liga Europeia 2025
2025-06-06,2025,SVK,FIN,2426.83,2417.54,L,Liga Europeia 2025
2025-06-06,2025,ESP,GRE,2530.95,2513.87,L,Liga Europeia 2025
2025-06-06,2025,GRE,ESP,2482.62,2499.70,W,Liga Europeia 2025
2025-06-06,2025,MNE,ROU,2559.95,2543.70,L,Liga Europeia 2025
2025-06-06,2025,ROU,MNE,2530.92,2547.17,W,Liga Europeia 2025
2025-06-06,2025,ISL,LUX,2235.56,2221.70,L,Liga Europeia 2025
2025-06-06,2025,LUX,ISL,2261.94,2275.81,W,Liga Europeia 2025
2025-06-06,2025,AZE,SWE,2137.32,2130.91,L,Liga Europeia 2025
2025-06-06,2025,SWE,AZE,2363.66,2370.07,W,Liga Europeia 2025
2025-06-07,2025,CZE,CRO,2711.00,2721.68,W,Liga Europeia 2025
2025-06-07,2025,CRO,CZE,2608.05,2597.37,L,Liga Europeia 2025
2025-06-07,2025,MKD,FIN,2447.25,2437.55,L,Liga Europeia 2025
2025-06-07,2025,FIN,MKD,2575.56,2585.26,W,Liga Europeia 2025
2025-06-07,2025,POR,ESP,2560.74,2543.73,L,Liga Europeia 2025
2025-06-07,2025,ESP,POR,2513.87,2530.88,W,Liga Europeia 2025
2025-06-07,2025,LAT,MNE,2497.85,2514.82,W,Liga Europeia 2025
2025-06-07,2025,MNE,LAT,2543.70,2526.73,L,Liga Europeia 2025
2025-06-07,2025,AUT,ISL,2356.32,2365.78,W,Liga Europeia 2025
2025-06-07,2025,ISL,AUT,2221.70,2212.23,L,Liga Europeia 2025
2025-06-07,2025,GEO,AZE,2126.35,2111.55,L,Liga Europeia 2025
2025-06-07,2025,AZE,GEO,2130.91,2145.72,W,Liga Europeia 2025
2025-06-08,2025,ISR,CZE,2417.00,2442.58,W,Liga Europeia 2025
2025-06-08,2025,CZE,ISR,2721.68,2696.11,L,Liga Europeia 2025
2025-06-08,2025,SVK,MKD,2417.54,2433.41,W,Liga Europeia 2025
2025-06-08,2025,MKD,SVK,2437.55,2421.69,L,Liga Europeia 2025
2025-06-08,2025,GRE,POR,2499.70,2516.59,W,Liga Europeia 2025
2025-06-08,2025,POR,GRE,2543.73,2526.84,L,Liga Europeia 2025
2025-06-08,2025,ROU,LAT,2547.17,2560.78,W,Liga Europeia 2025
2025-06-08,2025,LAT,ROU,2514.82,2501.21,L,Liga Europeia 2025
2025-06-08,2025,LUX,AUT,2275.81,2294.61,W,Liga Europeia 2025
2025-06-08,2025,AUT,LUX,2365.78,2346.98,L,Liga Europeia 2025
2025-06-08,2025,SWE,GEO,2370.07,2375.59,W,Liga Europeia 2025
2025-06-08,2025,GEO,SWE,2111.55,2106.02,L,Liga Europeia 2025
2025-06-11,2025,POL,NED,3120.77,3123.87,W,Nations League 2025
2025-06-11,2025,NED,POL,2745.30,2742.20,L,Nations League 2025
2025-06-11,2025,CHN,JPN,2642.27,2638.38,L,Nations League 2025
2025-06-11,2025,JPN,CHN,2972.97,2976.86,W,Nations League 2025
2025-06-11,2025,SRB,TUR,2836.44,2845.14,W,Nations League 2025
2025-06-11,2025,TUR,SRB,2680.69,2672.00,L,Nations League 2025
2025-06-11,2025,BUL,ITA,2609.06,2606.53,L,Nations League 2025
2025-06-11,2025,ITA,BUL,3023.07,3025.60,W,Nations League 2025
2025-06-11,2025,UKR,USA,2703.82,2728.97,W,Nations League 2025
2025-06-11,2025,USA,UKR,2989.82,2964.67,L,Nations League 2025
2025-06-11,2025,ARG,FRA,2843.99,2865.40,W,Nations League 2025
2025-06-11,2025,FRA,ARG,3002.65,2981.24,L,Nations League 2025
2025-06-11,2025,BRA,IRI,2949.46,2955.30,W,Nations League 2025
2025-06-11,2025,IRI,BRA,2702.80,2696.96,L,Nations League 2025
2025-06-11,2025,GER,CAN,2737.34,2722.11,L,Nations League 2025
2025-06-11,2025,CAN,GER,2732.05,2747.28,W,Nations League 2025
2025-06-11,2025,SLO,CUB,3000.22,3006.26,W,Nations League 2025
2025-06-11,2025,CUB,SLO,2760.74,2754.70,L,Nations League 2025
2025-06-12,2025,CHN,SRB,2638.38,2661.38,W,Nations League 2025
2025-06-12,2025,SRB,CHN,2845.14,2822.13,L,Nations League 2025
2025-06-12,2025,POL,JPN,3123.87,3132.87,W,Nations League 2025
2025-06-12,2025,JPN,POL,2976.86,2967.85,L,Nations League 2025
2025-06-12,2025,GER,ITA,2722.11,2717.66,L,Nations League 2025
2025-06-12,2025,ITA,GER,3025.60,3030.06,W,Nations League 2025
2025-06-12,2025,BRA,CUB,2955.30,2932.49,L,Nations League 2025
2025-06-12,2025,CUB,BRA,2754.70,2777.51,W,Nations League 2025
2025-06-12,2025,ARG,CAN,2865.40,2875.49,W,Nations League 2025
2025-06-12,2025,CAN,ARG,2747.28,2737.19,L,Nations League 2025
2025-06-12,2025,USA,IRI,2964.67,2969.96,W,Nations League 2025
2025-06-12,2025,IRI,USA,2696.96,2691.67,L,Nations League 2025
2025-06-13,2025,JPN,SRB,2967.85,2976.91,W,Nations League 2025
2025-06-13,2025,SRB,JPN,2822.13,2813.08,L,Nations League 2025
2025-06-13,2025,NED,TUR,2742.20,2754.21,W,Nations League 2025
2025-06-13,2025,TUR,NED,2672.00,2659.99,L,Nations League 2025
2025-06-13,2025,BUL,ARG,2606.53,2631.27,W,Nations League 2025
2025-06-13,2025,ARG,BUL,2875.49,2850.75,L,Nations League 2025
2025-06-13,2025,UKR,CUB,2728.97,2746.05,W,Nations League 2025
2025-06-13,2025,CUB,UKR,2777.51,2760.43,L,Nations League 2025
2025-06-13,2025,FRA,ITA,2981.24,2998.34,W,Nations League 2025
2025-06-13,2025,ITA,FRA,3030.06,3012.96,L,Nations League 2025
2025-06-13,2025,IRI,SLO,2691.67,2687.45,L,Nations League 2025
2025-06-13,2025,SLO,IRI,3006.26,3010.48,W,Nations League 2025
2025-06-13,2025,CZE,MNE,2696.11,2704.32,W,Liga Europeia 2025
2025-06-13,2025,MNE,CZE,2526.73,2518.51,L,Liga Europeia 2025
2025-06-13,2025,MKD,LAT,2421.69,2440.06,W,Liga Europeia 2025
2025-06-13,2025,LAT,MKD,2501.21,2482.83,L,Liga Europeia 2025
2025-06-13,2025,ESP,CRO,2530.88,2548.72,W,Liga Europeia 2025
2025-06-13,2025,CRO,ESP,2597.37,2579.53,L,Liga Europeia 2025
2025-06-13,2025,SVK,POR,2433.41,2422.34,L,Liga Europeia 2025
2025-06-13,2025,POR,SVK,2526.84,2537.90,W,Liga Europeia 2025
2025-06-13,2025,FAI,ISL,2211.20,2226.25,W,Liga Europeia 2025
2025-06-13,2025,ISL,FAI,2212.23,2197.19,L,Liga Europeia 2025
2025-06-13,2025,LUX,AZE,2294.61,2303.54,W,Liga Europeia 2025
2025-06-13,2025,AZE,LUX,2145.72,2136.78,L,Liga Europeia 2025
2025-06-14,2025,CHN,NED,2661.38,2680.30,W,Nations League 2025
2025-06-14,2025,NED,CHN,2754.21,2735.30,L,Nations League 2025
2025-06-14,2025,TUR,POL,2659.99,2658.14,L,Nations League 2025
2025-06-14,2025,POL,TUR,3132.87,3134.72,W,Nations League 2025
2025-06-14,2025,UKR,BRA,2746.05,2738.41,L,Nations League 2025
2025-06-14,2025,BRA,UKR,2932.49,2940.14,W,Nations League 2025
2025-06-14,2025,USA,SLO,2969.96,2956.70,L,Nations League 2025
2025-06-14,2025,SLO,USA,3010.48,3023.73,W,Nations League 2025
2025-06-14,2025,CAN,FRA,2737.19,2731.73,L,Nations League 2025
2025-06-14,2025,FRA,CAN,2998.34,3003.79,W,Nations League 2025
2025-06-14,2025,BUL,GER,2631.27,2649.92,W,Nations League 2025
2025-06-14,2025,GER,BUL,2717.66,2699.00,L,Nations League 2025
2025-06-14,2025,FIN,CZE,2585.26,2605.21,W,Liga Europeia 2025
2025-06-14,2025,CZE,FIN,2704.32,2684.37,L,Liga Europeia 2025
2025-06-14,2025,GRE,MKD,2516.59,2528.33,W,Liga Europeia 2025
2025-06-14,2025,MKD,GRE,2440.06,2428.31,L,Liga Europeia 2025
2025-06-14,2025,ROU,ESP,2560.78,2575.26,W,Liga Europeia 2025
2025-06-14,2025,ESP,ROU,2548.72,2534.24,L,Liga Europeia 2025
2025-06-14,2025,ISR,SVK,2442.58,2456.70,W,Liga Europeia 2025
2025-06-14,2025,SVK,ISR,2422.34,2408.22,L,Liga Europeia 2025
2025-06-14,2025,SWE,FAI,2375.59,2384.52,W,Liga Europeia 2025
2025-06-14,2025,FAI,SWE,2226.25,2217.32,L,Liga Europeia 2025
2025-06-14,2025,HUN,LUX,2354.85,2367.65,W,Liga Europeia 2025
2025-06-14,2025,LUX,HUN,2303.54,2290.74,L,Liga Europeia 2025
2025-06-15,2025,NED,JPN,2735.30,2729.32,L,Nations League 2025
2025-06-15,2025,JPN,NED,2976.91,2982.88,W,Nations League 2025
2025-06-15,2025,CHN,TUR,2680.30,2664.34,L,Nations League 2025
2025-06-15,2025,TUR,CHN,2658.14,2674.10,W,Nations League 2025
2025-06-15,2025,POL,SRB,3134.72,3138.79,W,Nations League 2025
2025-06-15,2025,SRB,POL,2813.08,2809.01,L,Nations League 2025
2025-06-15,2025,BRA,SLO,2940.14,2958.68,W,Nations League 2025
2025-06-15,2025,SLO,BRA,3023.73,3005.19,L,Nations League 2025
2025-06-15,2025,ARG,ITA,2850.75,2842.28,L,Nations League 2025
2025-06-15,2025,ITA,ARG,3012.96,3021.43,W,Nations League 2025
2025-06-15,2025,UKR,IRI,2738.41,2721.22,L,Nations League 2025
2025-06-15,2025,IRI,UKR,2687.45,2704.64,W,Nations League 2025
2025-06-15,2025,GER,FRA,2699.00,2724.58,W,Nations League 2025
2025-06-15,2025,FRA,GER,3003.79,2978.22,L,Nations League 2025
2025-06-15,2025,CUB,USA,2760.43,2753.10,L,Nations League 2025
2025-06-15,2025,USA,CUB,2956.70,2964.03,W,Nations League 2025
2025-06-15,2025,BUL,CAN,2649.92,2638.39,L,Nations League 2025
2025-06-15,2025,CAN,BUL,2731.73,2743.26,W,Nations League 2025
2025-06-15,2025,MNE,FIN,2518.51,2507.18,L,Liga Europeia 2025
2025-06-15,2025,FIN,MNE,2605.21,2616.54,W,Liga Europeia 2025
2025-06-15,2025,LAT,GRE,2482.83,2469.79,L,Liga Europeia 2025
2025-06-15,2025,GRE,LAT,2528.33,2541.38,W,Liga Europeia 2025
2025-06-15,2025,CRO,ROU,2579.53,2564.35,L,Liga Europeia 2025
2025-06-15,2025,ROU,CRO,2575.26,2590.44,W,Liga Europeia 2025
2025-06-15,2025,POR,ISR,2537.90,2519.46,L,Liga Europeia 2025
2025-06-15,2025,ISR,POR,2456.70,2475.15,W,Liga Europeia 2025
2025-06-15,2025,ISL,SWE,2197.19,2189.58,L,Liga Europeia 2025
2025-06-15,2025,SWE,ISL,2384.52,2392.13,W,Liga Europeia 2025
2025-06-15,2025,AZE,HUN,2136.78,2130.50,L,Liga Europeia 2025
2025-06-15,2025,HUN,AZE,2367.65,2373.93,W,Liga Europeia 2025
2025-06-19,2025,GRE,FIN,2541.38,2559.58,W,Liga Europeia 2025
2025-06-19,2025,FIN,GRE,2616.54,2598.34,L,Liga Europeia 2025
2025-06-19,2025,ROU,CZE,2590.44,2579.40,L,Liga Europeia 2025
2025-06-19,2025,CZE,ROU,2684.37,2695.41,W,Liga Europeia 2025
2025-06-20,2025,ISR,MKD,2475.15,2488.14,W,Liga Europeia 2025
2025-06-20,2025,MKD,ISR,2428.31,2415.32,L,Liga Europeia 2025
2025-06-20,2025,SVK,ESP,2408.22,2398.43,L,Liga Europeia 2025
2025-06-20,2025,ESP,SVK,2534.24,2544.03,W,Liga Europeia 2025
2025-06-20,2025,CRO,GRE,2564.35,2579.14,W,Liga Europeia 2025
2025-06-20,2025,GRE,CRO,2559.58,2547.25,L,Liga Europeia 2025
2025-06-20,2025,POR,ROU,2519.46,2507.02,L,Liga Europeia 2025
2025-06-20,2025,ROU,POR,2579.40,2589.77,W,Liga Europeia 2025
2025-06-20,2025,AZE,FAI,2130.50,2149.17,W,Liga Europeia 2025
2025-06-20,2025,FAI,AZE,2217.32,2198.65,L,Liga Europeia 2025
2025-06-20,2025,ISL,HUN,2189.58,2181.86,L,Liga Europeia 2025
2025-06-20,2025,HUN,ISL,2373.93,2381.64,W,Liga Europeia 2025
2025-06-21,2025,MNE,ISR,2507.18,2491.36,L,Liga Europeia 2025
2025-06-21,2025,ISR,MNE,2488.14,2501.32,W,Liga Europeia 2025
2025-06-21,2025,LAT,SVK,2469.79,2451.75,L,Liga Europeia 2025
2025-06-21,2025,SVK,LAT,2398.43,2413.46,W,Liga Europeia 2025
2025-06-21,2025,FIN,CRO,2598.34,2610.15,W,Liga Europeia 2025
2025-06-21,2025,CRO,FIN,2579.14,2567.33,L,Liga Europeia 2025
2025-06-21,2025,CZE,POR,2695.41,2676.73,L,Liga Europeia 2025
2025-06-21,2025,POR,CZE,2507.02,2525.70,W,Liga Europeia 2025
2025-06-21,2025,AUT,AZE,2346.98,2354.26,W,Liga Europeia 2025
2025-06-21,2025,AZE,AUT,2149.17,2143.11,L,Liga Europeia 2025
2025-06-21,2025,GEO,ISL,2106.02,2094.25,L,Liga Europeia 2025
2025-06-21,2025,ISL,GEO,2181.86,2191.68,W,Liga Europeia 2025
2025-06-22,2025,MKD,MNE,2415.32,2430.51,W,Liga Europeia 2025
2025-06-22,2025,MNE,MKD,2491.36,2476.17,L,Liga Europeia 2025
2025-06-22,2025,ESP,LAT,2544.03,2553.28,W,Liga Europeia 2025
2025-06-22,2025,LAT,ESP,2451.75,2442.49,L,Liga Europeia 2025
2025-06-22,2025,FAI,AUT,2198.65,2189.95,L,Liga Europeia 2025
2025-06-22,2025,AUT,FAI,2354.26,2362.95,W,Liga Europeia 2025
2025-06-22,2025,HUN,GEO,2381.64,2386.46,W,Liga Europeia 2025
2025-06-22,2025,GEO,HUN,2094.25,2089.43,L,Liga Europeia 2025
2025-06-24,2025,PUR,MEX,2567.14,2551.36,L,Campeonato NORCECA 2025
2025-06-24,2025,MEX,PUR,2548.95,2564.73,W,Campeonato NORCECA 2025
2025-06-24,2025,USA,VEN,2964.03,2965.78,W,Campeonato NORCECA 2025
2025-06-24,2025,VEN,USA,2481.41,2479.65,L,Campeonato NORCECA 2025
2025-06-24,2025,CAN,CRC,2743.26,2746.36,W,Campeonato NORCECA 2025
2025-06-24,2025,CRC,CAN,2367.94,2364.84,L,Campeonato NORCECA 2025
2025-06-25,2025,UKR,FRA,2721.22,2715.66,L,Nations League 2025
2025-06-25,2025,FRA,UKR,2978.22,2983.78,W,Nations League 2025
2025-06-25,2025,GER,CUB,2724.58,2710.81,L,Nations League 2025
2025-06-25,2025,CUB,GER,2753.10,2766.88,W,Nations League 2025
2025-06-25,2025,TUR,SLO,2674.10,2670.21,L,Nations League 2025
2025-06-25,2025,SLO,TUR,3005.19,3009.08,W,Nations League 2025
2025-06-25,2025,NED,ARG,2729.32,2719.03,L,Nations League 2025
2025-06-25,2025,ARG,NED,2842.28,2852.57,W,Nations League 2025
2025-06-25,2025,BUL,JPN,2638.39,2664.76,W,Nations League 2025
2025-06-25,2025,JPN,BUL,2982.88,2956.51,L,Nations League 2025
2025-06-25,2025,ITA,POL,3021.43,3041.31,W,Nations League 2025
2025-06-25,2025,POL,ITA,3138.79,3118.91,L,Nations League 2025
2025-06-25,2025,SRB,IRI,2809.01,2789.63,L,Nations League 2025
2025-06-25,2025,IRI,SRB,2704.64,2724.01,W,Nations League 2025
2025-06-25,2025,CAN,BRA,2746.36,2740.68,L,Nations League 2025
2025-06-25,2025,BRA,CAN,2958.68,2965.50,W,Nations League 2025
2025-06-25,2025,CHN,USA,2664.34,2659.84,L,Nations League 2025
2025-06-25,2025,USA,CHN,2965.78,2969.53,W,Nations League 2025
2025-06-25,2025,PUR,VEN,2551.36,2533.30,L,Campeonato NORCECA 2025
2025-06-25,2025,VEN,PUR,2479.65,2497.71,W,Campeonato NORCECA 2025
2025-06-25,2025,USA,MEX,2969.53,2971.75,W,Campeonato NORCECA 2025
2025-06-25,2025,MEX,USA,2564.73,2562.07,L,Campeonato NORCECA 2025
2025-06-25,2025,CAN,DOM,2740.68,2745.02,W,Campeonato NORCECA 2025
2025-06-25,2025,DOM,CAN,2469.66,2464.46,L,Campeonato NORCECA 2025
2025-06-26,2025,FRA,JPN,2983.78,2970.30,L,Nations League 2025
2025-06-26,2025,JPN,FRA,2956.51,2969.99,W,Nations League 2025
2025-06-26,2025,NED,GER,2719.03,2706.24,L,Nations League 2025
2025-06-26,2025,GER,NED,2710.81,2723.60,W,Nations League 2025
2025-06-26,2025,TUR,UKR,2670.21,2659.34,L,Nations League 2025
2025-06-26,2025,UKR,TUR,2715.66,2726.53,W,Nations League 2025
2025-06-26,2025,SRB,CUB,2789.63,2776.32,L,Nations League 2025
2025-06-26,2025,CUB,SRB,2766.88,2780.19,W,Nations League 2025
2025-06-26,2025,BRA,CHN,2965.50,2969.18,W,Nations League 2025
2025-06-26,2025,CHN,BRA,2659.84,2656.17,L,Nations League 2025
2025-06-26,2025,CAN,USA,2745.02,2739.68,L,Nations League 2025
2025-06-26,2025,USA,CAN,2971.75,2977.08,W,Nations League 2025
2025-06-26,2025,MEX,VEN,2562.07,2574.33,W,Campeonato NORCECA 2025
2025-06-26,2025,VEN,MEX,2497.71,2485.45,L,Campeonato NORCECA 2025
2025-06-26,2025,USA,PUR,2977.08,2978.88,W,Campeonato NORCECA 2025
2025-06-26,2025,PUR,USA,2533.30,2531.14,L,Campeonato NORCECA 2025
2025-06-26,2025,CRC,DOM,2364.84,2354.03,L,Campeonato NORCECA 2025
2025-06-26,2025,DOM,CRC,2464.46,2475.27,W,Campeonato NORCECA 2025
2025-06-27,2025,UKR,JPN,2726.53,2746.59,W,Nations League 2025
2025-06-27,2025,JPN,UKR,2969.99,2949.93,L,Nations League 2025
2025-06-27,2025,ARG,IRI,2852.57,2835.64,L,Nations League 2025
2025-06-27,2025,IRI,ARG,2724.01,2740.94,W,Nations League 2025
2025-06-27,2025,BUL,SLO,2664.76,2686.74,W,Nations League 2025
2025-06-27,2025,SLO,BUL,3009.08,2987.10,L,Nations League 2025
2025-06-27,2025,NED,CUB,2706.24,2696.36,L,Nations League 2025
2025-06-27,2025,CUB,NED,2780.19,2790.07,W,Nations League 2025
2025-06-27,2025,CHN,ITA,2656.17,2653.72,L,Nations League 2025
2025-06-27,2025,ITA,CHN,3041.31,3043.76,W,Nations League 2025
2025-06-27,2025,CAN,POL,2739.68,2737.15,L,Nations League 2025
2025-06-27,2025,POL,CAN,3118.91,3121.44,W,Nations League 2025
2025-06-27,2025,VEN,CRC,2485.45,2495.04,W,Campeonato NORCECA 2025
2025-06-27,2025,CRC,VEN,2354.03,2344.44,L,Campeonato NORCECA 2025
2025-06-27,2025,USA,DOM,2978.88,2979.93,W,Campeonato NORCECA 2025
2025-06-27,2025,DOM,USA,2475.27,2473.70,L,Campeonato NORCECA 2025
2025-06-27,2025,CAN,MEX,2737.15,2722.78,L,Campeonato NORCECA 2025
2025-06-27,2025,MEX,CAN,2574.33,2595.88,W,Campeonato NORCECA 2025
2025-06-27,2025,LUX,GEO,2290.74,2297.91,W,Liga Europeia 2025
2025-06-27,2025,GEO,LUX,2089.43,2082.26,L,Liga Europeia 2025
2025-06-27,2025,SWE,AUT,2392.13,2405.87,W,Liga Europeia 2025
2025-06-27,2025,AUT,SWE,2362.95,2349.21,L,Liga Europeia 2025
2025-06-28,2025,SLO,FRA,2987.10,2974.00,L,Nations League 2025
2025-06-28,2025,FRA,SLO,2970.30,2983.41,W,Nations League 2025
2025-06-28,2025,GER,IRI,2723.60,2736.73,W,Nations League 2025
2025-06-28,2025,IRI,GER,2740.94,2727.81,L,Nations League 2025
2025-06-28,2025,BUL,TUR,2686.74,2673.25,L,Nations League 2025
2025-06-28,2025,TUR,BUL,2659.34,2672.82,W,Nations League 2025
2025-06-28,2025,SRB,ARG,2776.32,2765.93,L,Nations League 2025
2025-06-28,2025,ARG,SRB,2835.64,2846.03,W,Nations League 2025
2025-06-28,2025,BRA,ITA,2969.18,2984.32,W,Nations League 2025
2025-06-28,2025,ITA,BRA,3043.76,3028.62,L,Nations League 2025
2025-06-28,2025,USA,POL,2979.93,2973.79,L,Nations League 2025
2025-06-28,2025,POL,USA,3121.44,3129.12,W,Nations League 2025
2025-06-28,2025,CRC,PUR,2344.44,2336.81,L,Campeonato NORCECA 2025
2025-06-28,2025,PUR,CRC,2531.14,2538.78,W,Campeonato NORCECA 2025
2025-06-28,2025,DOM,CAN,2473.70,2467.93,L,Campeonato NORCECA 2025
2025-06-28,2025,CAN,DOM,2722.78,2726.63,W,Campeonato NORCECA 2025
2025-06-28,2025,USA,MEX,2973.79,2975.83,W,Campeonato NORCECA 2025
2025-06-28,2025,MEX,USA,2595.88,2592.82,L,Campeonato NORCECA 2025
2025-06-28,2025,FAI,LUX,2189.95,2179.47,L,Liga Europeia 2025
2025-06-28,2025,LUX,FAI,2297.91,2306.65,W,Liga Europeia 2025
2025-06-28,2025,HUN,SWE,2386.46,2372.30,L,Liga Europeia 2025
2025-06-28,2025,SWE,HUN,2405.87,2417.68,W,Liga Europeia 2025
2025-06-29,2025,SLO,JPN,2974.00,2960.64,L,Nations League 2025
2025-06-29,2025,JPN,SLO,2949.93,2963.30,W,Nations League 2025
2025-06-29,2025,IRI,NED,2727.81,2739.19,W,Nations League 2025
2025-06-29,2025,NED,IRI,2696.36,2684.99,L,Nations League 2025
2025-06-29,2025,TUR,FRA,2672.82,2669.24,L,Nations League 2025
2025-06-29,2025,FRA,TUR,2983.41,2986.99,W,Nations League 2025
2025-06-29,2025,CUB,ARG,2790.07,2779.57,L,Nations League 2025
2025-06-29,2025,ARG,CUB,2846.03,2856.53,W,Nations League 2025
2025-06-29,2025,BUL,UKR,2673.25,2663.35,L,Nations League 2025
2025-06-29,2025,UKR,BUL,2746.59,2756.49,W,Nations League 2025
2025-06-29,2025,CHN,CAN,2653.72,2643.80,L,Nations League 2025
2025-06-29,2025,CAN,CHN,2726.63,2734.56,W,Nations League 2025
2025-06-29,2025,GER,SRB,2736.73,2750.27,W,Nations League 2025
2025-06-29,2025,SRB,GER,2765.93,2752.38,L,Nations League 2025
2025-06-29,2025,BRA,POL,2984.32,3001.75,W,Nations League 2025
2025-06-29,2025,POL,BRA,3129.12,3111.69,L,Nations League 2025
2025-06-29,2025,USA,ITA,2975.83,2967.34,L,Nations League 2025
2025-06-29,2025,ITA,USA,3028.62,3039.24,W,Nations League 2025
2025-06-29,2025,GEO,FAI,2082.26,2073.17,L,Liga Europeia 2025
2025-06-29,2025,FAI,GEO,2179.47,2188.56,W,Liga Europeia 2025
2025-06-29,2025,AUT,HUN,2349.21,2337.54,L,Liga Europeia 2025
2025-06-29,2025,HUN,AUT,2372.30,2383.97,W,Liga Europeia 2025
2025-07-03,2025,HUN,SWE,2383.97,2372.67,L,Liga Europeia 2025
2025-07-03,2025,SWE,HUN,2417.68,2428.97,W,Liga Europeia 2025
2025-07-05,2025,GRE,FIN,2547.25,2536.99,L,Liga Europeia 2025
2025-07-05,2025,FIN,GRE,2610.15,2620.42,W,Liga Europeia 2025
2025-07-05,2025,ISR,CZE,2501.32,2494.65,L,Liga Europeia 2025
2025-07-05,2025,CZE,ISR,2676.73,2683.41,W,Liga Europeia 2025
2025-07-06,2025,GRE,ISR,2536.99,2522.97,L,Liga Europeia 2025
2025-07-06,2025,ISR,GRE,2494.65,2508.66,W,Liga Europeia 2025
2025-07-06,2025,FIN,CZE,2620.42,2635.16,W,Liga Europeia 2025
2025-07-06,2025,CZE,FIN,2683.41,2668.67,L,Liga Europeia 2025
2025-07-06,2025,SWE,HUN,2428.97,2414.46,L,Liga Europeia 2025
2025-07-06,2025,HUN,SWE,2372.67,2387.18,W,Liga Europeia 2025
2025-07-16,2025,ARG,BRA,2856.53,2848.97,L,Nations League 2025
2025-07-16,2025,BRA,ARG,3001.75,3009.31,W,Nations League 2025
2025-07-16,2025,TUR,USA,2669.24,2665.43,L,Nations League 2025
2025-07-16,2025,USA,TUR,2967.34,2969.62,W,Nations League 2025
2025-07-16,2025,GER,JPN,2750.27,2744.60,L,Nations League 2025
2025-07-16,2025,JPN,GER,2963.30,2968.97,W,Nations League 2025
2025-07-16,2025,CHN,FRA,2643.80,2640.76,L,Nations League 2025
2025-07-16,2025,FRA,CHN,2986.99,2990.04,W,Nations League 2025
2025-07-16,2025,UKR,NED,2756.49,2766.46,W,Nations League 2025
2025-07-16,2025,NED,UKR,2684.99,2675.02,L,Nations League 2025
2025-07-16,2025,BUL,CUB,2663.35,2654.88,L,Nations League 2025
2025-07-16,2025,CUB,BUL,2779.57,2788.04,W,Nations League 2025
2025-07-16,2025,SRB,ITA,2752.38,2748.36,L,Nations League 2025
2025-07-16,2025,ITA,SRB,3039.24,3043.26,W,Nations League 2025
2025-07-16,2025,IRI,POL,2739.19,2736.56,L,Nations League 2025
2025-07-16,2025,POL,IRI,3111.69,3114.31,W,Nations League 2025
2025-07-16,2025,CAN,SLO,2734.56,2730.28,L,Nations League 2025
2025-07-16,2025,SLO,CAN,2960.64,2965.98,W,Nations League 2025
2025-07-17,2025,TUR,GER,2665.43,2677.67,W,Nations League 2025
2025-07-17,2025,GER,TUR,2744.60,2732.36,L,Nations League 2025
2025-07-17,2025,ARG,JPN,2848.97,2842.30,L,Nations League 2025
2025-07-17,2025,JPN,ARG,2968.97,2975.65,W,Nations League 2025
2025-07-17,2025,CHN,IRI,2640.76,2633.45,L,Nations League 2025
2025-07-17,2025,IRI,CHN,2736.56,2743.87,W,Nations League 2025
2025-07-17,2025,UKR,ITA,2766.46,2763.08,L,Nations League 2025
2025-07-17,2025,ITA,UKR,3043.26,3046.64,W,Nations League 2025
2025-07-17,2025,CUB,POL,2788.04,2805.38,W,Nations League 2025
2025-07-17,2025,POL,CUB,3114.31,3096.96,L,Nations League 2025
2025-07-17,2025,NED,SLO,2675.02,2671.87,L,Nations League 2025
2025-07-17,2025,SLO,NED,2965.98,2969.14,W,Nations League 2025
2025-07-18,2025,ARG,USA,2842.30,2835.81,L,Nations League 2025
2025-07-18,2025,USA,ARG,2969.62,2974.49,W,Nations League 2025
2025-07-18,2025,BRA,JPN,3009.31,3018.34,W,Nations League 2025
2025-07-18,2025,JPN,BRA,2975.65,2966.61,L,Nations League 2025
2025-07-18,2025,CUB,FRA,2805.38,2800.25,L,Nations League 2025
2025-07-18,2025,FRA,CUB,2990.04,2995.17,W,Nations League 2025
2025-07-18,2025,UKR,SRB,2763.08,2752.66,L,Nations League 2025
2025-07-18,2025,SRB,UKR,2748.36,2758.78,W,Nations League 2025
2025-07-18,2025,CHN,BUL,2633.45,2624.06,L,Nations League 2025
2025-07-18,2025,BUL,CHN,2654.88,2664.27,W,Nations League 2025
2025-07-18,2025,NED,CAN,2671.87,2663.53,L,Nations League 2025
2025-07-18,2025,CAN,NED,2730.28,2736.53,W,Nations League 2025
2025-07-19,2025,TUR,BRA,2677.67,2675.20,L,Nations League 2025
2025-07-19,2025,BRA,TUR,3018.34,3020.81,W,Nations League 2025
2025-07-19,2025,GER,USA,2732.36,2748.39,W,Nations League 2025
2025-07-19,2025,USA,GER,2974.49,2962.47,L,Nations League 2025
2025-07-19,2025,SRB,CAN,2758.78,2768.14,W,Nations League 2025
2025-07-19,2025,CAN,SRB,2736.53,2729.51,L,Nations League 2025
2025-07-19,2025,BUL,POL,2664.27,2682.74,W,Nations League 2025
2025-07-19,2025,POL,BUL,3096.96,3078.49,L,Nations League 2025
2025-07-19,2025,IRI,FRA,2743.87,2740.06,L,Nations League 2025
2025-07-19,2025,FRA,IRI,2995.17,2998.98,W,Nations League 2025
2025-07-19,2025,SLO,ITA,2969.14,2961.33,L,Nations League 2025
2025-07-19,2025,ITA,SLO,3046.64,3054.44,W,Nations League 2025
2025-07-20,2025,USA,JPN,2962.47,2955.06,L,Nations League 2025
2025-07-20,2025,JPN,USA,2966.61,2976.49,W,Nations League 2025
2025-07-20,2025,TUR,ARG,2675.20,2669.52,L,Nations League 2025
2025-07-20,2025,ARG,TUR,2835.81,2841.49,W,Nations League 2025
2025-07-20,2025,GER,BRA,2748.39,2744.94,L,Nations League 2025
2025-07-20,2025,BRA,GER,3020.81,3024.26,W,Nations League 2025
2025-07-20,2025,UKR,CAN,2752.66,2741.99,L,Nations League 2025
2025-07-20,2025,CAN,UKR,2729.51,2737.51,W,Nations League 2025
2025-07-20,2025,CHN,CUB,2624.06,2638.74,W,Nations League 2025
2025-07-20,2025,CUB,CHN,2800.25,2785.57,L,Nations League 2025
2025-07-20,2025,NED,ITA,2663.53,2661.63,L,Nations League 2025
2025-07-20,2025,ITA,NED,3054.44,3056.35,W,Nations League 2025
2025-07-20,2025,BUL,IRI,2682.74,2674.37,L,Nations League 2025
2025-07-20,2025,IRI,BUL,2740.06,2748.43,W,Nations League 2025
2025-07-20,2025,FRA,POL,2998.98,2991.23,L,Nations League 2025
2025-07-20,2025,POL,FRA,3078.49,3086.24,W,Nations League 2025
2025-07-20,2025,SRB,SLO,2768.14,2763.19,L,Nations League 2025
2025-07-20,2025,SLO,SRB,2961.33,2966.28,W,Nations League 2025
2025-07-30,2025,BRA,CHN,3024.26,3026.22,W,Nations League 2025
2025-07-30,2025,CHN,BRA,2638.74,2636.78,L,Nations League 2025
2025-07-30,2025,ITA,CUB,3056.35,3059.83,W,Nations League 2025
2025-07-30,2025,CUB,ITA,2785.57,2782.10,L,Nations League 2025
2025-07-31,2025,JPN,POL,2976.49,2969.55,L,Nations League 2025
2025-07-31,2025,POL,JPN,3086.24,3093.18,W,Nations League 2025
2025-07-31,2025,FRA,SLO,2991.23,2980.51,L,Nations League 2025
2025-07-31,2025,SLO,FRA,2966.28,2977.00,W,Nations League 2025
2025-08-02,2025,BRA,POL,3026.22,3020.15,L,Nations League 2025
2025-08-02,2025,POL,BRA,3093.18,3099.26,W,Nations League 2025
2025-08-02,2025,ITA,SLO,3059.83,3065.57,W,Nations League 2025
2025-08-02,2025,SLO,ITA,2977.00,2971.25,L,Nations League 2025
2025-08-03,2025,BRA,SLO,3020.15,3026.60,W,Nations League 2025
2025-08-03,2025,SLO,BRA,2971.25,2964.80,L,Nations League 2025
2025-08-03,2025,POL,ITA,3099.26,3106.03,W,Nations League 2025
2025-08-03,2025,ITA,POL,3065.57,3058.80,L,Nations League 2025
2025-09-12,2025,PHI,TUN,2255.00,2250.31,L,Campeonato Mundial 2025
2025-09-12,2025,TUN,PHI,2547.99,2552.68,W,Campeonato Mundial 2025
2025-09-13,2025,USA,COL,2955.06,2955.82,W,Campeonato Mundial 2025
2025-09-13,2025,COL,USA,2519.73,2517.46,L,Campeonato Mundial 2025
2025-09-13,2025,CAN,LBA,2737.51,2739.01,W,Campeonato Mundial 2025
2025-09-13,2025,LBA,CAN,2355.54,2352.55,L,Campeonato Mundial 2025
2025-09-13,2025,CUB,POR,2782.10,2769.89,L,Campeonato Mundial 2025
2025-09-13,2025,POR,CUB,2525.70,2546.05,W,Campeonato Mundial 2025
2025-09-13,2025,JPN,TUR,2969.55,2956.81,L,Campeonato Mundial 2025
2025-09-13,2025,TUR,JPN,2669.52,2686.50,W,Campeonato Mundial 2025
2025-09-13,2025,GER,BUL,2744.94,2732.93,L,Campeonato Mundial 2025
2025-09-13,2025,BUL,GER,2674.37,2686.38,W,Campeonato Mundial 2025
2025-09-13,2025,NED,QAT,2661.63,2668.35,W,Campeonato Mundial 2025
2025-09-13,2025,QAT,NED,2543.56,2533.47,L,Campeonato Mundial 2025
2025-09-13,2025,SLO,CHI,2964.80,2965.55,W,Campeonato Mundial 2025
2025-09-13,2025,CHI,SLO,2453.36,2451.86,L,Campeonato Mundial 2025
2025-09-13,2025,POL,ROU,3106.03,3106.76,W,Campeonato Mundial 2025
2025-09-13,2025,ROU,POL,2589.77,2588.55,L,Campeonato Mundial 2025
2025-09-14,2025,ARG,FIN,2841.49,2846.16,W,Campeonato Mundial 2025
2025-09-14,2025,FIN,ARG,2635.16,2629.32,L,Campeonato Mundial 2025
2025-09-14,2025,IRI,EGY,2748.43,2734.49,L,Campeonato Mundial 2025
2025-09-14,2025,EGY,IRI,2603.62,2624.54,W,Campeonato Mundial 2025
2025-09-14,2025,UKR,BEL,2741.99,2728.35,L,Campeonato Mundial 2025
2025-09-14,2025,BEL,UKR,2609.41,2629.87,W,Campeonato Mundial 2025
2025-09-14,2025,SRB,CZE,2763.19,2750.54,L,Campeonato Mundial 2025
2025-09-14,2025,CZE,SRB,2668.67,2684.48,W,Campeonato Mundial 2025
2025-09-14,2025,FRA,KOR,2980.51,2981.95,W,Campeonato Mundial 2025
2025-09-14,2025,KOR,FRA,2589.77,2586.91,L,Campeonato Mundial 2025
2025-09-14,2025,BRA,CHN,3026.60,3028.04,W,Campeonato Mundial 2025
2025-09-14,2025,CHN,BRA,2636.78,2635.34,L,Campeonato Mundial 2025
2025-09-14,2025,ITA,ALG,3058.80,3059.37,W,Campeonato Mundial 2025
2025-09-14,2025,ALG,ITA,2497.38,2496.25,L,Campeonato Mundial 2025
2025-09-15,2025,CUB,COL,2769.89,2772.73,W,Campeonato Mundial 2025
2025-09-15,2025,COL,CUB,2517.46,2511.78,L,Campeonato Mundial 2025
2025-09-15,2025,TUR,LBA,2686.50,2688.42,W,Campeonato Mundial 2025
2025-09-15,2025,LBA,TUR,2352.55,2348.72,L,Campeonato Mundial 2025
2025-09-15,2025,GER,CHI,2732.93,2735.42,W,Campeonato Mundial 2025
2025-09-15,2025,CHI,GER,2451.86,2446.90,L,Campeonato Mundial 2025
2025-09-15,2025,JPN,CAN,2956.81,2945.14,L,Campeonato Mundial 2025
2025-09-15,2025,CAN,JPN,2739.01,2746.79,W,Campeonato Mundial 2025
2025-09-15,2025,SLO,BUL,2965.55,2953.06,L,Campeonato Mundial 2025
2025-09-15,2025,BUL,SLO,2686.38,2698.87,W,Campeonato Mundial 2025
2025-09-15,2025,NED,ROU,2668.35,2674.16,W,Campeonato Mundial 2025
2025-09-15,2025,ROU,NED,2588.55,2578.87,L,Campeonato Mundial 2025
2025-09-15,2025,USA,POR,2955.82,2956.68,W,Campeonato Mundial 2025
2025-09-15,2025,POR,USA,2546.05,2543.89,L,Campeonato Mundial 2025
2025-09-15,2025,POL,QAT,3106.76,3107.30,W,Campeonato Mundial 2025
2025-09-15,2025,QAT,POL,2533.47,2532.40,L,Campeonato Mundial 2025
2025-09-16,2025,BRA,CZE,3028.04,3029.86,W,Campeonato Mundial 2025
2025-09-16,2025,CZE,BRA,2684.48,2681.45,L,Campeonato Mundial 2025
2025-09-16,2025,ARG,KOR,2846.16,2848.91,W,Campeonato Mundial 2025
2025-09-16,2025,KOR,ARG,2586.91,2581.40,L,Campeonato Mundial 2025
2025-09-16,2025,IRI,TUN,2734.49,2738.39,W,Campeonato Mundial 2025
2025-09-16,2025,TUN,IRI,2552.68,2544.88,L,Campeonato Mundial 2025
2025-09-16,2025,UKR,ALG,2728.35,2731.47,W,Campeonato Mundial 2025
2025-09-16,2025,ALG,UKR,2496.25,2490.00,L,Campeonato Mundial 2025
2025-09-16,2025,PHI,EGY,2250.31,2277.20,W,Campeonato Mundial 2025
2025-09-16,2025,EGY,PHI,2624.54,2597.65,L,Campeonato Mundial 2025
2025-09-16,2025,FRA,FIN,2981.95,2968.69,L,Campeonato Mundial 2025
2025-09-16,2025,FIN,FRA,2629.32,2651.41,W,Campeonato Mundial 2025
2025-09-16,2025,SRB,CHN,2750.54,2755.64,W,Campeonato Mundial 2025
2025-09-16,2025,CHN,SRB,2635.34,2630.24,L,Campeonato Mundial 2025
2025-09-16,2025,ITA,BEL,3059.37,3045.53,L,Campeonato Mundial 2025
2025-09-16,2025,BEL,ITA,2629.87,2657.53,W,Campeonato Mundial 2025
2025-09-17,2025,POR,COL,2543.89,2555.24,W,Campeonato Mundial 2025
2025-09-17,2025,COL,POR,2511.78,2498.16,L,Campeonato Mundial 2025
2025-09-17,2025,QAT,ROU,2532.40,2549.40,W,Campeonato Mundial 2025
2025-09-17,2025,ROU,QAT,2578.87,2564.71,L,Campeonato Mundial 2025
2025-09-17,2025,BUL,CHI,2698.87,2701.72,W,Campeonato Mundial 2025
2025-09-17,2025,CHI,BUL,2446.90,2441.20,L,Campeonato Mundial 2025
2025-09-17,2025,CAN,TUR,2746.79,2740.96,L,Campeonato Mundial 2025
2025-09-17,2025,TUR,CAN,2688.42,2697.16,W,Campeonato Mundial 2025
2025-09-17,2025,USA,CUB,2956.68,2959.25,W,Campeonato Mundial 2025
2025-09-17,2025,CUB,USA,2772.73,2768.87,L,Campeonato Mundial 2025
2025-09-17,2025,POL,NED,3107.30,3108.06,W,Campeonato Mundial 2025
2025-09-17,2025,NED,POL,2674.16,2673.02,L,Campeonato Mundial 2025
2025-09-17,2025,SLO,GER,2953.06,2955.28,W,Campeonato Mundial 2025
2025-09-17,2025,GER,SLO,2735.42,2732.08,L,Campeonato Mundial 2025
2025-09-17,2025,JPN,LBA,2945.14,2945.61,W,Campeonato Mundial 2025
2025-09-17,2025,LBA,JPN,2348.72,2347.78,L,Campeonato Mundial 2025
2025-09-18,2025,BRA,SRB,3029.86,3021.57,L,Campeonato Mundial 2025
2025-09-18,2025,SRB,BRA,2755.64,2768.07,W,Campeonato Mundial 2025
2025-09-18,2025,FIN,KOR,2651.41,2659.42,W,Campeonato Mundial 2025
2025-09-18,2025,KOR,FIN,2581.40,2569.38,L,Campeonato Mundial 2025
2025-09-18,2025,EGY,TUN,2597.65,2580.39,L,Campeonato Mundial 2025
2025-09-18,2025,TUN,EGY,2544.88,2562.14,W,Campeonato Mundial 2025
2025-09-18,2025,BEL,ALG,2657.53,2665.81,W,Campeonato Mundial 2025
2025-09-18,2025,ALG,BEL,2490.00,2481.72,L,Campeonato Mundial 2025
2025-09-18,2025,PHI,IRI,2277.20,2275.22,L,Campeonato Mundial 2025
2025-09-18,2025,IRI,PHI,2738.39,2739.37,W,Campeonato Mundial 2025
2025-09-18,2025,FRA,ARG,2968.69,2958.70,L,Campeonato Mundial 2025
2025-09-18,2025,ARG,FRA,2848.91,2858.90,W,Campeonato Mundial 2025
2025-09-18,2025,CZE,CHN,2681.45,2689.98,W,Campeonato Mundial 2025
2025-09-18,2025,CHN,CZE,2630.24,2623.84,L,Campeonato Mundial 2025
2025-09-18,2025,ITA,UKR,3045.53,3046.94,W,Campeonato Mundial 2025
2025-09-18,2025,UKR,ITA,2731.47,2729.36,L,Campeonato Mundial 2025
2025-09-20,2025,POL,CAN,3108.06,3109.14,W,Campeonato Mundial 2025
2025-09-20,2025,CAN,POL,2740.96,2739.88,L,Campeonato Mundial 2025
2025-09-20,2025,TUR,NED,2697.16,2704.14,W,Campeonato Mundial 2025
2025-09-20,2025,NED,TUR,2673.02,2666.04,L,Campeonato Mundial 2025
2025-09-21,2025,ARG,ITA,2858.90,2855.11,L,Campeonato Mundial 2025
2025-09-21,2025,ITA,ARG,3046.94,3049.47,W,Campeonato Mundial 2025
2025-09-21,2025,BEL,FIN,2665.81,2680.54,W,Campeonato Mundial 2025
2025-09-21,2025,FIN,BEL,2659.42,2649.61,L,Campeonato Mundial 2025
2025-09-22,2025,USA,SLO,2959.25,2964.20,W,Campeonato Mundial 2025
2025-09-22,2025,SLO,USA,2955.28,2950.34,L,Campeonato Mundial 2025
2025-09-22,2025,BUL,POR,2701.72,2706.23,W,Campeonato Mundial 2025
2025-09-22,2025,POR,BUL,2555.24,2549.22,L,Campeonato Mundial 2025
2025-09-23,2025,TUN,CZE,2562.14,2552.42,L,Campeonato Mundial 2025
2025-09-23,2025,CZE,TUN,2689.98,2696.46,W,Campeonato Mundial 2025
2025-09-23,2025,SRB,IRI,2768.07,2759.96,L,Campeonato Mundial 2025
2025-09-23,2025,IRI,SRB,2739.37,2747.49,W,Campeonato Mundial 2025
2025-09-24,2025,POL,TUR,3109.14,3110.02,W,Campeonato Mundial 2025
2025-09-24,2025,TUR,POL,2704.14,2702.82,L,Campeonato Mundial 2025
2025-09-24,2025,ITA,BEL,3049.47,3050.54,W,Campeonato Mundial 2025
2025-09-24,2025,BEL,ITA,2680.54,2677.33,L,Campeonato Mundial 2025
2025-09-25,2025,CZE,IRI,2696.46,2707.92,W,Campeonato Mundial 2025
2025-09-25,2025,IRI,CZE,2747.49,2738.89,L,Campeonato Mundial 2025
2025-09-25,2025,USA,BUL,2964.20,2956.04,L,Campeonato Mundial 2025
2025-09-25,2025,BUL,USA,2706.23,2718.46,W,Campeonato Mundial 2025
2025-09-27,2025,CZE,BUL,2707.92,2698.22,L,Campeonato Mundial 2025
2025-09-27,2025,BUL,CZE,2718.46,2723.31,W,Campeonato Mundial 2025
2025-09-27,2025,POL,ITA,3110.02,3104.18,L,Campeonato Mundial 2025
2025-09-27,2025,ITA,POL,3050.54,3056.39,W,Campeonato Mundial 2025
2025-09-28,2025,CZE,POL,2698.22,2696.90,L,Campeonato Mundial 2025
2025-09-28,2025,POL,CZE,3104.18,3105.06,W,Campeonato Mundial 2025
2025-09-28,2025,BUL,ITA,2723.31,2722.03,L,Campeonato Mundial 2025
2025-09-28,2025,ITA,BUL,3056.39,3057.67,W,Campeonato Mundial 2025
2026-05-26,2026,PUR,USA,2538.78,2536.29,L,Campeonato NORCECA 2026
2026-05-26,2026,USA,PUR,2956.04,2958.53,W,Campeonato NORCECA 2026
2026-05-26,2026,VEN,CRC,2495.04,2503.64,W,Campeonato NORCECA 2026
2026-05-26,2026,CRC,VEN,2336.81,2328.20,L,Campeonato NORCECA 2026
2026-05-26,2026,HON,CAN,2267.43,2265.58,L,Campeonato NORCECA 2026
2026-05-26,2026,CAN,HON,2739.88,2741.73,W,Campeonato NORCECA 2026
2026-05-27,2026,PUR,DOM,2536.29,2548.37,W,Campeonato NORCECA 2026
2026-05-27,2026,DOM,PUR,2467.93,2455.84,L,Campeonato NORCECA 2026
2026-05-27,2026,MEX,CRC,2592.82,2598.19,W,Campeonato NORCECA 2026
2026-05-27,2026,CRC,MEX,2328.20,2322.83,L,Campeonato NORCECA 2026
2026-05-27,2026,PER,CAN,2328.56,2356.01,W,Campeonato NORCECA 2026
2026-05-27,2026,CAN,PER,2741.73,2714.28,L,Campeonato NORCECA 2026
2026-05-28,2026,DOM,USA,2455.84,2454.27,L,Campeonato NORCECA 2026
2026-05-28,2026,USA,DOM,2958.53,2960.11,W,Campeonato NORCECA 2026
2026-05-28,2026,VEN,MEX,2503.64,2522.62,W,Campeonato NORCECA 2026
2026-05-28,2026,MEX,VEN,2598.19,2579.21,L,Campeonato NORCECA 2026
2026-05-28,2026,HON,PER,2265.58,2254.39,L,Campeonato NORCECA 2026
2026-05-28,2026,PER,HON,2356.01,2367.20,W,Campeonato NORCECA 2026
2026-05-29,2026,CRC,HON,2322.83,2334.92,W,Campeonato NORCECA 2026
2026-05-29,2026,HON,CRC,2254.39,2242.31,L,Campeonato NORCECA 2026
2026-05-29,2026,CAN,MEX,2714.28,2723.73,W,Campeonato NORCECA 2026
2026-05-29,2026,MEX,CAN,2579.21,2569.76,L,Campeonato NORCECA 2026
2026-05-29,2026,VEN,PUR,2522.62,2538.73,W,Campeonato NORCECA 2026
2026-05-29,2026,PUR,VEN,2548.37,2532.26,L,Campeonato NORCECA 2026
2026-05-30,2026,DOM,CRC,2454.27,2434.31,L,Campeonato NORCECA 2026
2026-05-30,2026,CRC,DOM,2334.92,2354.88,W,Campeonato NORCECA 2026
2026-05-30,2026,PER,VEN,2367.20,2359.05,L,Campeonato NORCECA 2026
2026-05-30,2026,VEN,PER,2538.73,2546.88,W,Campeonato NORCECA 2026
2026-05-30,2026,USA,CAN,2960.11,2966.23,W,Campeonato NORCECA 2026
2026-05-30,2026,CAN,USA,2723.73,2717.60,L,Campeonato NORCECA 2026
2026-05-31,2026,MEX,PUR,2569.76,2583.15,W,Campeonato NORCECA 2026
2026-05-31,2026,PUR,MEX,2532.26,2518.87,L,Campeonato NORCECA 2026
2026-05-31,2026,PER,CAN,2359.05,2385.67,W,Campeonato NORCECA 2026
2026-05-31,2026,CAN,PER,2717.60,2690.98,L,Campeonato NORCECA 2026
2026-05-31,2026,VEN,USA,2546.88,2544.41,L,Campeonato NORCECA 2026
2026-05-31,2026,USA,VEN,2966.23,2968.70,W,Campeonato NORCECA 2026
2026-06-05,2026,GRE,SWE,2522.97,2503.43,L,Liga Europeia 2026
2026-06-05,2026,SWE,GRE,2414.46,2434.00,W,Liga Europeia 2026
2026-06-05,2026,CZE,HUN,2696.90,2701.22,W,Liga Europeia 2026
2026-06-05,2026,HUN,CZE,2387.18,2382.86,L,Liga Europeia 2026
2026-06-05,2026,NED,MKD,2666.04,2672.18,W,Liga Europeia 2026
2026-06-05,2026,MKD,NED,2430.51,2424.37,L,Liga Europeia 2026
2026-06-05,2026,POR,DEN,2549.22,2527.04,L,Liga Europeia 2026
2026-06-05,2026,DEN,POR,2367.98,2390.16,W,Liga Europeia 2026
2026-06-05,2026,EST,SVK,2591.24,2599.17,W,Liga Europeia 2026
2026-06-05,2026,SVK,EST,2413.46,2405.53,L,Liga Europeia 2026
2026-06-05,2026,SUI,ESP,2378.31,2370.28,L,Liga Europeia 2026
2026-06-05,2026,ESP,SUI,2553.28,2561.31,W,Liga Europeia 2026
2026-06-05,2026,ROU,LAT,2564.71,2544.64,L,Liga Europeia 2026
2026-06-05,2026,LAT,ROU,2442.49,2462.56,W,Liga Europeia 2026
2026-06-05,2026,ISR,CRO,2508.66,2526.17,W,Liga Europeia 2026
2026-06-05,2026,CRO,ISR,2567.33,2549.82,L,Liga Europeia 2026
2026-06-05,2026,FIN,AUT,2649.61,2653.88,W,Liga Europeia 2026
2026-06-05,2026,AUT,FIN,2337.54,2333.27,L,Liga Europeia 2026
2026-06-06,2026,ALB,EST,2301.14,2296.56,L,Liga Europeia 2026
2026-06-06,2026,EST,ALB,2599.17,2603.74,W,Liga Europeia 2026
2026-06-06,2026,ISL,POR,2191.68,2187.88,L,Liga Europeia 2026
2026-06-06,2026,POR,ISL,2527.04,2530.84,W,Liga Europeia 2026
2026-06-06,2026,AZE,GRE,2143.11,2139.76,L,Liga Europeia 2026
2026-06-06,2026,GRE,AZE,2503.43,2506.78,W,Liga Europeia 2026
2026-06-06,2026,NOR,CZE,2253.00,2250.89,L,Liga Europeia 2026
2026-06-06,2026,CZE,NOR,2701.22,2703.33,W,Liga Europeia 2026
2026-06-06,2026,KOS,ROU,2335.22,2328.31,L,Liga Europeia 2026
2026-06-06,2026,ROU,KOS,2544.64,2551.55,W,Liga Europeia 2026
2026-06-06,2026,BIH,SUI,2238.87,2229.29,L,Liga Europeia 2026
2026-06-06,2026,SUI,BIH,2370.28,2379.86,W,Liga Europeia 2026
2026-06-06,2026,LUX,NED,2306.65,2303.39,L,Liga Europeia 2026
2026-06-06,2026,NED,LUX,2672.18,2675.44,W,Liga Europeia 2026
2026-06-06,2026,GEO,ISR,2073.17,2071.11,L,Liga Europeia 2026
2026-06-06,2026,ISR,GEO,2526.17,2528.23,W,Liga Europeia 2026
2026-06-06,2026,MNE,FIN,2476.17,2468.23,L,Liga Europeia 2026
2026-06-06,2026,FIN,MNE,2653.88,2661.81,W,Liga Europeia 2026
2026-06-07,2026,SWE,AZE,2434.00,2438.66,W,Liga Europeia 2026
2026-06-07,2026,AZE,SWE,2139.76,2135.10,L,Liga Europeia 2026
2026-06-07,2026,DEN,ISL,2390.16,2397.30,W,Liga Europeia 2026
2026-06-07,2026,ISL,DEN,2187.88,2180.74,L,Liga Europeia 2026
2026-06-07,2026,SVK,ALB,2405.53,2415.98,W,Liga Europeia 2026
2026-06-07,2026,ALB,SVK,2296.56,2286.12,L,Liga Europeia 2026
2026-06-07,2026,LAT,KOS,2462.56,2472.04,W,Liga Europeia 2026
2026-06-07,2026,KOS,LAT,2328.31,2318.83,L,Liga Europeia 2026
2026-06-07,2026,HUN,NOR,2382.86,2392.43,W,Liga Europeia 2026
2026-06-07,2026,NOR,HUN,2250.89,2241.33,L,Liga Europeia 2026
2026-06-07,2026,AUT,MNE,2333.27,2323.82,L,Liga Europeia 2026
2026-06-07,2026,MNE,AUT,2468.23,2477.68,W,Liga Europeia 2026
2026-06-07,2026,ESP,BIH,2561.31,2565.17,W,Liga Europeia 2026
2026-06-07,2026,BIH,ESP,2229.29,2225.43,L,Liga Europeia 2026
2026-06-07,2026,MKD,LUX,2424.37,2434.34,W,Liga Europeia 2026
2026-06-07,2026,LUX,MKD,2303.39,2293.41,L,Liga Europeia 2026
2026-06-07,2026,CRO,GEO,2549.82,2551.62,W,Liga Europeia 2026
2026-06-07,2026,GEO,CRO,2071.11,2069.32,L,Liga Europeia 2026
2026-06-10,2026,CUB,POL,2768.87,2765.08,L,Nations League 2026
2026-06-10,2026,POL,CUB,3105.06,3108.84,W,Nations League 2026
2026-06-10,2026,CHN,SLO,2623.84,2619.86,L,Nations League 2026
2026-06-10,2026,SLO,CHN,2950.34,2954.31,W,Nations League 2026
2026-06-10,2026,UKR,JPN,2729.36,2722.65,L,Nations League 2026
2026-06-10,2026,JPN,UKR,2945.61,2952.32,W,Nations League 2026
2026-06-10,2026,TUR,USA,2702.82,2697.48,L,Nations League 2026
2026-06-10,2026,USA,TUR,2968.70,2974.03,W,Nations League 2026
2026-06-10,2026,BEL,BUL,2677.33,2694.25,W,Nations League 2026
2026-06-10,2026,BUL,BEL,2722.03,2705.11,L,Nations League 2026
2026-06-10,2026,SRB,ARG,2759.96,2778.96,W,Nations League 2026
2026-06-10,2026,ARG,SRB,2855.11,2836.10,L,Nations League 2026
2026-06-10,2026,FRA,ITA,2958.70,2977.86,W,Nations League 2026
2026-06-10,2026,ITA,FRA,3057.67,3038.51,L,Nations League 2026
2026-06-10,2026,BRA,IRI,3021.57,3026.50,W,Nations League 2026
2026-06-10,2026,IRI,BRA,2738.89,2733.97,L,Nations League 2026
2026-06-10,2026,CAN,GER,2690.98,2679.95,L,Nations League 2026
2026-06-10,2026,GER,CAN,2732.08,2745.32,W,Nations League 2026
2026-06-11,2026,CHN,UKR,2619.86,2609.18,L,Nations League 2026
2026-06-11,2026,UKR,CHN,2722.65,2733.34,W,Nations League 2026
2026-06-11,2026,SLO,POL,2954.31,2975.57,W,Nations League 2026
2026-06-11,2026,POL,SLO,3108.84,3087.58,L,Nations League 2026
2026-06-11,2026,BUL,IRI,2705.11,2721.35,W,Nations League 2026
2026-06-11,2026,IRI,BUL,2733.97,2717.73,L,Nations League 2026
2026-06-11,2026,GER,ITA,2745.32,2740.64,L,Nations League 2026
2026-06-11,2026,ITA,GER,3038.51,3043.19,W,Nations League 2026
2026-06-11,2026,BRA,BEL,3026.50,3030.36,W,Nations League 2026
2026-06-11,2026,BEL,BRA,2694.25,2690.39,L,Nations League 2026
2026-06-11,2026,CAN,FRA,2679.95,2701.14,W,Nations League 2026
2026-06-11,2026,FRA,CAN,2977.86,2952.44,L,Nations League 2026
2026-06-12,2026,UKR,CUB,2733.34,2749.70,W,Nations League 2026
2026-06-12,2026,CUB,UKR,2765.08,2748.71,L,Nations League 2026
2026-06-12,2026,JPN,POL,2952.32,2972.88,W,Nations League 2026
2026-06-12,2026,POL,JPN,3087.58,3067.02,L,Nations League 2026
2026-06-12,2026,BEL,SRB,2690.39,2679.14,L,Nations League 2026
2026-06-12,2026,SRB,BEL,2778.96,2790.22,W,Nations League 2026
2026-06-12,2026,GER,USA,2740.64,2734.43,L,Nations League 2026
2026-06-12,2026,USA,GER,2974.03,2979.21,W,Nations League 2026
2026-06-12,2026,IRI,ARG,2717.73,2737.65,W,Nations League 2026
2026-06-12,2026,ARG,IRI,2836.10,2816.18,L,Nations League 2026
2026-06-12,2026,TUR,FRA,2697.48,2721.86,W,Nations League 2026
2026-06-12,2026,FRA,TUR,2952.44,2928.06,L,Nations League 2026
2026-06-12,2026,ALB,FIN,2286.12,2283.02,L,Liga Europeia 2026
2026-06-12,2026,FIN,ALB,2661.81,2664.91,W,Liga Europeia 2026
2026-06-12,2026,BIH,CZE,2225.43,2223.62,L,Liga Europeia 2026
2026-06-12,2026,CZE,BIH,2703.33,2705.13,W,Liga Europeia 2026
2026-06-12,2026,NOR,ISR,2241.33,2236.50,L,Liga Europeia 2026
2026-06-12,2026,ISR,NOR,2528.23,2533.06,W,Liga Europeia 2026
2026-06-12,2026,KOS,EST,2318.83,2313.96,L,Liga Europeia 2026
2026-06-12,2026,EST,KOS,2603.74,2608.61,W,Liga Europeia 2026
2026-06-12,2026,LUX,SUI,2293.41,2282.06,L,Liga Europeia 2026
2026-06-12,2026,SUI,LUX,2379.86,2391.21,W,Liga Europeia 2026
2026-06-12,2026,AZE,ROU,2135.10,2132.60,L,Liga Europeia 2026
2026-06-12,2026,ROU,AZE,2551.55,2554.06,W,Liga Europeia 2026
2026-06-12,2026,GEO,NED,2069.32,2068.43,L,Liga Europeia 2026
2026-06-12,2026,NED,GEO,2675.44,2676.33,W,Liga Europeia 2026
2026-06-12,2026,ISL,GRE,2180.74,2176.76,L,Liga Europeia 2026
2026-06-12,2026,GRE,ISL,2506.78,2510.76,W,Liga Europeia 2026
2026-06-12,2026,MNE,POR,2477.68,2464.96,L,Liga Europeia 2026
2026-06-12,2026,POR,MNE,2530.84,2543.56,W,Liga Europeia 2026
2026-06-13,2026,CHN,JPN,2609.18,2605.89,L,Nations League 2026
2026-06-13,2026,JPN,CHN,2972.88,2976.17,W,Nations League 2026
2026-06-13,2026,CUB,SLO,2748.71,2742.32,L,Nations League 2026
2026-06-13,2026,SLO,CUB,2975.57,2981.97,W,Nations League 2026
2026-06-13,2026,BRA,SRB,3030.36,3036.38,W,Nations League 2026
2026-06-13,2026,SRB,BRA,2790.22,2784.20,L,Nations League 2026
2026-06-13,2026,BUL,ARG,2721.35,2740.35,W,Nations League 2026
2026-06-13,2026,ARG,BUL,2816.18,2797.18,L,Nations League 2026
2026-06-13,2026,CAN,USA,2701.14,2696.94,L,Nations League 2026
2026-06-13,2026,USA,CAN,2979.21,2983.40,W,Nations League 2026
2026-06-13,2026,TUR,ITA,2721.86,2717.78,L,Nations League 2026
2026-06-13,2026,ITA,TUR,3043.19,3047.27,W,Nations League 2026
2026-06-13,2026,CRO,ALB,2551.62,2556.88,W,Liga Europeia 2026
2026-06-13,2026,ALB,CRO,2283.02,2277.76,L,Liga Europeia 2026
2026-06-13,2026,AUT,KOS,2323.82,2338.40,W,Liga Europeia 2026
2026-06-13,2026,KOS,AUT,2313.96,2299.38,L,Liga Europeia 2026
2026-06-13,2026,SVK,GEO,2415.98,2419.55,W,Liga Europeia 2026
2026-06-13,2026,GEO,SVK,2068.43,2064.86,L,Liga Europeia 2026
2026-06-13,2026,DEN,BIH,2397.30,2405.37,W,Liga Europeia 2026
2026-06-13,2026,BIH,DEN,2223.62,2215.55,L,Liga Europeia 2026
2026-06-13,2026,LAT,MNE,2472.04,2456.73,L,Liga Europeia 2026
2026-06-13,2026,MNE,LAT,2464.96,2480.26,W,Liga Europeia 2026
2026-06-13,2026,SWE,NOR,2438.66,2445.80,W,Liga Europeia 2026
2026-06-13,2026,NOR,SWE,2236.50,2229.36,L,Liga Europeia 2026
2026-06-13,2026,HUN,LUX,2392.43,2402.81,W,Liga Europeia 2026
2026-06-13,2026,LUX,HUN,2282.06,2271.68,L,Liga Europeia 2026
2026-06-13,2026,ESP,AZE,2565.17,2567.47,W,Liga Europeia 2026
2026-06-13,2026,AZE,ESP,2132.60,2130.30,L,Liga Europeia 2026
2026-06-13,2026,MKD,ISL,2434.34,2439.89,W,Liga Europeia 2026
2026-06-13,2026,ISL,MKD,2176.76,2171.21,L,Liga Europeia 2026
2026-06-14,2026,UKR,POL,2749.70,2745.55,L,Nations League 2026
2026-06-14,2026,POL,UKR,3067.02,3071.18,W,Nations League 2026
2026-06-14,2026,CHN,CUB,2605.89,2626.49,W,Nations League 2026
2026-06-14,2026,CUB,CHN,2742.32,2721.71,L,Nations League 2026
2026-06-14,2026,SLO,JPN,2981.97,2966.72,L,Nations League 2026
2026-06-14,2026,JPN,SLO,2976.17,2991.42,W,Nations League 2026
2026-06-14,2026,BEL,IRI,2679.14,2696.64,W,Nations League 2026
2026-06-14,2026,IRI,BEL,2737.65,2720.14,L,Nations League 2026
2026-06-14,2026,GER,FRA,2734.43,2757.02,W,Nations League 2026
2026-06-14,2026,FRA,GER,2928.06,2905.47,L,Nations League 2026
2026-06-14,2026,BUL,SRB,2740.35,2727.23,L,Nations League 2026
2026-06-14,2026,SRB,BUL,2784.20,2797.32,W,Nations League 2026
2026-06-14,2026,CAN,TUR,2696.94,2685.19,L,Nations League 2026
2026-06-14,2026,TUR,CAN,2717.78,2731.88,W,Nations League 2026
2026-06-14,2026,BRA,ARG,3036.38,3042.42,W,Nations League 2026
2026-06-14,2026,ARG,BRA,2797.18,2791.14,L,Nations League 2026
2026-06-14,2026,USA,ITA,2983.40,2973.18,L,Nations League 2026
2026-06-14,2026,ITA,USA,3047.27,3059.54,W,Nations League 2026
2026-06-14,2026,FIN,CRO,2664.91,2675.39,W,Liga Europeia 2026
2026-06-14,2026,CRO,FIN,2556.88,2546.40,L,Liga Europeia 2026
2026-06-14,2026,CZE,DEN,2705.13,2679.67,L,Liga Europeia 2026
2026-06-14,2026,DEN,CZE,2405.37,2430.83,W,Liga Europeia 2026
2026-06-14,2026,NED,SVK,2676.33,2681.90,W,Liga Europeia 2026
2026-06-14,2026,SVK,NED,2419.55,2413.98,L,Liga Europeia 2026
2026-06-14,2026,EST,AUT,2608.61,2613.84,W,Liga Europeia 2026
2026-06-14,2026,AUT,EST,2338.40,2333.17,L,Liga Europeia 2026
2026-06-14,2026,POR,LAT,2543.56,2554.89,W,Liga Europeia 2026
2026-06-14,2026,LAT,POR,2456.73,2445.41,L,Liga Europeia 2026
2026-06-14,2026,ISR,SWE,2533.06,2544.37,W,Liga Europeia 2026
2026-06-14,2026,SWE,ISR,2445.80,2434.49,L,Liga Europeia 2026
2026-06-14,2026,SUI,HUN,2391.21,2406.71,W,Liga Europeia 2026
2026-06-14,2026,HUN,SUI,2402.81,2387.31,L,Liga Europeia 2026
2026-06-14,2026,ROU,ESP,2554.06,2569.64,W,Liga Europeia 2026
2026-06-14,2026,ESP,ROU,2567.47,2551.89,L,Liga Europeia 2026
2026-06-14,2026,GRE,MKD,2510.76,2522.75,W,Liga Europeia 2026
2026-06-14,2026,MKD,GRE,2439.89,2427.91,L,Liga Europeia 2026
2026-06-19,2026,ESP,GEO,2551.89,2553.60,W,Liga Europeia 2026
2026-06-19,2026,GEO,ESP,2064.86,2063.14,L,Liga Europeia 2026
2026-06-19,2026,CRO,BIH,2546.40,2550.29,W,Liga Europeia 2026
2026-06-19,2026,BIH,CRO,2215.55,2211.67,L,Liga Europeia 2026
2026-06-19,2026,HUN,AZE,2387.31,2392.88,W,Liga Europeia 2026
2026-06-19,2026,AZE,HUN,2130.30,2124.74,L,Liga Europeia 2026
2026-06-19,2026,SWE,MNE,2434.49,2451.45,W,Liga Europeia 2026
2026-06-19,2026,MNE,SWE,2480.26,2463.30,L,Liga Europeia 2026
2026-06-19,2026,LAT,NOR,2445.41,2452.12,W,Liga Europeia 2026
2026-06-19,2026,NOR,LAT,2229.36,2222.65,L,Liga Europeia 2026
2026-06-19,2026,DEN,ALB,2430.83,2439.62,W,Liga Europeia 2026
2026-06-19,2026,ALB,DEN,2277.76,2268.97,L,Liga Europeia 2026
2026-06-19,2026,SVK,ISL,2413.98,2419.92,W,Liga Europeia 2026
2026-06-19,2026,ISL,SVK,2171.21,2165.26,L,Liga Europeia 2026
2026-06-19,2026,AUT,LUX,2333.17,2345.54,W,Liga Europeia 2026
2026-06-19,2026,LUX,AUT,2271.68,2259.30,L,Liga Europeia 2026
2026-06-19,2026,MKD,KOS,2427.91,2437.60,W,Liga Europeia 2026
2026-06-19,2026,KOS,MKD,2299.38,2289.69,L,Liga Europeia 2026
2026-06-20,2026,CZE,ESP,2679.67,2689.45,W,Liga Europeia 2026
2026-06-20,2026,ESP,CZE,2553.60,2545.45,L,Liga Europeia 2026
2026-06-20,2026,NED,CRO,2681.90,2691.48,W,Liga Europeia 2026
2026-06-20,2026,CRO,NED,2550.29,2542.31,L,Liga Europeia 2026
2026-06-20,2026,SUI,LAT,2406.71,2423.66,W,Liga Europeia 2026
2026-06-20,2026,LAT,SUI,2452.12,2437.99,L,Liga Europeia 2026
2026-06-20,2026,EST,SWE,2613.84,2592.30,L,Liga Europeia 2026
2026-06-20,2026,SWE,EST,2451.45,2469.40,W,Liga Europeia 2026
2026-06-20,2026,POR,HUN,2554.89,2533.36,L,Liga Europeia 2026
2026-06-20,2026,HUN,POR,2392.88,2410.82,W,Liga Europeia 2026
2026-06-20,2026,GRE,AUT,2522.75,2530.70,W,Liga Europeia 2026
2026-06-20,2026,AUT,GRE,2345.54,2338.91,L,Liga Europeia 2026
2026-06-20,2026,ROU,DEN,2569.64,2549.27,L,Liga Europeia 2026
2026-06-20,2026,DEN,ROU,2439.62,2456.59,W,Liga Europeia 2026
2026-06-20,2026,FIN,SVK,2675.39,2680.99,W,Liga Europeia 2026
2026-06-20,2026,SVK,FIN,2419.92,2415.25,L,Liga Europeia 2026
2026-06-20,2026,ISR,MKD,2544.37,2554.90,W,Liga Europeia 2026
2026-06-20,2026,MKD,ISR,2437.60,2428.83,L,Liga Europeia 2026
2026-06-21,2026,NOR,SUI,2222.65,2216.67,L,Liga Europeia 2026
2026-06-21,2026,SUI,NOR,2423.66,2429.64,W,Liga Europeia 2026
2026-06-21,2026,GEO,CZE,2063.14,2062.48,L,Liga Europeia 2026
2026-06-21,2026,CZE,GEO,2689.45,2690.11,W,Liga Europeia 2026
2026-06-21,2026,BIH,NED,2211.67,2210.18,L,Liga Europeia 2026
2026-06-21,2026,NED,BIH,2691.48,2692.96,W,Liga Europeia 2026
2026-06-21,2026,LUX,GRE,2259.30,2254.97,L,Liga Europeia 2026
2026-06-21,2026,GRE,LUX,2530.70,2535.03,W,Liga Europeia 2026
2026-06-21,2026,AZE,POR,2124.74,2122.56,L,Liga Europeia 2026
2026-06-21,2026,POR,AZE,2533.36,2535.53,W,Liga Europeia 2026
2026-06-21,2026,ALB,ROU,2268.97,2289.81,W,Liga Europeia 2026
2026-06-21,2026,ROU,ALB,2549.27,2528.42,L,Liga Europeia 2026
2026-06-21,2026,ISL,FIN,2165.26,2164.04,L,Liga Europeia 2026
2026-06-21,2026,FIN,ISL,2680.99,2682.21,W,Liga Europeia 2026
2026-06-21,2026,KOS,ISR,2289.69,2285.23,L,Liga Europeia 2026
2026-06-21,2026,ISR,KOS,2554.90,2559.36,W,Liga Europeia 2026
2026-06-21,2026,MNE,EST,2463.30,2455.24,L,Liga Europeia 2026
2026-06-21,2026,EST,MNE,2592.30,2600.36,W,Liga Europeia 2026
2026-06-24,2026,CHN,TUR,2626.49,2615.91,L,Nations League 2026
2026-06-24,2026,TUR,CHN,2731.88,2742.47,W,Nations League 2026
2026-06-24,2026,BUL,ITA,2727.23,2753.37,W,Nations League 2026
2026-06-24,2026,ITA,BUL,3059.54,3033.40,L,Nations League 2026
2026-06-24,2026,SRB,JPN,2797.32,2789.92,L,Nations League 2026
2026-06-24,2026,JPN,SRB,2991.42,2998.82,W,Nations League 2026
2026-06-24,2026,ARG,GER,2791.14,2804.67,W,Nations League 2026
2026-06-24,2026,GER,ARG,2757.02,2743.49,L,Nations League 2026
2026-06-24,2026,UKR,BRA,2745.55,2770.95,W,Nations League 2026
2026-06-24,2026,BRA,UKR,3042.42,3017.02,L,Nations League 2026
2026-06-24,2026,CUB,USA,2721.71,2716.00,L,Nations League 2026
2026-06-24,2026,USA,CUB,2973.18,2977.94,W,Nations League 2026
2026-06-24,2026,POL,BEL,3071.18,3074.29,W,Nations League 2026
2026-06-24,2026,BEL,POL,2696.64,2693.53,L,Nations League 2026
2026-06-24,2026,FRA,IRI,2905.47,2913.15,W,Nations League 2026
2026-06-24,2026,IRI,FRA,2720.14,2712.46,L,Nations League 2026
2026-06-24,2026,SLO,CAN,2966.72,2971.67,W,Nations League 2026
2026-06-24,2026,CAN,SLO,2685.19,2681.89,L,Nations League 2026
2026-06-25,2026,CHN,BEL,2615.91,2606.15,L,Nations League 2026
2026-06-25,2026,BEL,CHN,2693.53,2703.28,W,Nations League 2026
2026-06-25,2026,UKR,ITA,2770.95,2791.43,W,Nations League 2026
2026-06-25,2026,ITA,UKR,3033.40,3012.92,L,Nations League 2026
2026-06-25,2026,IRI,USA,2712.46,2708.01,L,Nations League 2026
2026-06-25,2026,USA,IRI,2977.94,2981.50,W,Nations League 2026
2026-06-25,2026,POL,TUR,3074.29,3077.51,W,Nations League 2026
2026-06-25,2026,TUR,POL,2742.47,2739.24,L,Nations League 2026
2026-06-25,2026,FRA,CUB,2913.15,2919.23,W,Nations League 2026
2026-06-25,2026,CUB,FRA,2716.00,2709.92,L,Nations League 2026
2026-06-25,2026,SLO,BUL,2971.67,2977.21,W,Nations League 2026
2026-06-25,2026,BUL,SLO,2753.37,2747.83,L,Nations League 2026
2026-06-26,2026,CHN,ARG,2606.15,2600.11,L,Nations League 2026
2026-06-26,2026,ARG,CHN,2804.67,2810.71,W,Nations League 2026
2026-06-26,2026,UKR,CAN,2791.43,2800.11,W,Nations League 2026
2026-06-26,2026,CAN,UKR,2681.89,2674.94,L,Nations League 2026
2026-06-26,2026,IRI,JPN,2708.01,2704.06,L,Nations League 2026
2026-06-26,2026,JPN,IRI,2998.82,3002.77,W,Nations League 2026
2026-06-26,2026,BEL,GER,2703.28,2692.22,L,Nations League 2026
2026-06-26,2026,GER,BEL,2743.49,2754.55,W,Nations League 2026
2026-06-26,2026,BRA,ITA,3017.02,3004.37,L,Nations League 2026
2026-06-26,2026,ITA,BRA,3012.92,3025.57,W,Nations League 2026
2026-06-26,2026,SRB,CUB,2789.92,2799.59,W,Nations League 2026
2026-06-26,2026,CUB,SRB,2709.92,2700.25,L,Nations League 2026
2026-06-27,2026,BUL,CAN,2747.83,2757.75,W,Nations League 2026
2026-06-27,2026,CAN,BUL,2674.94,2667.01,L,Nations League 2026
2026-06-27,2026,USA,JPN,2981.50,2972.11,L,Nations League 2026
2026-06-27,2026,JPN,USA,3002.77,3014.50,W,Nations League 2026
2026-06-27,2026,POL,GER,3077.51,3080.88,W,Nations League 2026
2026-06-27,2026,GER,POL,2754.55,2751.18,L,Nations League 2026
2026-06-27,2026,FRA,SRB,2919.23,2927.59,W,Nations League 2026
2026-06-27,2026,SRB,FRA,2799.59,2791.24,L,Nations League 2026
2026-06-27,2026,TUR,ARG,2739.24,2754.28,W,Nations League 2026
2026-06-27,2026,ARG,TUR,2810.71,2795.68,L,Nations League 2026
2026-06-27,2026,SLO,BRA,2977.21,2990.69,W,Nations League 2026
2026-06-27,2026,BRA,SLO,3004.37,2990.90,L,Nations League 2026
2026-06-27,2026,ISR,NED,2559.36,2551.44,L,Liga Europeia 2026
2026-06-27,2026,NED,ISR,2692.96,2700.88,W,Liga Europeia 2026
2026-06-28,2026,CHN,GER,2600.11,2592.72,L,Nations League 2026
2026-06-28,2026,GER,CHN,2751.18,2758.56,W,Nations League 2026
2026-06-28,2026,BUL,UKR,2757.75,2771.77,W,Nations League 2026
2026-06-28,2026,UKR,BUL,2800.11,2786.09,L,Nations League 2026
2026-06-28,2026,IRI,CUB,2704.06,2716.42,W,Nations League 2026
2026-06-28,2026,CUB,IRI,2700.25,2687.89,L,Nations League 2026
2026-06-28,2026,BEL,TUR,2692.22,2681.93,L,Nations League 2026
2026-06-28,2026,TUR,BEL,2754.28,2764.57,W,Nations League 2026
2026-06-28,2026,CAN,BRA,2667.01,2664.33,L,Nations League 2026
2026-06-28,2026,BRA,CAN,2990.90,2994.25,W,Nations League 2026
2026-06-28,2026,FRA,JPN,2927.59,2918.15,L,Nations League 2026
2026-06-28,2026,JPN,FRA,3014.50,3023.94,W,Nations League 2026
2026-06-28,2026,POL,ARG,3080.88,3084.94,W,Nations League 2026
2026-06-28,2026,ARG,POL,2795.68,2791.62,L,Nations League 2026
2026-06-28,2026,SRB,USA,2791.24,2784.71,L,Nations League 2026
2026-06-28,2026,USA,SRB,2972.11,2977.33,W,Nations League 2026
2026-06-28,2026,SLO,ITA,2990.69,2979.44,L,Nations League 2026
2026-06-28,2026,ITA,SLO,3025.57,3036.82,W,Nations League 2026
2026-06-28,2026,DEN,FIN,2456.59,2451.23,L,Liga Europeia 2026
2026-06-28,2026,FIN,DEN,2682.21,2687.57,W,Liga Europeia 2026
2026-06-28,2026,NED,ISR,2700.88,2708.31,W,Liga Europeia 2026
2026-06-28,2026,ISR,NED,2551.44,2544.01,L,Liga Europeia 2026
2026-07-01,2026,FIN,DEN,2687.57,2692.68,W,Liga Europeia 2026
2026-07-01,2026,DEN,FIN,2451.23,2446.13,L,Liga Europeia 2026
2026-07-08,2026,FIN,NED,2692.68,2705.74,W,Liga Europeia 2026
2026-07-08,2026,NED,FIN,2708.31,2695.25,L,Liga Europeia 2026
2026-07-11,2026,NED,FIN,2695.25,2685.55,L,Liga Europeia 2026
2026-07-11,2026,FIN,NED,2705.74,2715.44,W,Liga Europeia 2026
2026-07-15,2026,CAN,ARG,2664.33,2659.46,L,Nations League 2026
2026-07-15,2026,ARG,CAN,2791.62,2799.74,W,Nations League 2026
2026-07-15,2026,BEL,CUB,2681.93,2669.64,L,Nations League 2026
2026-07-15,2026,CUB,BEL,2687.89,2700.17,W,Nations League 2026
2026-07-15,2026,JPN,ITA,3023.94,3036.90,W,Nations League 2026
2026-07-15,2026,ITA,JPN,3036.82,3023.86,L,Nations League 2026
2026-07-15,2026,GER,SLO,2758.56,2753.08,L,Nations League 2026
2026-07-15,2026,SLO,GER,2979.44,2984.91,W,Nations League 2026
2026-07-15,2026,UKR,IRI,2786.09,2796.12,W,Nations League 2026
2026-07-15,2026,IRI,UKR,2716.42,2706.40,L,Nations League 2026
2026-07-15,2026,BUL,POL,2771.77,2768.23,L,Nations League 2026
2026-07-15,2026,POL,BUL,3084.94,3088.48,W,Nations League 2026
2026-07-15,2026,SRB,TUR,2784.71,2771.49,L,Nations League 2026
2026-07-15,2026,TUR,SRB,2764.57,2777.79,W,Nations League 2026
2026-07-15,2026,FRA,BRA,2918.15,2908.34,L,Nations League 2026
2026-07-15,2026,BRA,FRA,2994.25,3004.06,W,Nations League 2026
2026-07-15,2026,USA,CHN,2977.33,2979.30,W,Nations League 2026
2026-07-15,2026,CHN,USA,2592.72,2590.26,L,Nations League 2026
2026-07-16,2026,BEL,ITA,2669.64,2667.34,L,Nations League 2026
2026-07-16,2026,ITA,BEL,3023.86,3026.16,W,Nations League 2026
2026-07-16,2026,JPN,CAN,3036.90,3038.95,W,Nations League 2026
2026-07-16,2026,CAN,JPN,2659.46,2657.92,L,Nations League 2026
2026-07-16,2026,IRI,GER,2706.40,2717.73,W,Nations League 2026
2026-07-16,2026,GER,IRI,2753.08,2741.75,L,Nations League 2026
2026-07-16,2026,SRB,UKR,2771.49,2782.20,W,Nations League 2026
2026-07-16,2026,UKR,SRB,2796.12,2785.41,L,Nations League 2026
2026-07-16,2026,CHN,FRA,2590.26,2587.50,L,Nations League 2026
2026-07-16,2026,FRA,CHN,2908.34,2911.11,W,Nations League 2026
2026-07-16,2026,USA,BRA,2979.30,2987.33,W,Nations League 2026
2026-07-16,2026,BRA,USA,3004.06,2993.35,L,Nations League 2026
2026-07-17,2026,CUB,ARG,2700.17,2712.96,W,Nations League 2026
2026-07-17,2026,ARG,CUB,2799.74,2786.95,L,Nations League 2026
2026-07-17,2026,JPN,BEL,3038.95,3041.05,W,Nations League 2026
2026-07-17,2026,BEL,JPN,2667.34,2665.23,L,Nations League 2026
2026-07-17,2026,TUR,UKR,2777.79,2788.01,W,Nations League 2026
2026-07-17,2026,UKR,TUR,2785.41,2775.19,L,Nations League 2026
2026-07-17,2026,IRI,SLO,2717.73,2714.20,L,Nations League 2026
2026-07-17,2026,SLO,IRI,2984.91,2988.45,W,Nations League 2026
2026-07-17,2026,CHN,BUL,2587.50,2582.28,L,Nations League 2026
2026-07-17,2026,BUL,CHN,2768.23,2773.45,W,Nations League 2026
2026-07-17,2026,BRA,POL,2993.35,2986.02,L,Nations League 2026
2026-07-17,2026,POL,BRA,3088.48,3095.80,W,Nations League 2026
2026-07-18,2026,CAN,CUB,2657.92,2651.60,L,Nations League 2026
2026-07-18,2026,CUB,CAN,2712.96,2721.39,W,Nations League 2026
2026-07-18,2026,ARG,ITA,2786.95,2782.92,L,Nations League 2026
2026-07-18,2026,ITA,ARG,3026.16,3030.19,W,Nations League 2026
2026-07-18,2026,TUR,SLO,2788.01,2783.22,L,Nations League 2026
2026-07-18,2026,SLO,TUR,2988.45,2993.25,W,Nations League 2026
2026-07-18,2026,SRB,GER,2782.20,2771.04,L,Nations League 2026
2026-07-18,2026,GER,SRB,2741.75,2752.91,W,Nations League 2026
2026-07-18,2026,FRA,POL,2911.11,2905.97,L,Nations League 2026
2026-07-18,2026,POL,FRA,3095.80,3100.94,W,Nations League 2026
2026-07-18,2026,USA,BUL,2987.33,2975.72,L,Nations League 2026
2026-07-18,2026,BUL,USA,2773.45,2788.93,W,Nations League 2026
2026-07-19,2026,BEL,CAN,2665.23,2674.84,W,Nations League 2026
2026-07-19,2026,CAN,BEL,2651.60,2644.40,L,Nations League 2026
2026-07-19,2026,CUB,ITA,2721.39,2718.50,L,Nations League 2026
2026-07-19,2026,ITA,CUB,3030.19,3033.08,W,Nations League 2026
2026-07-19,2026,JPN,ARG,3041.05,3044.74,W,Nations League 2026
2026-07-19,2026,ARG,JPN,2782.92,2779.23,L,Nations League 2026
2026-07-19,2026,TUR,IRI,2783.22,2791.26,W,Nations League 2026
2026-07-19,2026,IRI,TUR,2714.20,2706.16,L,Nations League 2026
2026-07-19,2026,UKR,GER,2775.19,2784.55,W,Nations League 2026
2026-07-19,2026,GER,UKR,2752.91,2743.55,L,Nations League 2026
2026-07-19,2026,CHN,BRA,2582.28,2580.49,L,Nations League 2026
2026-07-19,2026,BRA,CHN,2986.02,2987.80,W,Nations League 2026
2026-07-19,2026,SRB,SLO,2771.04,2766.68,L,Nations League 2026
2026-07-19,2026,SLO,SRB,2993.25,2997.60,W,Nations League 2026
2026-07-19,2026,BUL,FRA,2788.93,2782.18,L,Nations League 2026
2026-07-19,2026,FRA,BUL,2905.97,2912.73,W,Nations League 2026
2026-07-19,2026,USA,POL,2975.72,2970.81,L,Nations League 2026
2026-07-19,2026,POL,USA,3100.94,3107.48,W,Nations League 2026
2026-07-29,2026,JPN,CHN,3044.74,3046.04,W,Nations League 2026
2026-07-29,2026,CHN,JPN,2580.49,2579.20,L,Nations League 2026
2026-07-29,2026,SLO,TUR,2997.60,3002.27,W,Nations League 2026
2026-07-29,2026,TUR,SLO,2791.26,2786.58,L,Nations League 2026
2026-07-30,2026,ITA,USA,3033.08,3021.31,L,Nations League 2026
2026-07-30,2026,USA,ITA,2970.81,2979.64,W,Nations League 2026
2026-07-30,2026,POL,UKR,3107.48,3110.18,W,Nations League 2026
2026-07-30,2026,UKR,POL,2784.55,2781.86,L,Nations League 2026
2026-08-01,2026,JPN,USA,3046.04,3037.12,L,Nations League 2026
2026-08-01,2026,USA,JPN,2979.64,2985.59,W,Nations League 2026
2026-08-01,2026,SLO,POL,3002.27,2997.03,L,Nations League 2026
2026-08-01,2026,POL,SLO,3110.18,3115.42,W,Nations League 2026
2026-08-02,2026,JPN,SLO,3037.12,3028.76,L,Nations League 2026
2026-08-02,2026,SLO,JPN,2997.03,3005.39,W,Nations League 2026
2026-08-02,2026,USA,POL,2985.59,2982.37,L,Nations League 2026
2026-08-02,2026,POL,USA,3115.42,3120.24,W,Nations League 2026
