match_date,season,team_a,team_b,sets_a,sets_b,event,is_final
2013-05-31,2013,FIN,POR,3,0,Liga Mundial 2013,False
2013-05-31,2013,CAN,NED,3,1,Liga Mundial 2013,False
2013-06-01,2013,KOR,JPN,3,1,Liga Mundial 2013,False
2013-06-01,2013,FIN,POR,2,3,Liga Mundial 2013,False
2013-06-01,2013,CAN,NED,1,3,Liga Mundial 2013,False
2013-06-02,2013,KOR,JPN,3,1,Liga Mundial 2013,False
2013-06-07,2013,RUS,IRI,3,0,Liga Mundial 2013,False
2013-06-07,2013,POL,BRA,1,3,Liga Mundial 2013,False
2013-06-07,2013,FRA,BUL,2,3,Liga Mundial 2013,False
2013-06-07,2013,ITA,GER,3,0,Liga Mundial 2013,False
2013-06-07,2013,CAN,POR,3,0,Liga Mundial 2013,False
2013-06-07,2013,USA,ARG,1,3,Liga Mundial 2013,False
2013-06-07,2013,CUB,SRB,1,3,Liga Mundial 2013,False
2013-06-08,2013,KOR,FIN,0,3,Liga Mundial 2013,False
2013-06-08,2013,RUS,IRI,3,1,Liga Mundial 2013,False
2013-06-08,2013,NED,JPN,3,1,Liga Mundial 2013,False
2013-06-08,2013,USA,ARG,3,1,Liga Mundial 2013,False
2013-06-08,2013,CAN,POR,1,3,Liga Mundial 2013,False
2013-06-08,2013,CUB,SRB,1,3,Liga Mundial 2013,False
2013-06-09,2013,KOR,FIN,2,3,Liga Mundial 2013,False
2013-06-09,2013,FRA,BUL,0,3,Liga Mundial 2013,False
2013-06-09,2013,ITA,GER,3,2,Liga Mundial 2013,False
2013-06-09,2013,NED,JPN,3,0,Liga Mundial 2013,False
2013-06-09,2013,POL,BRA,2,3,Liga Mundial 2013,False
2013-06-11,2013,ARG,TTO,3,0,Copa Pan-Americana 2013,False
2013-06-13,2013,DEN,SVK,0,3,Liga Europeia 2013,False
2013-06-13,2013,BEL,AUT,3,2,Liga Europeia 2013,False
2013-06-14,2013,RUS,SRB,3,0,Liga Mundial 2013,False
2013-06-14,2013,ITA,CUB,3,0,Liga Mundial 2013,False
2013-06-14,2013,ARG,BRA,0,3,Liga Mundial 2013,False
2013-06-14,2013,USA,FRA,3,0,Liga Mundial 2013,False
2013-06-14,2013,CAN,KOR,3,0,Liga Mundial 2013,False
2013-06-14,2013,AUT,SVK,3,1,Liga Europeia 2013,False
2013-06-14,2013,BEL,DEN,3,0,Liga Europeia 2013,False
2013-06-14,2013,ISR,CRO,0,3,Liga Europeia 2013,False
2013-06-14,2013,BLR,TUR,1,3,Liga Europeia 2013,False
2013-06-15,2013,JPN,FIN,3,1,Liga Mundial 2013,False
2013-06-15,2013,RUS,SRB,3,2,Liga Mundial 2013,False
2013-06-15,2013,USA,FRA,3,2,Liga Mundial 2013,False
2013-06-15,2013,CAN,KOR,3,0,Liga Mundial 2013,False
2013-06-15,2013,ARG,BRA,0,3,Liga Mundial 2013,False
2013-06-15,2013,AUT,DEN,0,3,Liga Europeia 2013,False
2013-06-15,2013,SVK,BEL,0,3,Liga Europeia 2013,False
2013-06-15,2013,ESP,CZE,1,3,Liga Europeia 2013,False
2013-06-15,2013,HUN,MNE,0,3,Liga Europeia 2013,False
2013-06-15,2013,CRO,TUR,3,1,Liga Europeia 2013,False
2013-06-15,2013,ISR,BLR,0,3,Liga Europeia 2013,False
2013-06-16,2013,JPN,FIN,3,1,Liga Mundial 2013,False
2013-06-16,2013,ITA,CUB,3,0,Liga Mundial 2013,False
2013-06-16,2013,CZE,MNE,3,1,Liga Europeia 2013,False
2013-06-16,2013,HUN,ESP,1,3,Liga Europeia 2013,False
2013-06-16,2013,CRO,BLR,3,1,Liga Europeia 2013,False
2013-06-16,2013,TUR,ISR,3,1,Liga Europeia 2013,False
2013-06-17,2013,MNE,ESP,3,1,Liga Europeia 2013,False
2013-06-17,2013,CZE,HUN,3,1,Liga Europeia 2013,False
2013-06-20,2013,SVK,AUT,1,3,Liga Europeia 2013,False
2013-06-20,2013,BEL,DEN,3,0,Liga Europeia 2013,False
2013-06-21,2013,RUS,ITA,1,3,Liga Mundial 2013,False
2013-06-21,2013,FRA,POL,3,2,Liga Mundial 2013,False
2013-06-21,2013,IRI,SRB,2,3,Liga Mundial 2013,False
2013-06-21,2013,AUT,BEL,2,3,Liga Europeia 2013,False
2013-06-21,2013,DEN,SVK,1,3,Liga Europeia 2013,False
2013-06-21,2013,HUN,CZE,0,3,Liga Europeia 2013,False
2013-06-21,2013,ESP,MNE,2,3,Liga Europeia 2013,False
2013-06-21,2013,ISR,CRO,3,2,Liga Europeia 2013,False
2013-06-21,2013,BLR,TUR,3,2,Liga Europeia 2013,False
2013-06-22,2013,RUS,ITA,3,2,Liga Mundial 2013,False
2013-06-22,2013,BUL,ARG,3,0,Liga Mundial 2013,False
2013-06-22,2013,GER,CUB,3,0,Liga Mundial 2013,False
2013-06-22,2013,NED,POR,2,3,Liga Mundial 2013,False
2013-06-22,2013,BEL,SVK,3,1,Liga Europeia 2013,False
2013-06-22,2013,DEN,AUT,3,1,Liga Europeia 2013,False
2013-06-22,2013,CZE,MNE,3,1,Liga Europeia 2013,False
2013-06-22,2013,ESP,HUN,3,2,Liga Europeia 2013,False
2013-06-22,2013,CRO,BLR,1,3,Liga Europeia 2013,False
2013-06-22,2013,TUR,ISR,3,0,Liga Europeia 2013,False
2013-06-23,2013,FRA,POL,3,2,Liga Mundial 2013,False
2013-06-23,2013,BUL,ARG,3,1,Liga Mundial 2013,False
2013-06-23,2013,GER,CUB,3,1,Liga Mundial 2013,False
2013-06-23,2013,NED,POR,3,0,Liga Mundial 2013,False
2013-06-23,2013,IRI,SRB,3,2,Liga Mundial 2013,False
2013-06-23,2013,MNE,HUN,3,0,Liga Europeia 2013,False
2013-06-23,2013,CZE,ESP,3,2,Liga Europeia 2013,False
2013-06-23,2013,CRO,TUR,3,1,Liga Europeia 2013,False
2013-06-23,2013,ISR,BLR,3,1,Liga Europeia 2013,False
2013-06-28,2013,BRA,FRA,3,2,Liga Mundial 2013,False
2013-06-28,2013,FIN,CAN,1,3,Liga Mundial 2013,False
2013-06-28,2013,POL,ARG,3,2,Liga Mundial 2013,False
2013-06-28,2013,ITA,IRI,1,3,Liga Mundial 2013,False
2013-06-28,2013,CUB,RUS,0,3,Liga Mundial 2013,False
2013-06-28,2013,USA,BUL,3,0,Liga Mundial 2013,False
2013-06-28,2013,DEN,AUT,0,3,Liga Europeia 2013,False
2013-06-28,2013,BEL,SVK,3,1,Liga Europeia 2013,False
2013-06-28,2013,CZE,ESP,1,3,Liga Europeia 2013,False
2013-06-28,2013,MNE,HUN,3,0,Liga Europeia 2013,False
2013-06-28,2013,CRO,TUR,3,0,Liga Europeia 2013,False
2013-06-28,2013,ISR,BLR,1,3,Liga Europeia 2013,False
2013-06-29,2013,KOR,NED,1,3,Liga Mundial 2013,False
2013-06-29,2013,BRA,FRA,1,3,Liga Mundial 2013,False
2013-06-29,2013,FIN,CAN,0,3,Liga Mundial 2013,False
2013-06-29,2013,SRB,GER,1,3,Liga Mundial 2013,False
2013-06-29,2013,CUB,RUS,3,1,Liga Mundial 2013,False
2013-06-29,2013,USA,BUL,1,3,Liga Mundial 2013,False
2013-06-29,2013,POR,JPN,3,1,Liga Mundial 2013,False
2013-06-29,2013,AUT,SVK,1,3,Liga Europeia 2013,False
2013-06-29,2013,DEN,BEL,0,3,Liga Europeia 2013,False
2013-06-29,2013,CZE,HUN,3,1,Liga Europeia 2013,False
2013-06-29,2013,ESP,MNE,3,1,Liga Europeia 2013,False
2013-06-29,2013,TUR,ISR,0,3,Liga Europeia 2013,False
2013-06-29,2013,BLR,CRO,1,3,Liga Europeia 2013,False
2013-06-30,2013,KOR,NED,1,3,Liga Mundial 2013,False
2013-06-30,2013,ITA,IRI,3,2,Liga Mundial 2013,False
2013-06-30,2013,SRB,GER,3,2,Liga Mundial 2013,False
2013-06-30,2013,POL,ARG,3,1,Liga Mundial 2013,False
2013-06-30,2013,POR,JPN,2,3,Liga Mundial 2013,False
2013-06-30,2013,SVK,DEN,3,0,Liga Europeia 2013,False
2013-06-30,2013,AUT,BEL,0,3,Liga Europeia 2013,False
2013-06-30,2013,HUN,ESP,0,3,Liga Europeia 2013,False
2013-06-30,2013,MNE,CZE,3,2,Liga Europeia 2013,False
2013-06-30,2013,TUR,BLR,1,3,Liga Europeia 2013,False
2013-06-30,2013,CRO,ISR,3,1,Liga Europeia 2013,False
2013-07-04,2013,DEN,BEL,0,3,Liga Europeia 2013,False
2013-07-04,2013,SVK,AUT,3,0,Liga Europeia 2013,False
2013-07-05,2013,BRA,BUL,3,1,Liga Mundial 2013,False
2013-07-05,2013,FIN,NED,1,3,Liga Mundial 2013,False
2013-07-05,2013,POL,USA,3,2,Liga Mundial 2013,False
2013-07-05,2013,GER,RUS,2,3,Liga Mundial 2013,False
2013-07-05,2013,CUB,IRI,2,3,Liga Mundial 2013,False
2013-07-05,2013,BEL,AUT,3,0,Liga Europeia 2013,False
2013-07-05,2013,SVK,DEN,3,1,Liga Europeia 2013,False
2013-07-05,2013,MNE,ESP,3,1,Liga Europeia 2013,False
2013-07-05,2013,CZE,HUN,3,1,Liga Europeia 2013,False
2013-07-05,2013,CRO,ISR,3,0,Liga Europeia 2013,False
2013-07-05,2013,TUR,BLR,0,3,Liga Europeia 2013,False
2013-07-06,2013,ARG,FRA,2,3,Liga Mundial 2013,False
2013-07-06,2013,JPN,CAN,1,3,Liga Mundial 2013,False
2013-07-06,2013,BRA,BUL,3,1,Liga Mundial 2013,False
2013-07-06,2013,FIN,NED,3,1,Liga Mundial 2013,False
2013-07-06,2013,SRB,ITA,2,3,Liga Mundial 2013,False
2013-07-06,2013,GER,RUS,3,2,Liga Mundial 2013,False
2013-07-06,2013,CUB,IRI,1,3,Liga Mundial 2013,False
2013-07-06,2013,POR,KOR,1,3,Liga Mundial 2013,False
2013-07-06,2013,AUT,DEN,3,1,Liga Europeia 2013,False
2013-07-06,2013,BEL,SVK,3,1,Liga Europeia 2013,False
2013-07-06,2013,ESP,HUN,3,1,Liga Europeia 2013,False
2013-07-06,2013,MNE,CZE,3,2,Liga Europeia 2013,False
2013-07-06,2013,ISR,BLR,3,0,Liga Europeia 2013,False
2013-07-06,2013,CRO,TUR,3,0,Liga Europeia 2013,False
2013-07-07,2013,JPN,CAN,2,3,Liga Mundial 2013,False
2013-07-07,2013,SRB,ITA,3,1,Liga Mundial 2013,False
2013-07-07,2013,POL,USA,3,1,Liga Mundial 2013,False
2013-07-07,2013,ARG,FRA,1,3,Liga Mundial 2013,False
2013-07-07,2013,POR,KOR,1,3,Liga Mundial 2013,False
2013-07-07,2013,HUN,MNE,0,3,Liga Europeia 2013,False
2013-07-07,2013,CZE,ESP,3,2,Liga Europeia 2013,False
2013-07-07,2013,BLR,CRO,1,3,Liga Europeia 2013,False
2013-07-07,2013,ISR,TUR,0,3,Liga Europeia 2013,False
2013-07-12,2013,BUL,POL,3,0,Liga Mundial 2013,False
2013-07-12,2013,IRI,GER,3,0,Liga Mundial 2013,False
2013-07-13,2013,BRA,USA,3,1,Liga Mundial 2013,False
2013-07-13,2013,BUL,POL,3,2,Liga Mundial 2013,False
2013-07-13,2013,IRI,GER,0,3,Liga Mundial 2013,False
2013-07-13,2013,CZE,BEL,0,3,Liga Europeia 2013,False
2013-07-13,2013,TUR,CRO,2,3,Liga Europeia 2013,False
2013-07-14,2013,BRA,USA,3,0,Liga Mundial 2013,False
2013-07-14,2013,CZE,TUR,3,1,Liga Europeia 2013,False
2013-07-14,2013,BEL,CRO,3,0,Liga Europeia 2013,False
2013-07-17,2013,BRA,RUS,2,3,Liga Mundial 2013,False
2013-07-17,2013,ARG,BUL,1,3,Liga Mundial 2013,False
2013-07-18,2013,RUS,CAN,2,3,Liga Mundial 2013,False
2013-07-18,2013,BUL,ITA,1,3,Liga Mundial 2013,False
2013-07-19,2013,CAN,BRA,0,3,Liga Mundial 2013,False
2013-07-19,2013,ITA,ARG,3,1,Liga Mundial 2013,False
2013-07-20,2013,ITA,RUS,1,3,Liga Mundial 2013,False
2013-07-20,2013,BRA,BUL,3,1,Liga Mundial 2013,False
2013-07-21,2013,ITA,BUL,3,2,Liga Mundial 2013,True
2013-07-21,2013,RUS,BRA,3,0,Liga Mundial 2013,True
2013-08-06,2013,ARG,CHI,3,0,Campeonato Sul-Americano 2013,False
2013-08-06,2013,BRA,PAR,3,0,Campeonato Sul-Americano 2013,False
2013-08-07,2013,CHI,PAR,3,1,Campeonato Sul-Americano 2013,False
2013-08-07,2013,BRA,COL,3,0,Campeonato Sul-Americano 2013,False
2013-08-08,2013,COL,CHI,3,2,Campeonato Sul-Americano 2013,False
2013-08-08,2013,ARG,PAR,3,0,Campeonato Sul-Americano 2013,False
2013-08-09,2013,ARG,COL,3,0,Campeonato Sul-Americano 2013,False
2013-08-09,2013,BRA,CHI,3,0,Campeonato Sul-Americano 2013,False
2013-08-10,2013,COL,PAR,3,0,Campeonato Sul-Americano 2013,False
2013-08-10,2013,BRA,ARG,3,2,Campeonato Sul-Americano 2013,False
2013-08-19,2013,BRA,PUR,3,0,Copa Pan-Americana 2013,False
2013-08-19,2013,USA,DOM,3,2,Copa Pan-Americana 2013,False
2013-08-19,2013,MEX,TTO,3,0,Copa Pan-Americana 2013,False
2013-08-20,2013,ARG,PUR,3,1,Copa Pan-Americana 2013,False
2013-08-20,2013,USA,TTO,3,0,Copa Pan-Americana 2013,False
2013-08-20,2013,MEX,DOM,3,1,Copa Pan-Americana 2013,False
2013-08-21,2013,BRA,ARG,3,0,Copa Pan-Americana 2013,False
2013-08-21,2013,DOM,TTO,3,0,Copa Pan-Americana 2013,False
2013-08-21,2013,MEX,USA,3,2,Copa Pan-Americana 2013,False
2013-08-22,2013,ARG,DOM,3,0,Copa Pan-Americana 2013,False
2013-08-22,2013,USA,PUR,2,3,Copa Pan-Americana 2013,False
2013-08-23,2013,BRA,PUR,3,0,Copa Pan-Americana 2013,False
2013-08-23,2013,MEX,ARG,3,1,Copa Pan-Americana 2013,False
2013-08-23,2013,DOM,USA,0,3,Copa Pan-Americana 2013,False
2013-08-24,2013,TTO,DOM,0,3,Copa Pan-Americana 2013,False
2013-08-24,2013,ARG,PUR,3,2,Copa Pan-Americana 2013,False
2013-08-24,2013,MEX,BRA,0,3,Copa Pan-Americana 2013,False
2013-09-20,2013,BEL,BLR,3,0,Campeonato Europeu 2013,False
2013-09-20,2013,DEN,ITA,0,3,Campeonato Europeu 2013,False
2013-09-20,2013,FRA,SVK,3,0,Campeonato Europeu 2013,False
2013-09-20,2013,POL,TUR,3,1,Campeonato Europeu 2013,False
2013-09-20,2013,SLO,SRB,3,1,Campeonato Europeu 2013,False
2013-09-20,2013,FIN,NED,3,1,Campeonato Europeu 2013,False
2013-09-20,2013,RUS,GER,0,3,Campeonato Europeu 2013,False
2013-09-20,2013,CZE,BUL,1,3,Campeonato Europeu 2013,False
2013-09-21,2013,BLR,ITA,1,3,Campeonato Europeu 2013,False
2013-09-21,2013,BEL,DEN,3,1,Campeonato Europeu 2013,False
2013-09-21,2013,SVK,TUR,3,2,Campeonato Europeu 2013,False
2013-09-21,2013,FRA,POL,3,1,Campeonato Europeu 2013,False
2013-09-21,2013,SRB,NED,3,2,Campeonato Europeu 2013,False
2013-09-21,2013,SLO,FIN,1,3,Campeonato Europeu 2013,False
2013-09-21,2013,GER,BUL,3,2,Campeonato Europeu 2013,False
2013-09-21,2013,RUS,CZE,3,0,Campeonato Europeu 2013,False
2013-09-22,2013,EGY,CMR,3,0,Campeonato Africano 2013,False
2013-09-22,2013,ALG,MAR,2,3,Campeonato Africano 2013,False
2013-09-22,2013,TUN,LBA,3,0,Campeonato Africano 2013,False
2013-09-22,2013,BLR,DEN,2,3,Campeonato Europeu 2013,False
2013-09-22,2013,ITA,BEL,2,3,Campeonato Europeu 2013,False
2013-09-22,2013,TUR,FRA,1,3,Campeonato Europeu 2013,False
2013-09-22,2013,SVK,POL,1,3,Campeonato Europeu 2013,False
2013-09-22,2013,NED,SLO,3,1,Campeonato Europeu 2013,False
2013-09-22,2013,SRB,FIN,3,0,Campeonato Europeu 2013,False
2013-09-22,2013,GER,CZE,3,0,Campeonato Europeu 2013,False
2013-09-22,2013,BUL,RUS,1,3,Campeonato Europeu 2013,False
2013-09-23,2013,USA,LCA,3,0,Campeonato NORCECA 2013,False
2013-09-23,2013,CUB,BAH,3,0,Campeonato NORCECA 2013,False
2013-09-23,2013,CAN,GUA,3,0,Campeonato NORCECA 2013,False
2013-09-23,2013,MAR,LBA,3,1,Campeonato Africano 2013,False
2013-09-23,2013,CMR,ALG,3,2,Campeonato Africano 2013,False
2013-09-23,2013,TUN,EGY,1,3,Campeonato Africano 2013,False
2013-09-24,2013,MEX,GUA,3,0,Campeonato NORCECA 2013,False
2013-09-24,2013,CUB,PUR,3,1,Campeonato NORCECA 2013,False
2013-09-24,2013,USA,DOM,3,0,Campeonato NORCECA 2013,False
2013-09-24,2013,MAR,CMR,3,2,Campeonato Africano 2013,False
2013-09-24,2013,EGY,LBA,3,1,Campeonato Africano 2013,False
2013-09-24,2013,TUN,ALG,3,2,Campeonato Africano 2013,False
2013-09-24,2013,ITA,NED,3,1,Campeonato Europeu 2013,False
2013-09-24,2013,RUS,SVK,3,0,Campeonato Europeu 2013,False
2013-09-24,2013,SRB,DEN,3,0,Campeonato Europeu 2013,False
2013-09-24,2013,POL,BUL,2,3,Campeonato Europeu 2013,False
2013-09-25,2013,PUR,BAH,3,0,Campeonato NORCECA 2013,False
2013-09-25,2013,DOM,LCA,3,0,Campeonato NORCECA 2013,False
2013-09-25,2013,CAN,MEX,3,0,Campeonato NORCECA 2013,False
2013-09-25,2013,FRA,RUS,1,3,Campeonato Europeu 2013,False
2013-09-25,2013,FIN,ITA,1,3,Campeonato Europeu 2013,False
2013-09-25,2013,BEL,SRB,1,3,Campeonato Europeu 2013,False
2013-09-25,2013,GER,BUL,1,3,Campeonato Europeu 2013,False
2013-09-26,2013,GUA,BAH,0,3,Campeonato NORCECA 2013,False
2013-09-26,2013,PUR,MEX,3,0,Campeonato NORCECA 2013,False
2013-09-26,2013,CUB,DOM,3,2,Campeonato NORCECA 2013,False
2013-09-26,2013,EGY,ALG,3,2,Campeonato Africano 2013,False
2013-09-26,2013,CMR,LBA,3,0,Campeonato Africano 2013,False
2013-09-26,2013,TUN,MAR,3,1,Campeonato Africano 2013,False
2013-09-27,2013,LCA,BAH,0,3,Campeonato NORCECA 2013,False
2013-09-27,2013,USA,PUR,3,1,Campeonato NORCECA 2013,True
2013-09-27,2013,CAN,CUB,3,0,Campeonato NORCECA 2013,True
2013-09-27,2013,LBA,ALG,0,3,Campeonato Africano 2013,False
2013-09-27,2013,MAR,EGY,1,3,Campeonato Africano 2013,False
2013-09-27,2013,TUN,CMR,3,2,Campeonato Africano 2013,False
2013-09-28,2013,MEX,DOM,3,0,Campeonato NORCECA 2013,False
2013-09-28,2013,PUR,CUB,2,3,Campeonato NORCECA 2013,False
2013-09-28,2013,USA,CAN,3,0,Campeonato NORCECA 2013,False
2013-09-28,2013,SRB,RUS,1,3,Campeonato Europeu 2013,False
2013-09-28,2013,ITA,BUL,3,1,Campeonato Europeu 2013,False
2013-09-28,2013,UAE,UZB,3,1,Campeonato Asiatico 2013,False
2013-09-28,2013,BRN,MYA,3,1,Campeonato Asiatico 2013,False
2013-09-28,2013,IRI,KAZ,3,0,Campeonato Asiatico 2013,False
2013-09-28,2013,KSA,TPE,0,3,Campeonato Asiatico 2013,False
2013-09-28,2013,OMA,SRI,0,3,Campeonato Asiatico 2013,False
2013-09-28,2013,IRQ,AFG,3,0,Campeonato Asiatico 2013,False
2013-09-29,2013,SRB,BUL,3,0,Campeonato Europeu 2013,False
2013-09-29,2013,RUS,ITA,3,1,Campeonato Europeu 2013,False
2013-09-29,2013,AUS,BRN,3,1,Campeonato Asiatico 2013,False
2013-09-29,2013,KUW,IRI,0,3,Campeonato Asiatico 2013,False
2013-09-29,2013,CHN,KSA,3,0,Campeonato Asiatico 2013,False
2013-09-29,2013,JPN,OMA,3,0,Campeonato Asiatico 2013,False
2013-09-29,2013,KOR,IRQ,3,0,Campeonato Asiatico 2013,False
2013-09-29,2013,QAT,IND,3,2,Campeonato Asiatico 2013,False
2013-09-30,2013,MYA,AUS,0,3,Campeonato Asiatico 2013,False
2013-09-30,2013,KAZ,KUW,3,0,Campeonato Asiatico 2013,False
2013-09-30,2013,TPE,CHN,0,3,Campeonato Asiatico 2013,False
2013-09-30,2013,SRI,JPN,0,3,Campeonato Asiatico 2013,False
2013-09-30,2013,AFG,KOR,0,3,Campeonato Asiatico 2013,False
2013-09-30,2013,LBN,THA,1,3,Campeonato Asiatico 2013,False
2013-10-01,2013,THA,UZB,3,0,Campeonato Asiatico 2013,False
2013-10-01,2013,UAE,LBN,0,3,Campeonato Asiatico 2013,False
2013-10-01,2013,AUS,IND,2,3,Campeonato Asiatico 2013,False
2013-10-01,2013,QAT,BRN,0,3,Campeonato Asiatico 2013,False
2013-10-01,2013,IRI,IRQ,3,0,Campeonato Asiatico 2013,False
2013-10-01,2013,KOR,KAZ,3,0,Campeonato Asiatico 2013,False
2013-10-01,2013,CHN,SRI,3,0,Campeonato Asiatico 2013,False
2013-10-01,2013,JPN,TPE,3,0,Campeonato Asiatico 2013,False
2013-10-02,2013,KSA,OMA,1,3,Campeonato Asiatico 2013,False
2013-10-02,2013,UZB,LBN,0,3,Campeonato Asiatico 2013,False
2013-10-02,2013,UAE,THA,0,3,Campeonato Asiatico 2013,False
2013-10-02,2013,BRN,IND,1,3,Campeonato Asiatico 2013,False
2013-10-02,2013,AUS,QAT,3,0,Campeonato Asiatico 2013,False
2013-10-02,2013,KAZ,IRQ,3,1,Campeonato Asiatico 2013,False
2013-10-02,2013,IRI,KOR,3,1,Campeonato Asiatico 2013,False
2013-10-02,2013,CHN,JPN,3,1,Campeonato Asiatico 2013,False
2013-10-02,2013,TPE,SRI,3,0,Campeonato Asiatico 2013,False
2013-10-04,2013,AFG,MYA,0,3,Campeonato Asiatico 2013,False
2013-10-04,2013,KUW,OMA,3,2,Campeonato Asiatico 2013,False
2013-10-04,2013,KAZ,SRI,3,0,Campeonato Asiatico 2013,False
2013-10-04,2013,BRN,UZB,3,0,Campeonato Asiatico 2013,False
2013-10-04,2013,TPE,IRQ,3,0,Campeonato Asiatico 2013,False
2013-10-04,2013,UAE,QAT,0,3,Campeonato Asiatico 2013,False
2013-10-04,2013,THA,JPN,0,3,Campeonato Asiatico 2013,False
2013-10-04,2013,IRI,LBN,3,0,Campeonato Asiatico 2013,False
2013-10-04,2013,CHN,IND,3,1,Campeonato Asiatico 2013,False
2013-10-04,2013,AUS,KOR,0,3,Campeonato Asiatico 2013,False
2013-10-05,2013,AFG,OMA,1,3,Campeonato Asiatico 2013,False
2013-10-05,2013,MYA,KUW,0,3,Campeonato Asiatico 2013,False
2013-10-05,2013,UZB,IRQ,2,3,Campeonato Asiatico 2013,False
2013-10-05,2013,UAE,SRI,3,2,Campeonato Asiatico 2013,False
2013-10-05,2013,QAT,KAZ,1,3,Campeonato Asiatico 2013,False
2013-10-05,2013,BRN,TPE,2,3,Campeonato Asiatico 2013,False
2013-10-05,2013,THA,LBN,3,1,Campeonato Asiatico 2013,False
2013-10-05,2013,AUS,IND,3,1,Campeonato Asiatico 2013,False
2013-10-05,2013,JPN,IRI,0,3,Campeonato Asiatico 2013,False
2013-10-05,2013,KOR,CHN,3,2,Campeonato Asiatico 2013,False
2013-10-06,2013,SRI,UZB,3,0,Campeonato Asiatico 2013,False
2013-10-06,2013,UAE,IRQ,1,3,Campeonato Asiatico 2013,False
2013-10-06,2013,QAT,BRN,3,2,Campeonato Asiatico 2013,False
2013-10-06,2013,KAZ,TPE,1,3,Campeonato Asiatico 2013,False
2013-10-06,2013,LBN,IND,2,3,Campeonato Asiatico 2013,False
2013-10-06,2013,THA,AUS,1,3,Campeonato Asiatico 2013,False
2013-10-06,2013,JPN,CHN,1,3,Campeonato Asiatico 2013,False
2013-10-06,2013,IRI,KOR,3,0,Campeonato Asiatico 2013,False
2013-11-19,2013,ITA,RUS,3,1,Grand Champions Cup 2013,False
2013-11-19,2013,IRI,BRA,1,3,Grand Champions Cup 2013,False
2013-11-19,2013,USA,JPN,3,1,Grand Champions Cup 2013,False
2013-11-20,2013,ITA,IRI,2,3,Grand Champions Cup 2013,False
2013-11-20,2013,BRA,USA,3,0,Grand Champions Cup 2013,False
2013-11-20,2013,RUS,JPN,3,0,Grand Champions Cup 2013,False
2013-11-22,2013,USA,ITA,3,2,Grand Champions Cup 2013,False
2013-11-22,2013,IRI,RUS,0,3,Grand Champions Cup 2013,False
2013-11-22,2013,JPN,BRA,0,3,Grand Champions Cup 2013,False
2013-11-23,2013,IRI,USA,3,2,Grand Champions Cup 2013,False
2013-11-23,2013,RUS,BRA,3,2,Grand Champions Cup 2013,False
2013-11-23,2013,ITA,JPN,3,0,Grand Champions Cup 2013,False
2013-11-24,2013,BRA,ITA,3,2,Grand Champions Cup 2013,False
2013-11-24,2013,USA,RUS,0,3,Grand Champions Cup 2013,False
2013-11-24,2013,JPN,IRI,0,3,Grand Champions Cup 2013,False
2014-05-23,2014,BRA,ITA,1,3,Liga Mundial 2014,False
2014-05-23,2014,BUL,USA,2,3,Liga Mundial 2014,False
2014-05-23,2014,BEL,AUS,3,0,Liga Mundial 2014,False
2014-05-23,2014,GER,JPN,3,0,Liga Mundial 2014,False
2014-05-24,2014,BRA,ITA,1,3,Liga Mundial 2014,False
2014-05-24,2014,BUL,USA,1,3,Liga Mundial 2014,False
2014-05-24,2014,GER,JPN,3,2,Liga Mundial 2014,False
2014-05-24,2014,ARG,FRA,2,3,Liga Mundial 2014,False
2014-05-25,2014,BEL,AUS,3,1,Liga Mundial 2014,False
2014-05-25,2014,ARG,FRA,0,3,Liga Mundial 2014,False
2014-05-29,2014,BRA,POL,3,0,Liga Mundial 2014,False
2014-05-30,2014,BRA,POL,0,3,Liga Mundial 2014,False
2014-05-30,2014,ITA,IRI,3,0,Liga Mundial 2014,False
2014-05-30,2014,SRB,RUS,3,2,Liga Mundial 2014,False
2014-05-31,2014,SRB,RUS,3,1,Liga Mundial 2014,False
2014-05-31,2014,CAN,FIN,3,0,Liga Mundial 2014,False
2014-05-31,2014,FRA,JPN,3,0,Liga Mundial 2014,False
2014-05-31,2014,ARG,GER,3,0,Liga Mundial 2014,False
2014-05-31,2014,NED,KOR,3,0,Liga Mundial 2014,False
2014-05-31,2014,POR,CZE,3,1,Liga Mundial 2014,False
2014-06-01,2014,ITA,IRI,3,0,Liga Mundial 2014,False
2014-06-01,2014,CAN,FIN,3,2,Liga Mundial 2014,False
2014-06-01,2014,FRA,JPN,3,0,Liga Mundial 2014,False
2014-06-01,2014,ARG,GER,2,3,Liga Mundial 2014,False
2014-06-01,2014,NED,KOR,1,3,Liga Mundial 2014,False
2014-06-01,2014,POR,CZE,0,3,Liga Mundial 2014,False
2014-06-05,2014,AUT,MKD,1,3,Liga Europeia 2014,False
2014-06-05,2014,CZE,KOR,3,2,Liga Mundial 2014,False
2014-06-06,2014,POL,MNE,2,3,Liga Europeia 2014,False
2014-06-06,2014,ROU,GRE,0,3,Liga Europeia 2014,False
2014-06-06,2014,AUT,MKD,1,3,Liga Europeia 2014,False
2014-06-06,2014,BRA,IRI,3,2,Liga Mundial 2014,False
2014-06-06,2014,ITA,POL,3,1,Liga Mundial 2014,False
2014-06-06,2014,USA,RUS,3,2,Liga Mundial 2014,False
2014-06-06,2014,BEL,CAN,2,3,Liga Mundial 2014,False
2014-06-06,2014,ARG,JPN,3,1,Liga Mundial 2014,False
2014-06-06,2014,CZE,KOR,3,2,Liga Mundial 2014,False
2014-06-06,2014,TUR,CUB,1,3,Liga Mundial 2014,False
2014-06-06,2014,MEX,TUN,3,0,Liga Mundial 2014,False
2014-06-06,2014,SVK,ESP,3,1,Liga Mundial 2014,False
2014-06-06,2014,PUR,CHN,0,3,Liga Mundial 2014,False
2014-06-07,2014,ROU,GRE,3,2,Liga Europeia 2014,False
2014-06-07,2014,BRA,IRI,0,3,Liga Mundial 2014,False
2014-06-07,2014,BUL,SRB,0,3,Liga Mundial 2014,False
2014-06-07,2014,USA,RUS,3,0,Liga Mundial 2014,False
2014-06-07,2014,AUS,FIN,3,2,Liga Mundial 2014,False
2014-06-07,2014,GER,FRA,0,3,Liga Mundial 2014,False
2014-06-07,2014,NED,POR,3,2,Liga Mundial 2014,False
2014-06-07,2014,TUN,CUB,1,3,Liga Mundial 2014,False
2014-06-07,2014,MEX,TUR,3,2,Liga Mundial 2014,False
2014-06-07,2014,ESP,CHN,0,3,Liga Mundial 2014,False
2014-06-07,2014,PUR,SVK,3,2,Liga Mundial 2014,False
2014-06-08,2014,POL,MNE,1,3,Liga Europeia 2014,False
2014-06-08,2014,ITA,POL,3,1,Liga Mundial 2014,False
2014-06-08,2014,BUL,SRB,2,3,Liga Mundial 2014,False
2014-06-08,2014,AUS,FIN,2,3,Liga Mundial 2014,False
2014-06-08,2014,BEL,CAN,3,1,Liga Mundial 2014,False
2014-06-08,2014,GER,FRA,1,3,Liga Mundial 2014,False
2014-06-08,2014,ARG,JPN,3,0,Liga Mundial 2014,False
2014-06-08,2014,NED,POR,2,3,Liga Mundial 2014,False
2014-06-08,2014,TUR,TUN,3,1,Liga Mundial 2014,False
2014-06-08,2014,MEX,CUB,0,3,Liga Mundial 2014,False
2014-06-08,2014,CHN,SVK,3,1,Liga Mundial 2014,False
2014-06-08,2014,PUR,ESP,2,3,Liga Mundial 2014,False
2014-06-10,2014,DEN,SLO,0,3,Liga Europeia 2014,False
2014-06-11,2014,DEN,SLO,0,3,Liga Europeia 2014,False
2014-06-13,2014,GRE,POL,3,1,Liga Europeia 2014,False
2014-06-13,2014,MKD,DEN,3,2,Liga Europeia 2014,False
2014-06-13,2014,IRI,BRA,3,2,Liga Mundial 2014,False
2014-06-13,2014,POL,ITA,3,2,Liga Mundial 2014,False
2014-06-13,2014,USA,SRB,3,0,Liga Mundial 2014,False
2014-06-13,2014,CAN,BEL,3,0,Liga Mundial 2014,False
2014-06-13,2014,FRA,GER,1,3,Liga Mundial 2014,False
2014-06-13,2014,CZE,NED,2,3,Liga Mundial 2014,False
2014-06-13,2014,TUN,TUR,1,3,Liga Mundial 2014,False
2014-06-13,2014,MEX,CUB,0,3,Liga Mundial 2014,False
2014-06-13,2014,SVK,PUR,3,1,Liga Mundial 2014,False
2014-06-13,2014,CHN,ESP,3,2,Liga Mundial 2014,False
2014-06-14,2014,AZE,ROU,1,3,Liga Europeia 2014,False
2014-06-14,2014,MKD,DEN,3,0,Liga Europeia 2014,False
2014-06-14,2014,TUR,AUT,3,1,Liga Europeia 2014,False
2014-06-14,2014,RUS,BUL,3,0,Liga Mundial 2014,False
2014-06-14,2014,USA,SRB,3,2,Liga Mundial 2014,False
2014-06-14,2014,FIN,AUS,1,3,Liga Mundial 2014,False
2014-06-14,2014,CAN,BEL,1,3,Liga Mundial 2014,False
2014-06-14,2014,JPN,ARG,0,3,Liga Mundial 2014,False
2014-06-14,2014,KOR,POR,1,3,Liga Mundial 2014,False
2014-06-14,2014,CZE,NED,1,3,Liga Mundial 2014,False
2014-06-14,2014,TUN,CUB,0,3,Liga Mundial 2014,False
2014-06-14,2014,MEX,TUR,0,3,Liga Mundial 2014,False
2014-06-14,2014,CHN,SVK,0,3,Liga Mundial 2014,False
2014-06-14,2014,ESP,PUR,2,3,Liga Mundial 2014,False
2014-06-15,2014,AZE,ROU,1,3,Liga Europeia 2014,False
2014-06-15,2014,GRE,POL,1,3,Liga Europeia 2014,False
2014-06-15,2014,TUR,AUT,0,3,Liga Europeia 2014,False
2014-06-15,2014,IRI,BRA,2,3,Liga Mundial 2014,False
2014-06-15,2014,POL,ITA,3,1,Liga Mundial 2014,False
2014-06-15,2014,RUS,BUL,3,0,Liga Mundial 2014,False
2014-06-15,2014,FIN,AUS,3,1,Liga Mundial 2014,False
2014-06-15,2014,JPN,ARG,1,3,Liga Mundial 2014,False
2014-06-15,2014,FRA,GER,3,0,Liga Mundial 2014,False
2014-06-15,2014,KOR,POR,0,3,Liga Mundial 2014,False
2014-06-15,2014,TUR,CUB,3,1,Liga Mundial 2014,False
2014-06-15,2014,TUN,MEX,3,2,Liga Mundial 2014,False
2014-06-15,2014,ESP,SVK,3,2,Liga Mundial 2014,False
2014-06-15,2014,PUR,CHN,0,3,Liga Mundial 2014,False
2014-06-19,2014,AUT,SLO,0,3,Liga Europeia 2014,False
2014-06-20,2014,ROU,MNE,3,1,Liga Europeia 2014,False
2014-06-20,2014,GRE,AZE,3,2,Liga Europeia 2014,False
2014-06-20,2014,AUT,SLO,0,3,Liga Europeia 2014,False
2014-06-20,2014,IRI,ITA,3,0,Liga Mundial 2014,False
2014-06-20,2014,POL,BRA,3,1,Liga Mundial 2014,False
2014-06-20,2014,RUS,SRB,3,0,Liga Mundial 2014,False
2014-06-20,2014,USA,BUL,3,1,Liga Mundial 2014,False
2014-06-20,2014,BEL,FIN,3,1,Liga Mundial 2014,False
2014-06-20,2014,CAN,AUS,2,3,Liga Mundial 2014,False
2014-06-20,2014,GER,ARG,0,3,Liga Mundial 2014,False
2014-06-21,2014,ROU,MNE,1,3,Liga Europeia 2014,False
2014-06-21,2014,GRE,AZE,3,1,Liga Europeia 2014,False
2014-06-21,2014,MKD,TUR,3,1,Liga Europeia 2014,False
2014-06-21,2014,RUS,SRB,3,0,Liga Mundial 2014,False
2014-06-21,2014,USA,BUL,2,3,Liga Mundial 2014,False
2014-06-21,2014,CAN,AUS,3,1,Liga Mundial 2014,False
2014-06-21,2014,JPN,FRA,0,3,Liga Mundial 2014,False
2014-06-21,2014,GER,ARG,0,3,Liga Mundial 2014,False
2014-06-21,2014,KOR,CZE,2,3,Liga Mundial 2014,False
2014-06-21,2014,POR,NED,0,3,Liga Mundial 2014,False
2014-06-22,2014,MKD,TUR,3,0,Liga Europeia 2014,False
2014-06-22,2014,IRI,ITA,3,1,Liga Mundial 2014,False
2014-06-22,2014,POL,BRA,0,3,Liga Mundial 2014,False
2014-06-22,2014,BEL,FIN,2,3,Liga Mundial 2014,False
2014-06-22,2014,JPN,FRA,1,3,Liga Mundial 2014,False
2014-06-22,2014,KOR,CZE,3,0,Liga Mundial 2014,False
2014-06-22,2014,POR,NED,3,1,Liga Mundial 2014,False
2014-06-27,2014,SLO,TUR,3,0,Liga Europeia 2014,False
2014-06-27,2014,IRI,POL,3,1,Liga Mundial 2014,False
2014-06-27,2014,RUS,USA,2,3,Liga Mundial 2014,False
2014-06-27,2014,SRB,BUL,3,0,Liga Mundial 2014,False
2014-06-27,2014,AUS,BEL,1,3,Liga Mundial 2014,False
2014-06-27,2014,FIN,CAN,3,0,Liga Mundial 2014,False
2014-06-27,2014,FRA,ARG,2,3,Liga Mundial 2014,False
2014-06-27,2014,CZE,POR,3,2,Liga Mundial 2014,False
2014-06-28,2014,POL,ROU,2,3,Liga Europeia 2014,False
2014-06-28,2014,MNE,AZE,3,0,Liga Europeia 2014,False
2014-06-28,2014,SLO,TUR,3,0,Liga Europeia 2014,False
2014-06-28,2014,DEN,AUT,1,3,Liga Europeia 2014,False
2014-06-28,2014,RUS,USA,3,0,Liga Mundial 2014,False
2014-06-28,2014,AUS,BEL,0,3,Liga Mundial 2014,False
2014-06-28,2014,FIN,CAN,0,3,Liga Mundial 2014,False
2014-06-28,2014,JPN,GER,0,3,Liga Mundial 2014,False
2014-06-28,2014,KOR,NED,2,3,Liga Mundial 2014,False
2014-06-28,2014,CZE,POR,3,1,Liga Mundial 2014,False
2014-06-28,2014,CUB,CHN,3,2,Liga Mundial 2014,False
2014-06-28,2014,TUR,SVK,3,0,Liga Mundial 2014,False
2014-06-29,2014,POL,ROU,3,1,Liga Europeia 2014,False
2014-06-29,2014,MNE,AZE,3,0,Liga Europeia 2014,False
2014-06-29,2014,DEN,AUT,0,3,Liga Europeia 2014,False
2014-06-29,2014,IRI,POL,3,0,Liga Mundial 2014,False
2014-06-29,2014,SRB,BUL,3,0,Liga Mundial 2014,False
2014-06-29,2014,JPN,GER,3,2,Liga Mundial 2014,False
2014-06-29,2014,FRA,ARG,3,1,Liga Mundial 2014,False
2014-06-29,2014,KOR,NED,2,3,Liga Mundial 2014,False
2014-06-29,2014,CHN,SVK,3,1,Liga Mundial 2014,False
2014-06-29,2014,TUR,CUB,2,3,Liga Mundial 2014,False
2014-07-03,2014,ITA,BRA,1,3,Liga Mundial 2014,False
2014-07-04,2014,AZE,POL,2,3,Liga Europeia 2014,False
2014-07-04,2014,POL,IRI,3,1,Liga Mundial 2014,False
2014-07-04,2014,SRB,USA,3,0,Liga Mundial 2014,False
2014-07-04,2014,FIN,BEL,3,2,Liga Mundial 2014,False
2014-07-05,2014,AZE,POL,0,3,Liga Europeia 2014,False
2014-07-05,2014,MNE,GRE,3,0,Liga Europeia 2014,False
2014-07-05,2014,TUR,DEN,3,0,Liga Europeia 2014,False
2014-07-05,2014,SLO,MKD,3,1,Liga Europeia 2014,False
2014-07-05,2014,POL,IRI,3,0,Liga Mundial 2014,False
2014-07-05,2014,BUL,RUS,1,3,Liga Mundial 2014,False
2014-07-05,2014,AUS,CAN,3,2,Liga Mundial 2014,False
2014-07-05,2014,FIN,BEL,3,2,Liga Mundial 2014,False
2014-07-05,2014,NED,CZE,3,1,Liga Mundial 2014,False
2014-07-05,2014,POR,KOR,3,0,Liga Mundial 2014,False
2014-07-06,2014,MNE,GRE,1,3,Liga Europeia 2014,False
2014-07-06,2014,TUR,DEN,3,0,Liga Europeia 2014,False
2014-07-06,2014,SLO,MKD,1,3,Liga Europeia 2014,False
2014-07-06,2014,ITA,BRA,1,3,Liga Mundial 2014,False
2014-07-06,2014,BUL,RUS,0,3,Liga Mundial 2014,False
2014-07-06,2014,SRB,USA,1,3,Liga Mundial 2014,False
2014-07-06,2014,AUS,CAN,3,1,Liga Mundial 2014,False
2014-07-06,2014,NED,CZE,3,0,Liga Mundial 2014,False
2014-07-06,2014,POR,KOR,1,3,Liga Mundial 2014,False
2014-07-10,2014,MKD,MNE,3,1,Liga Europeia 2014,False
2014-07-11,2014,BEL,FRA,0,3,Liga Mundial 2014,False
2014-07-11,2014,AUS,NED,3,0,Liga Mundial 2014,False
2014-07-12,2014,GRE,SLO,2,3,Liga Europeia 2014,False
2014-07-12,2014,BEL,NED,3,0,Liga Mundial 2014,False
2014-07-12,2014,FRA,AUS,2,3,Liga Mundial 2014,False
2014-07-16,2014,MNE,MKD,3,1,Liga Europeia 2014,False
2014-07-16,2014,SLO,GRE,1,3,Liga Europeia 2014,False
2014-07-16,2014,ITA,USA,3,0,Liga Mundial 2014,False
2014-07-16,2014,IRI,RUS,2,3,Liga Mundial 2014,False
2014-07-17,2014,USA,AUS,3,1,Liga Mundial 2014,False
2014-07-17,2014,RUS,BRA,1,3,Liga Mundial 2014,False
2014-07-18,2014,AUS,ITA,0,3,Liga Mundial 2014,False
2014-07-18,2014,BRA,IRI,1,3,Liga Mundial 2014,False
2014-07-19,2014,IRI,USA,0,3,Liga Mundial 2014,False
2014-07-19,2014,ITA,BRA,0,3,Liga Mundial 2014,False
2014-07-20,2014,IRI,ITA,0,3,Liga Mundial 2014,False
2014-07-20,2014,USA,BRA,3,1,Liga Mundial 2014,False
2014-07-23,2014,GRE,MNE,2,3,Liga Europeia 2014,False
2014-07-26,2014,MNE,GRE,3,1,Liga Europeia 2014,False
2014-08-11,2014,MEX,COL,3,0,Copa Pan-Americana 2014,False
2014-08-11,2014,CUB,PUR,3,2,Copa Pan-Americana 2014,False
2014-08-11,2014,CAN,VEN,1,3,Copa Pan-Americana 2014,False
2014-08-12,2014,COL,USA,0,3,Copa Pan-Americana 2014,False
2014-08-12,2014,PUR,DOM,3,0,Copa Pan-Americana 2014,False
2014-08-12,2014,VEN,ARG,0,3,Copa Pan-Americana 2014,False
2014-08-13,2014,MEX,USA,0,3,Copa Pan-Americana 2014,False
2014-08-13,2014,DOM,CUB,0,3,Copa Pan-Americana 2014,False
2014-08-13,2014,ARG,CAN,3,2,Copa Pan-Americana 2014,False
2014-08-14,2014,DOM,COL,3,1,Copa Pan-Americana 2014,False
2014-08-14,2014,CUB,VEN,3,2,Copa Pan-Americana 2014,False
2014-08-14,2014,PUR,MEX,3,1,Copa Pan-Americana 2014,False
2014-08-15,2014,CAN,DOM,3,2,Copa Pan-Americana 2014,False
2014-08-15,2014,ARG,CUB,2,3,Copa Pan-Americana 2014,False
2014-08-15,2014,USA,PUR,3,0,Copa Pan-Americana 2014,False
2014-08-16,2014,MEX,VEN,1,3,Copa Pan-Americana 2014,False
2014-08-16,2014,ARG,PUR,3,2,Copa Pan-Americana 2014,False
2014-08-16,2014,CUB,USA,3,0,Copa Pan-Americana 2014,False
2015-05-16,2015,CAN,CUB,3,0,Liga Mundial 2015,False
2015-05-16,2015,POR,NED,1,3,Liga Mundial 2015,False
2015-05-17,2015,CAN,CUB,3,0,Liga Mundial 2015,False
2015-05-17,2015,POR,NED,2,3,Liga Mundial 2015,False
2015-05-21,2015,CAN,CUB,3,0,Campeonato NORCECA 2015,False
2015-05-21,2015,USA,MEX,3,0,Campeonato NORCECA 2015,False
2015-05-22,2015,MEX,CAN,0,3,Campeonato NORCECA 2015,False
2015-05-23,2015,CUB,MEX,3,0,Campeonato NORCECA 2015,False
2015-05-23,2015,USA,CAN,2,3,Campeonato NORCECA 2015,False
2015-05-23,2015,FIN,BEL,2,3,Liga Mundial 2015,False
2015-05-24,2015,FIN,BEL,2,3,Liga Mundial 2015,False
2015-05-28,2015,POL,RUS,3,0,Liga Mundial 2015,False
2015-05-29,2015,BRA,SRB,3,2,Liga Mundial 2015,False
2015-05-29,2015,AUS,ITA,1,3,Liga Mundial 2015,False
2015-05-29,2015,POL,RUS,3,2,Liga Mundial 2015,False
2015-05-29,2015,ARG,CUB,3,0,Liga Mundial 2015,False
2015-05-30,2015,AUS,ITA,1,3,Liga Mundial 2015,False
2015-05-30,2015,USA,IRI,3,1,Liga Mundial 2015,False
2015-05-30,2015,BUL,CAN,1,3,Liga Mundial 2015,False
2015-05-30,2015,ARG,CUB,2,3,Liga Mundial 2015,False
2015-05-30,2015,KOR,FRA,1,3,Liga Mundial 2015,False
2015-05-30,2015,JPN,CZE,3,1,Liga Mundial 2015,False
2015-05-30,2015,BEL,FIN,3,1,Liga Mundial 2015,False
2015-05-31,2015,BRA,SRB,3,1,Liga Mundial 2015,False
2015-05-31,2015,USA,IRI,3,1,Liga Mundial 2015,False
2015-05-31,2015,BUL,CAN,3,2,Liga Mundial 2015,False
2015-05-31,2015,KOR,FRA,0,3,Liga Mundial 2015,False
2015-05-31,2015,JPN,CZE,2,3,Liga Mundial 2015,False
2015-05-31,2015,BEL,FIN,3,1,Liga Mundial 2015,False
2015-06-05,2015,BRA,AUS,3,1,Liga Mundial 2015,False
2015-06-05,2015,ITA,SRB,1,3,Liga Mundial 2015,False
2015-06-05,2015,USA,RUS,3,1,Liga Mundial 2015,False
2015-06-05,2015,POL,IRI,3,1,Liga Mundial 2015,False
2015-06-05,2015,CAN,ARG,3,0,Liga Mundial 2015,False
2015-06-05,2015,CUB,BUL,1,3,Liga Mundial 2015,False
2015-06-05,2015,FIN,POR,3,0,Liga Mundial 2015,False
2015-06-06,2015,USA,RUS,3,0,Liga Mundial 2015,False
2015-06-06,2015,POL,IRI,3,2,Liga Mundial 2015,False
2015-06-06,2015,CAN,ARG,2,3,Liga Mundial 2015,False
2015-06-06,2015,CUB,BUL,1,3,Liga Mundial 2015,False
2015-06-06,2015,KOR,CZE,2,3,Liga Mundial 2015,False
2015-06-06,2015,JPN,FRA,0,3,Liga Mundial 2015,False
2015-06-06,2015,NED,BEL,3,2,Liga Mundial 2015,False
2015-06-06,2015,FIN,POR,3,1,Liga Mundial 2015,False
2015-06-07,2015,BRA,AUS,3,0,Liga Mundial 2015,False
2015-06-07,2015,ITA,SRB,3,2,Liga Mundial 2015,False
2015-06-07,2015,KOR,CZE,3,1,Liga Mundial 2015,False
2015-06-07,2015,JPN,FRA,0,3,Liga Mundial 2015,False
2015-06-07,2015,NED,BEL,0,3,Liga Mundial 2015,False
2015-06-12,2015,SRB,BRA,3,2,Liga Mundial 2015,False
2015-06-12,2015,ITA,AUS,0,3,Liga Mundial 2015,False
2015-06-12,2015,USA,POL,3,2,Liga Mundial 2015,False
2015-06-12,2015,CAN,BUL,2,3,Liga Mundial 2015,False
2015-06-12,2015,CUB,ARG,3,1,Liga Mundial 2015,False
2015-06-12,2015,FRA,CZE,3,0,Liga Mundial 2015,False
2015-06-12,2015,PUR,TUR,2,3,Liga Mundial 2015,False
2015-06-12,2015,MNE,TUN,3,0,Liga Mundial 2015,False
2015-06-12,2015,SVK,CHN,2,3,Liga Mundial 2015,False
2015-06-12,2015,MEX,GRE,2,3,Liga Mundial 2015,False
2015-06-12,2015,ESP,EGY,3,2,Liga Mundial 2015,False
2015-06-12,2015,KAZ,VEN,3,2,Liga Mundial 2015,False
2015-06-13,2015,RUS,IRI,1,3,Liga Mundial 2015,False
2015-06-13,2015,USA,POL,3,1,Liga Mundial 2015,False
2015-06-13,2015,CAN,BUL,3,1,Liga Mundial 2015,False
2015-06-13,2015,CUB,ARG,0,3,Liga Mundial 2015,False
2015-06-13,2015,KOR,JPN,1,3,Liga Mundial 2015,False
2015-06-13,2015,NED,FIN,3,0,Liga Mundial 2015,False
2015-06-13,2015,BEL,POR,3,0,Liga Mundial 2015,False
2015-06-13,2015,TUR,TUN,3,0,Liga Mundial 2015,False
2015-06-13,2015,MNE,PUR,3,0,Liga Mundial 2015,False
2015-06-13,2015,CHN,GRE,3,2,Liga Mundial 2015,False
2015-06-13,2015,MEX,SVK,0,3,Liga Mundial 2015,False
2015-06-13,2015,ESP,VEN,3,1,Liga Mundial 2015,False
2015-06-13,2015,KAZ,EGY,0,3,Liga Mundial 2015,False
2015-06-14,2015,SRB,BRA,2,3,Liga Mundial 2015,False
2015-06-14,2015,ITA,AUS,3,0,Liga Mundial 2015,False
2015-06-14,2015,RUS,IRI,0,3,Liga Mundial 2015,False
2015-06-14,2015,KOR,JPN,3,0,Liga Mundial 2015,False
2015-06-14,2015,FRA,CZE,3,0,Liga Mundial 2015,False
2015-06-14,2015,NED,FIN,3,1,Liga Mundial 2015,False
2015-06-14,2015,BEL,POR,3,2,Liga Mundial 2015,False
2015-06-14,2015,TUN,PUR,3,1,Liga Mundial 2015,False
2015-06-14,2015,MNE,TUR,3,1,Liga Mundial 2015,False
2015-06-14,2015,SVK,GRE,2,3,Liga Mundial 2015,False
2015-06-14,2015,MEX,CHN,0,3,Liga Mundial 2015,False
2015-06-14,2015,VEN,EGY,0,3,Liga Mundial 2015,False
2015-06-14,2015,KAZ,ESP,1,3,Liga Mundial 2015,False
2015-06-18,2015,SRB,AUS,3,0,Liga Mundial 2015,False
2015-06-19,2015,ITA,BRA,3,2,Liga Mundial 2015,False
2015-06-19,2015,RUS,POL,1,3,Liga Mundial 2015,False
2015-06-19,2015,IRI,USA,3,0,Liga Mundial 2015,False
2015-06-19,2015,CUB,CAN,1,3,Liga Mundial 2015,False
2015-06-19,2015,CZE,FRA,0,3,Liga Mundial 2015,False
2015-06-19,2015,NED,POR,3,0,Liga Mundial 2015,False
2015-06-19,2015,MNE,TUN,3,0,Liga Mundial 2015,False
2015-06-19,2015,TUR,PUR,3,0,Liga Mundial 2015,False
2015-06-19,2015,SVK,CHN,2,3,Liga Mundial 2015,False
2015-06-19,2015,GRE,MEX,3,0,Liga Mundial 2015,False
2015-06-19,2015,ESP,VEN,3,0,Liga Mundial 2015,False
2015-06-19,2015,EGY,KAZ,3,1,Liga Mundial 2015,False
2015-06-20,2015,SRB,AUS,3,0,Liga Mundial 2015,False
2015-06-20,2015,RUS,POL,2,3,Liga Mundial 2015,False
2015-06-20,2015,ARG,BUL,2,3,Liga Mundial 2015,False
2015-06-20,2015,CUB,CAN,3,2,Liga Mundial 2015,False
2015-06-20,2015,JPN,KOR,3,0,Liga Mundial 2015,False
2015-06-20,2015,CZE,FRA,1,3,Liga Mundial 2015,False
2015-06-20,2015,NED,POR,2,3,Liga Mundial 2015,False
2015-06-20,2015,PUR,MNE,1,3,Liga Mundial 2015,False
2015-06-20,2015,TUR,TUN,3,1,Liga Mundial 2015,False
2015-06-20,2015,CHN,MEX,3,1,Liga Mundial 2015,False
2015-06-20,2015,SVK,GRE,2,3,Liga Mundial 2015,False
2015-06-20,2015,ESP,KAZ,3,0,Liga Mundial 2015,False
2015-06-20,2015,EGY,VEN,3,0,Liga Mundial 2015,False
2015-06-21,2015,ITA,BRA,0,3,Liga Mundial 2015,False
2015-06-21,2015,IRI,USA,3,0,Liga Mundial 2015,False
2015-06-21,2015,ARG,BUL,3,0,Liga Mundial 2015,False
2015-06-21,2015,JPN,KOR,3,0,Liga Mundial 2015,False
2015-06-21,2015,TUN,PUR,1,3,Liga Mundial 2015,False
2015-06-21,2015,TUR,MNE,3,2,Liga Mundial 2015,False
2015-06-21,2015,MEX,SVK,1,3,Liga Mundial 2015,False
2015-06-21,2015,CHN,GRE,3,2,Liga Mundial 2015,False
2015-06-21,2015,KAZ,VEN,2,3,Liga Mundial 2015,False
2015-06-21,2015,EGY,ESP,3,1,Liga Mundial 2015,False
2015-06-25,2015,FRA,JPN,3,0,Liga Mundial 2015,False
2015-06-26,2015,SRB,ITA,3,1,Liga Mundial 2015,False
2015-06-26,2015,RUS,USA,0,3,Liga Mundial 2015,False
2015-06-26,2015,IRI,POL,3,2,Liga Mundial 2015,False
2015-06-26,2015,ARG,CAN,3,1,Liga Mundial 2015,False
2015-06-26,2015,CZE,KOR,3,2,Liga Mundial 2015,False
2015-06-26,2015,FIN,NED,0,3,Liga Mundial 2015,False
2015-06-27,2015,AUS,BRA,1,3,Liga Mundial 2015,False
2015-06-27,2015,RUS,USA,1,3,Liga Mundial 2015,False
2015-06-27,2015,ARG,CAN,3,2,Liga Mundial 2015,False
2015-06-27,2015,BUL,CUB,3,0,Liga Mundial 2015,False
2015-06-27,2015,CZE,KOR,3,1,Liga Mundial 2015,False
2015-06-27,2015,FRA,JPN,3,2,Liga Mundial 2015,False
2015-06-27,2015,POR,BEL,1,3,Liga Mundial 2015,False
2015-06-27,2015,FIN,NED,2,3,Liga Mundial 2015,False
2015-06-28,2015,AUS,BRA,0,3,Liga Mundial 2015,False
2015-06-28,2015,SRB,ITA,3,2,Liga Mundial 2015,False
2015-06-28,2015,IRI,POL,1,3,Liga Mundial 2015,False
2015-06-28,2015,BUL,CUB,3,1,Liga Mundial 2015,False
2015-06-28,2015,POR,BEL,0,3,Liga Mundial 2015,False
2015-07-02,2015,BRA,ITA,3,0,Liga Mundial 2015,False
2015-07-02,2015,FRA,KOR,3,0,Liga Mundial 2015,False
2015-07-03,2015,AUT,ISR,3,0,Liga Europeia 2015,False
2015-07-03,2015,BRA,ITA,2,3,Liga Mundial 2015,False
2015-07-03,2015,IRI,RUS,3,0,Liga Mundial 2015,False
2015-07-03,2015,POL,USA,3,2,Liga Mundial 2015,False
2015-07-03,2015,CZE,JPN,0,3,Liga Mundial 2015,False
2015-07-03,2015,BEL,NED,3,2,Liga Mundial 2015,False
2015-07-04,2015,DEN,POL,0,3,Liga Europeia 2015,False
2015-07-04,2015,AUT,ISR,3,1,Liga Europeia 2015,False
2015-07-04,2015,AUS,SRB,1,3,Liga Mundial 2015,False
2015-07-04,2015,IRI,RUS,1,3,Liga Mundial 2015,False
2015-07-04,2015,POL,USA,1,3,Liga Mundial 2015,False
2015-07-04,2015,BUL,ARG,3,0,Liga Mundial 2015,False
2015-07-04,2015,CZE,JPN,3,0,Liga Mundial 2015,False
2015-07-04,2015,FRA,KOR,3,1,Liga Mundial 2015,False
2015-07-04,2015,POR,FIN,2,3,Liga Mundial 2015,False
2015-07-04,2015,BEL,NED,0,3,Liga Mundial 2015,False
2015-07-04,2015,MNE,CHN,3,1,Liga Mundial 2015,False
2015-07-04,2015,SVK,EGY,1,3,Liga Mundial 2015,False
2015-07-05,2015,DEN,POL,0,3,Liga Europeia 2015,False
2015-07-05,2015,AUS,SRB,3,2,Liga Mundial 2015,False
2015-07-05,2015,BUL,ARG,1,3,Liga Mundial 2015,False
2015-07-05,2015,POR,FIN,1,3,Liga Mundial 2015,False
2015-07-05,2015,CHN,SVK,2,3,Liga Mundial 2015,False
2015-07-05,2015,MNE,EGY,2,3,Liga Mundial 2015,False
2015-07-10,2015,ISR,DEN,0,3,Liga Europeia 2015,False
2015-07-10,2015,POL,AUT,3,2,Liga Europeia 2015,False
2015-07-10,2015,EST,MKD,3,0,Liga Europeia 2015,False
2015-07-10,2015,GRE,ROU,3,0,Liga Europeia 2015,False
2015-07-10,2015,BUL,BEL,3,1,Liga Mundial 2015,False
2015-07-10,2015,FRA,ARG,3,0,Liga Mundial 2015,False
2015-07-11,2015,ISR,DEN,3,0,Liga Europeia 2015,False
2015-07-11,2015,POL,AUT,3,2,Liga Europeia 2015,False
2015-07-11,2015,EST,MKD,3,1,Liga Europeia 2015,False
2015-07-11,2015,TUR,SLO,0,3,Liga Europeia 2015,False
2015-07-11,2015,GRE,ROU,3,1,Liga Europeia 2015,False
2015-07-11,2015,CRO,BLR,3,1,Liga Europeia 2015,False
2015-07-11,2015,BEL,ARG,2,3,Liga Mundial 2015,False
2015-07-11,2015,BUL,FRA,0,3,Liga Mundial 2015,False
2015-07-12,2015,TUR,SLO,1,3,Liga Europeia 2015,False
2015-07-12,2015,CRO,BLR,1,3,Liga Europeia 2015,False
2015-07-15,2015,BRA,FRA,1,3,Liga Mundial 2015,False
2015-07-15,2015,SRB,ITA,2,3,Liga Mundial 2015,False
2015-07-16,2015,BRA,USA,3,1,Liga Mundial 2015,False
2015-07-16,2015,POL,ITA,3,1,Liga Mundial 2015,False
2015-07-17,2015,EST,POL,3,0,Liga Europeia 2015,False
2015-07-17,2015,ROU,BLR,3,0,Liga Europeia 2015,False
2015-07-17,2015,GRE,TUR,3,1,Liga Europeia 2015,False
2015-07-17,2015,USA,FRA,3,1,Liga Mundial 2015,False
2015-07-17,2015,SRB,POL,3,2,Liga Mundial 2015,False
2015-07-18,2015,EST,POL,3,1,Liga Europeia 2015,False
2015-07-18,2015,MKD,ISR,3,0,Liga Europeia 2015,False
2015-07-18,2015,ROU,BLR,3,1,Liga Europeia 2015,False
2015-07-18,2015,GRE,TUR,3,1,Liga Europeia 2015,False
2015-07-18,2015,SLO,CRO,3,0,Liga Europeia 2015,False
2015-07-18,2015,USA,SRB,2,3,Liga Mundial 2015,False
2015-07-18,2015,FRA,POL,3,2,Liga Mundial 2015,False
2015-07-19,2015,MKD,ISR,3,0,Liga Europeia 2015,False
2015-07-19,2015,SLO,CRO,3,0,Liga Europeia 2015,False
2015-07-19,2015,USA,POL,3,0,Liga Mundial 2015,False
2015-07-19,2015,SRB,FRA,0,3,Liga Mundial 2015,False
2015-07-22,2015,EGY,KEN,3,0,Campeonato Africano 2015,False
2015-07-22,2015,CMR,MRI,3,0,Campeonato Africano 2015,False
2015-07-22,2015,MAR,RWA,3,0,Campeonato Africano 2015,False
2015-07-23,2015,BOT,ALG,0,3,Campeonato Africano 2015,False
2015-07-23,2015,RWA,MRI,3,0,Campeonato Africano 2015,False
2015-07-23,2015,TUN,CMR,2,3,Campeonato Africano 2015,False
2015-07-24,2015,KEN,ALG,0,3,Campeonato Africano 2015,False
2015-07-24,2015,BOT,EGY,0,3,Campeonato Africano 2015,False
2015-07-24,2015,MRI,TUN,0,3,Campeonato Africano 2015,False
2015-07-24,2015,CMR,MAR,1,3,Campeonato Africano 2015,False
2015-07-24,2015,TUR,ROU,3,1,Liga Europeia 2015,False
2015-07-25,2015,KEN,BOT,3,0,Campeonato Africano 2015,False
2015-07-25,2015,ALG,EGY,2,3,Campeonato Africano 2015,False
2015-07-25,2015,RWA,TUN,0,3,Campeonato Africano 2015,False
2015-07-25,2015,MAR,MRI,3,0,Campeonato Africano 2015,False
2015-07-25,2015,MKD,DEN,2,3,Liga Europeia 2015,False
2015-07-25,2015,AUT,EST,1,3,Liga Europeia 2015,False
2015-07-25,2015,BLR,SLO,0,3,Liga Europeia 2015,False
2015-07-25,2015,TUR,ROU,3,0,Liga Europeia 2015,False
2015-07-25,2015,CRO,GRE,2,3,Liga Europeia 2015,False
2015-07-26,2015,CMR,RWA,3,0,Campeonato Africano 2015,False
2015-07-26,2015,TUN,MAR,3,1,Campeonato Africano 2015,False
2015-07-26,2015,AUT,EST,2,3,Liga Europeia 2015,False
2015-07-26,2015,MKD,DEN,3,1,Liga Europeia 2015,False
2015-07-26,2015,BLR,SLO,2,3,Liga Europeia 2015,False
2015-07-26,2015,CRO,GRE,1,3,Liga Europeia 2015,False
2015-07-28,2015,KEN,RWA,2,3,Campeonato Africano 2015,False
2015-07-28,2015,CMR,BOT,3,0,Campeonato Africano 2015,False
2015-07-28,2015,TUN,ALG,3,2,Campeonato Africano 2015,False
2015-07-28,2015,EGY,MAR,3,0,Campeonato Africano 2015,False
2015-07-29,2015,KEN,BOT,2,3,Campeonato Africano 2015,False
2015-07-29,2015,RWA,CMR,0,3,Campeonato Africano 2015,False
2015-07-30,2015,MAR,ALG,3,1,Campeonato Africano 2015,False
2015-07-30,2015,EGY,TUN,3,0,Campeonato Africano 2015,False
2015-07-30,2015,GRE,BLR,3,0,Liga Europeia 2015,False
2015-07-31,2015,TPE,KAZ,3,1,Campeonato Asiatico 2015,False
2015-07-31,2015,KUW,IRI,0,3,Campeonato Asiatico 2015,False
2015-07-31,2015,IND,TKM,3,0,Campeonato Asiatico 2015,False
2015-07-31,2015,QAT,AUS,3,1,Campeonato Asiatico 2015,False
2015-07-31,2015,OMA,KOR,0,3,Campeonato Asiatico 2015,False
2015-07-31,2015,PAK,THA,2,3,Campeonato Asiatico 2015,False
2015-07-31,2015,CHN,SRI,3,0,Campeonato Asiatico 2015,False
2015-07-31,2015,JPN,BRN,3,0,Campeonato Asiatico 2015,False
2015-07-31,2015,ISR,POL,2,3,Liga Europeia 2015,False
2015-07-31,2015,EST,DEN,3,0,Liga Europeia 2015,False
2015-07-31,2015,TUR,CRO,3,2,Liga Europeia 2015,False
2015-07-31,2015,ROU,SLO,0,3,Liga Europeia 2015,False
2015-07-31,2015,GRE,BLR,0,3,Liga Europeia 2015,False
2015-08-01,2015,TPE,KUW,3,0,Campeonato Asiatico 2015,False
2015-08-01,2015,KAZ,IRI,0,3,Campeonato Asiatico 2015,False
2015-08-01,2015,TKM,AUS,0,3,Campeonato Asiatico 2015,False
2015-08-01,2015,IND,QAT,0,3,Campeonato Asiatico 2015,False
2015-08-01,2015,OMA,PAK,0,3,Campeonato Asiatico 2015,False
2015-08-01,2015,KOR,THA,3,2,Campeonato Asiatico 2015,False
2015-08-01,2015,CHN,JPN,3,1,Campeonato Asiatico 2015,False
2015-08-01,2015,SRI,BRN,0,3,Campeonato Asiatico 2015,False
2015-08-01,2015,ISR,POL,0,3,Liga Europeia 2015,False
2015-08-01,2015,EST,DEN,3,1,Liga Europeia 2015,False
2015-08-01,2015,MKD,AUT,3,0,Liga Europeia 2015,False
2015-08-01,2015,ROU,SLO,0,3,Liga Europeia 2015,False
2015-08-01,2015,TUR,CRO,3,0,Liga Europeia 2015,False
2015-08-02,2015,KAZ,KUW,3,0,Campeonato Asiatico 2015,False
2015-08-02,2015,IRI,TPE,3,0,Campeonato Asiatico 2015,False
2015-08-02,2015,TKM,QAT,1,3,Campeonato Asiatico 2015,False
2015-08-02,2015,AUS,IND,3,0,Campeonato Asiatico 2015,False
2015-08-02,2015,KOR,PAK,3,0,Campeonato Asiatico 2015,False
2015-08-02,2015,THA,OMA,3,2,Campeonato Asiatico 2015,False
2015-08-02,2015,BRN,CHN,0,3,Campeonato Asiatico 2015,False
2015-08-02,2015,SRI,JPN,1,3,Campeonato Asiatico 2015,False
2015-08-02,2015,MKD,AUT,3,0,Liga Europeia 2015,False
2015-08-03,2015,KOR,TPE,3,0,Campeonato Asiatico 2015,False
2015-08-03,2015,IRI,THA,3,0,Campeonato Asiatico 2015,False
2015-08-03,2015,QAT,JPN,3,2,Campeonato Asiatico 2015,False
2015-08-03,2015,CHN,AUS,3,0,Campeonato Asiatico 2015,False
2015-08-03,2015,KAZ,OMA,3,1,Campeonato Asiatico 2015,False
2015-08-03,2015,PAK,KUW,3,2,Campeonato Asiatico 2015,False
2015-08-03,2015,IND,SRI,3,0,Campeonato Asiatico 2015,False
2015-08-03,2015,BRN,TKM,3,0,Campeonato Asiatico 2015,False
2015-08-04,2015,TPE,THA,3,0,Campeonato Asiatico 2015,False
2015-08-04,2015,IRI,KOR,1,3,Campeonato Asiatico 2015,False
2015-08-04,2015,AUS,JPN,3,1,Campeonato Asiatico 2015,False
2015-08-04,2015,QAT,CHN,2,3,Campeonato Asiatico 2015,False
2015-08-04,2015,KUW,OMA,3,1,Campeonato Asiatico 2015,False
2015-08-04,2015,KAZ,PAK,3,2,Campeonato Asiatico 2015,False
2015-08-04,2015,TKM,SRI,1,3,Campeonato Asiatico 2015,False
2015-08-04,2015,IND,BRN,2,3,Campeonato Asiatico 2015,False
2015-08-06,2015,KUW,TKM,3,1,Campeonato Asiatico 2015,False
2015-08-06,2015,SRI,OMA,3,1,Campeonato Asiatico 2015,False
2015-08-06,2015,KAZ,IND,3,1,Campeonato Asiatico 2015,False
2015-08-06,2015,BRN,PAK,2,3,Campeonato Asiatico 2015,False
2015-08-06,2015,KOR,JPN,2,3,Campeonato Asiatico 2015,False
2015-08-06,2015,CHN,THA,3,0,Campeonato Asiatico 2015,False
2015-08-06,2015,QAT,TPE,3,1,Campeonato Asiatico 2015,False
2015-08-06,2015,IRI,AUS,3,1,Campeonato Asiatico 2015,False
2015-08-07,2015,TKM,OMA,2,3,Campeonato Asiatico 2015,False
2015-08-07,2015,KUW,SRI,0,3,Campeonato Asiatico 2015,False
2015-08-07,2015,IND,BRN,3,2,Campeonato Asiatico 2015,False
2015-08-07,2015,KAZ,PAK,3,0,Campeonato Asiatico 2015,False
2015-08-07,2015,THA,AUS,0,3,Campeonato Asiatico 2015,False
2015-08-07,2015,KOR,TPE,1,3,Campeonato Asiatico 2015,False
2015-08-07,2015,JPN,QAT,3,1,Campeonato Asiatico 2015,False
2015-08-07,2015,CHN,IRI,2,3,Campeonato Asiatico 2015,False
2015-08-07,2015,EST,ISR,3,0,Liga Europeia 2015,False
2015-08-07,2015,POL,MKD,2,3,Liga Europeia 2015,False
2015-08-08,2015,THA,KOR,0,3,Campeonato Asiatico 2015,False
2015-08-08,2015,AUS,TPE,3,1,Campeonato Asiatico 2015,False
2015-08-08,2015,CHN,QAT,3,2,Campeonato Asiatico 2015,False
2015-08-08,2015,IRI,JPN,1,3,Campeonato Asiatico 2015,False
2015-08-08,2015,DEN,AUT,3,2,Liga Europeia 2015,False
2015-08-08,2015,EST,ISR,3,1,Liga Europeia 2015,False
2015-08-08,2015,POL,MKD,1,3,Liga Europeia 2015,False
2015-08-08,2015,BLR,TUR,2,3,Liga Europeia 2015,False
2015-08-08,2015,SLO,GRE,3,1,Liga Europeia 2015,False
2015-08-08,2015,CRO,ROU,3,2,Liga Europeia 2015,False
2015-08-09,2015,DEN,AUT,3,2,Liga Europeia 2015,False
2015-08-09,2015,SLO,GRE,3,1,Liga Europeia 2015,False
2015-08-09,2015,BLR,TUR,3,1,Liga Europeia 2015,False
2015-08-09,2015,CRO,ROU,3,0,Liga Europeia 2015,False
2015-08-12,2015,BRA,DOM,3,0,Copa Pan-Americana 2015,False
2015-08-12,2015,CAN,PUR,3,0,Copa Pan-Americana 2015,False
2015-08-12,2015,ARG,MEX,3,1,Copa Pan-Americana 2015,False
2015-08-12,2015,USA,VEN,1,3,Copa Pan-Americana 2015,False
2015-08-13,2015,POL,SLO,0,3,Liga Europeia 2015,False
2015-08-13,2015,EST,MKD,0,3,Liga Europeia 2015,False
2015-08-13,2015,CAN,DOM,3,2,Copa Pan-Americana 2015,False
2015-08-13,2015,PUR,BRA,0,3,Copa Pan-Americana 2015,False
2015-08-13,2015,VEN,ARG,0,3,Copa Pan-Americana 2015,False
2015-08-13,2015,USA,MEX,3,0,Copa Pan-Americana 2015,False
2015-08-14,2015,POL,EST,3,0,Liga Europeia 2015,False
2015-08-14,2015,SLO,MKD,3,0,Liga Europeia 2015,False
2015-08-14,2015,DOM,PUR,3,0,Copa Pan-Americana 2015,False
2015-08-14,2015,BRA,CAN,3,0,Copa Pan-Americana 2015,False
2015-08-14,2015,MEX,VEN,1,3,Copa Pan-Americana 2015,False
2015-08-14,2015,USA,ARG,1,3,Copa Pan-Americana 2015,False
2015-08-15,2015,VEN,DOM,3,0,Copa Pan-Americana 2015,False
2015-08-15,2015,CAN,USA,3,2,Copa Pan-Americana 2015,False
2015-08-16,2015,MEX,DOM,3,0,Copa Pan-Americana 2015,False
2015-08-16,2015,PUR,USA,2,3,Copa Pan-Americana 2015,False
2015-08-16,2015,ARG,CAN,3,1,Copa Pan-Americana 2015,False
2015-08-16,2015,BRA,VEN,3,0,Copa Pan-Americana 2015,False
2015-08-17,2015,DOM,PUR,2,3,Copa Pan-Americana 2015,False
2015-08-17,2015,MEX,USA,3,0,Copa Pan-Americana 2015,False
2015-08-17,2015,CAN,VEN,2,3,Copa Pan-Americana 2015,False
2015-08-17,2015,ARG,BRA,1,3,Copa Pan-Americana 2015,False
2015-09-30,2015,CHI,VEN,1,3,Campeonato Sul-Americano 2015,False
2015-09-30,2015,BRA,PER,3,0,Campeonato Sul-Americano 2015,False
2015-09-30,2015,COL,URU,3,0,Campeonato Sul-Americano 2015,False
2015-09-30,2015,ARG,GUY,3,0,Campeonato Sul-Americano 2015,False
2015-10-01,2015,VEN,PER,3,1,Campeonato Sul-Americano 2015,False
2015-10-01,2015,CHI,BRA,1,3,Campeonato Sul-Americano 2015,False
2015-10-01,2015,COL,GUY,3,0,Campeonato Sul-Americano 2015,False
2015-10-01,2015,URU,ARG,0,3,Campeonato Sul-Americano 2015,False
2015-10-02,2015,PER,CHI,0,3,Campeonato Sul-Americano 2015,False
2015-10-02,2015,BRA,VEN,3,0,Campeonato Sul-Americano 2015,False
2015-10-02,2015,GUY,URU,0,3,Campeonato Sul-Americano 2015,False
2015-10-02,2015,ARG,COL,3,1,Campeonato Sul-Americano 2015,False
2015-10-03,2015,GUY,PER,0,3,Campeonato Sul-Americano 2015,False
2015-10-03,2015,CHI,URU,3,1,Campeonato Sul-Americano 2015,False
2015-10-03,2015,ARG,VEN,3,1,Campeonato Sul-Americano 2015,False
2015-10-03,2015,BRA,COL,3,0,Campeonato Sul-Americano 2015,False
2015-10-04,2015,VEN,COL,0,3,Campeonato Sul-Americano 2015,False
2015-10-04,2015,ARG,BRA,0,3,Campeonato Sul-Americano 2015,False
2015-10-09,2015,CZE,NED,1,3,Campeonato Europeu 2015,False
2015-10-09,2015,BUL,GER,3,0,Campeonato Europeu 2015,False
2015-10-09,2015,CRO,FRA,0,3,Campeonato Europeu 2015,False
2015-10-09,2015,ITA,EST,3,0,Campeonato Europeu 2015,False
2015-10-09,2015,SLO,BLR,3,0,Campeonato Europeu 2015,False
2015-10-09,2015,POL,BEL,3,0,Campeonato Europeu 2015,False
2015-10-09,2015,SVK,SRB,2,3,Campeonato Europeu 2015,False
2015-10-09,2015,RUS,FIN,3,0,Campeonato Europeu 2015,False
2015-10-10,2015,NED,GER,3,2,Campeonato Europeu 2015,False
2015-10-10,2015,CZE,BUL,2,3,Campeonato Europeu 2015,False
2015-10-10,2015,FRA,EST,3,1,Campeonato Europeu 2015,False
2015-10-10,2015,CRO,ITA,0,3,Campeonato Europeu 2015,False
2015-10-10,2015,BLR,BEL,0,3,Campeonato Europeu 2015,False
2015-10-10,2015,SLO,POL,1,3,Campeonato Europeu 2015,False
2015-10-10,2015,SRB,FIN,3,0,Campeonato Europeu 2015,False
2015-10-10,2015,SVK,RUS,0,3,Campeonato Europeu 2015,False
2015-10-11,2015,GER,CZE,3,0,Campeonato Europeu 2015,False
2015-10-11,2015,NED,BUL,2,3,Campeonato Europeu 2015,False
2015-10-11,2015,EST,CRO,3,0,Campeonato Europeu 2015,False
2015-10-11,2015,FRA,ITA,3,2,Campeonato Europeu 2015,False
2015-10-11,2015,BEL,SLO,3,1,Campeonato Europeu 2015,False
2015-10-11,2015,BLR,POL,0,3,Campeonato Europeu 2015,False
2015-10-11,2015,FIN,SVK,3,0,Campeonato Europeu 2015,False
2015-10-11,2015,SRB,RUS,1,3,Campeonato Europeu 2015,False
2015-10-13,2015,NED,SLO,0,3,Campeonato Europeu 2015,False
2015-10-13,2015,SRB,EST,3,2,Campeonato Europeu 2015,False
2015-10-13,2015,BEL,GER,0,3,Campeonato Europeu 2015,False
2015-10-13,2015,ITA,FIN,3,0,Campeonato Europeu 2015,False
2015-10-14,2015,POL,SLO,2,3,Campeonato Europeu 2015,False
2015-10-14,2015,FRA,SRB,3,1,Campeonato Europeu 2015,False
2015-10-14,2015,BUL,GER,3,0,Campeonato Europeu 2015,False
2015-10-14,2015,RUS,ITA,0,3,Campeonato Europeu 2015,False
2015-10-17,2015,SLO,ITA,3,1,Campeonato Europeu 2015,False
2015-10-17,2015,BUL,FRA,2,3,Campeonato Europeu 2015,False
2015-10-18,2015,BUL,ITA,1,3,Campeonato Europeu 2015,False
2015-10-18,2015,FRA,SLO,3,0,Campeonato Europeu 2015,False
2016-01-08,2016,CAN,MEX,3,0,Campeonato NORCECA 2016,False
2016-01-08,2016,CUB,PUR,3,0,Campeonato NORCECA 2016,False
2016-01-09,2016,CAN,PUR,3,0,Campeonato NORCECA 2016,False
2016-01-09,2016,MEX,CUB,0,3,Campeonato NORCECA 2016,False
2016-01-10,2016,PUR,MEX,2,3,Campeonato NORCECA 2016,False
2016-01-10,2016,CAN,CUB,0,3,Campeonato NORCECA 2016,False
2016-05-21,2016,USA,CHI,3,1,Copa Pan-Americana 2016,False
2016-05-21,2016,CRC,CAN,0,3,Copa Pan-Americana 2016,False
2016-05-21,2016,ARG,COL,3,0,Copa Pan-Americana 2016,False
2016-05-21,2016,MEX,HON,3,0,Copa Pan-Americana 2016,False
2016-05-22,2016,CHI,DOM,1,3,Copa Pan-Americana 2016,False
2016-05-22,2016,CUB,CRC,3,0,Copa Pan-Americana 2016,False
2016-05-22,2016,HON,ARG,0,3,Copa Pan-Americana 2016,False
2016-05-22,2016,MEX,COL,3,2,Copa Pan-Americana 2016,False
2016-05-23,2016,DOM,USA,1,3,Copa Pan-Americana 2016,False
2016-05-23,2016,CAN,CUB,2,3,Copa Pan-Americana 2016,False
2016-05-23,2016,COL,HON,3,0,Copa Pan-Americana 2016,False
2016-05-23,2016,MEX,ARG,1,3,Copa Pan-Americana 2016,False
2016-05-24,2016,COL,HON,3,0,Copa Pan-Americana 2016,False
2016-05-24,2016,CHI,CRC,3,0,Copa Pan-Americana 2016,False
2016-05-24,2016,USA,CAN,1,3,Copa Pan-Americana 2016,False
2016-05-24,2016,MEX,DOM,3,0,Copa Pan-Americana 2016,False
2016-05-25,2016,HON,CRC,2,3,Copa Pan-Americana 2016,False
2016-05-25,2016,COL,CHI,0,3,Copa Pan-Americana 2016,False
2016-05-25,2016,ARG,CAN,3,1,Copa Pan-Americana 2016,False
2016-05-25,2016,CUB,MEX,3,1,Copa Pan-Americana 2016,False
2016-05-26,2016,DOM,USA,0,3,Copa Pan-Americana 2016,False
2016-05-26,2016,MEX,CAN,0,3,Copa Pan-Americana 2016,False
2016-05-26,2016,CUB,ARG,3,2,Copa Pan-Americana 2016,False
2016-06-03,2016,AUT,LUX,3,1,Liga Europeia 2016,False
2016-06-03,2016,BLR,EST,1,3,Liga Europeia 2016,False
2016-06-04,2016,LUX,EST,0,3,Liga Europeia 2016,False
2016-06-04,2016,AUT,BLR,3,1,Liga Europeia 2016,False
2016-06-05,2016,LUX,BLR,0,3,Liga Europeia 2016,False
2016-06-05,2016,EST,AUT,3,1,Liga Europeia 2016,False
2016-06-10,2016,ALB,MKD,0,3,Liga Europeia 2016,False
2016-06-10,2016,BUL,DEN,3,2,Liga Europeia 2016,False
2016-06-11,2016,MKD,DEN,3,2,Liga Europeia 2016,False
2016-06-11,2016,ALB,BUL,0,3,Liga Europeia 2016,False
2016-06-12,2016,DEN,ALB,3,0,Liga Europeia 2016,False
2016-06-12,2016,MKD,BUL,3,1,Liga Europeia 2016,False
2016-06-16,2016,DEN,BUL,1,3,Liga Europeia 2016,False
2016-06-16,2016,MKD,ALB,3,2,Liga Europeia 2016,False
2016-06-16,2016,BRA,IRI,3,0,Liga Mundial 2016,False
2016-06-16,2016,ARG,USA,1,3,Liga Mundial 2016,False
2016-06-17,2016,BUL,ALB,3,0,Liga Europeia 2016,False
2016-06-17,2016,DEN,MKD,0,3,Liga Europeia 2016,False
2016-06-17,2016,FRA,ITA,3,0,Liga Mundial 2016,False
2016-06-17,2016,AUS,BEL,0,3,Liga Mundial 2016,False
2016-06-17,2016,BRA,ARG,3,0,Liga Mundial 2016,False
2016-06-17,2016,USA,IRI,3,1,Liga Mundial 2016,False
2016-06-17,2016,BUL,POL,1,3,Liga Mundial 2016,False
2016-06-17,2016,RUS,SRB,0,3,Liga Mundial 2016,False
2016-06-17,2016,NED,SVK,3,1,Liga Mundial 2016,False
2016-06-17,2016,TUR,POR,3,1,Liga Mundial 2016,False
2016-06-17,2016,CUB,KOR,3,2,Liga Mundial 2016,False
2016-06-17,2016,JPN,FIN,3,0,Liga Mundial 2016,False
2016-06-17,2016,CZE,EGY,2,3,Liga Mundial 2016,False
2016-06-17,2016,CHN,CAN,0,3,Liga Mundial 2016,False
2016-06-17,2016,TUN,VEN,0,3,Liga Mundial 2016,False
2016-06-17,2016,SLO,QAT,3,1,Liga Mundial 2016,False
2016-06-17,2016,MNE,GER,3,2,Liga Mundial 2016,False
2016-06-17,2016,MEX,ESP,2,3,Liga Mundial 2016,False
2016-06-17,2016,TPE,PUR,3,0,Liga Mundial 2016,False
2016-06-17,2016,KAZ,GRE,0,3,Liga Mundial 2016,False
2016-06-18,2016,ALB,DEN,0,3,Liga Europeia 2016,False
2016-06-18,2016,BUL,MKD,1,3,Liga Europeia 2016,False
2016-06-18,2016,AUT,BLR,3,0,Liga Europeia 2016,False
2016-06-18,2016,EST,LUX,3,0,Liga Europeia 2016,False
2016-06-18,2016,BEL,ITA,0,3,Liga Mundial 2016,False
2016-06-18,2016,AUS,FRA,0,3,Liga Mundial 2016,False
2016-06-18,2016,IRI,ARG,3,2,Liga Mundial 2016,False
2016-06-18,2016,BRA,USA,3,1,Liga Mundial 2016,False
2016-06-18,2016,BUL,SRB,0,3,Liga Mundial 2016,False
2016-06-18,2016,RUS,POL,3,0,Liga Mundial 2016,False
2016-06-18,2016,POR,NED,0,3,Liga Mundial 2016,False
2016-06-18,2016,TUR,SVK,3,0,Liga Mundial 2016,False
2016-06-18,2016,JPN,CUB,2,3,Liga Mundial 2016,False
2016-06-18,2016,FIN,KOR,3,2,Liga Mundial 2016,False
2016-06-18,2016,CAN,EGY,3,0,Liga Mundial 2016,False
2016-06-18,2016,CHN,CZE,1,3,Liga Mundial 2016,False
2016-06-18,2016,VEN,QAT,3,1,Liga Mundial 2016,False
2016-06-18,2016,TUN,SLO,0,3,Liga Mundial 2016,False
2016-06-18,2016,GER,ESP,1,3,Liga Mundial 2016,False
2016-06-18,2016,MEX,MNE,1,3,Liga Mundial 2016,False
2016-06-18,2016,KAZ,TPE,3,0,Liga Mundial 2016,False
2016-06-18,2016,GRE,PUR,3,0,Liga Mundial 2016,False
2016-06-19,2016,BLR,LUX,3,0,Liga Europeia 2016,False
2016-06-19,2016,AUT,EST,1,3,Liga Europeia 2016,False
2016-06-19,2016,BEL,FRA,3,2,Liga Mundial 2016,False
2016-06-19,2016,AUS,ITA,0,3,Liga Mundial 2016,False
2016-06-19,2016,SRB,POL,3,0,Liga Mundial 2016,False
2016-06-19,2016,RUS,BUL,3,1,Liga Mundial 2016,False
2016-06-19,2016,POR,SVK,2,3,Liga Mundial 2016,False
2016-06-19,2016,TUR,NED,3,0,Liga Mundial 2016,False
2016-06-19,2016,CUB,FIN,1,3,Liga Mundial 2016,False
2016-06-19,2016,JPN,KOR,3,0,Liga Mundial 2016,False
2016-06-19,2016,EGY,CHN,3,0,Liga Mundial 2016,False
2016-06-19,2016,CZE,CAN,1,3,Liga Mundial 2016,False
2016-06-19,2016,QAT,TUN,3,1,Liga Mundial 2016,False
2016-06-19,2016,VEN,SLO,1,3,Liga Mundial 2016,False
2016-06-19,2016,ESP,MNE,2,3,Liga Mundial 2016,False
2016-06-19,2016,MEX,GER,3,1,Liga Mundial 2016,False
2016-06-19,2016,PUR,KAZ,3,0,Liga Mundial 2016,False
2016-06-19,2016,GRE,TPE,3,1,Liga Mundial 2016,False
2016-06-20,2016,LUX,AUT,0,3,Liga Europeia 2016,False
2016-06-20,2016,BLR,EST,2,3,Liga Europeia 2016,False
2016-06-23,2016,IRI,BUL,3,1,Liga Mundial 2016,False
2016-06-23,2016,BRA,SRB,1,3,Liga Mundial 2016,False
2016-06-23,2016,NED,CZE,2,3,Liga Mundial 2016,False
2016-06-23,2016,SVK,CUB,3,1,Liga Mundial 2016,False
2016-06-24,2016,RUS,FRA,0,3,Liga Mundial 2016,False
2016-06-24,2016,POL,ARG,3,1,Liga Mundial 2016,False
2016-06-24,2016,BEL,USA,2,3,Liga Mundial 2016,False
2016-06-24,2016,AUS,ITA,0,3,Liga Mundial 2016,False
2016-06-24,2016,BRA,IRI,3,1,Liga Mundial 2016,False
2016-06-24,2016,SRB,BUL,3,1,Liga Mundial 2016,False
2016-06-24,2016,CUB,CZE,2,3,Liga Mundial 2016,False
2016-06-24,2016,SVK,NED,1,3,Liga Mundial 2016,False
2016-06-24,2016,TUR,JPN,3,2,Liga Mundial 2016,False
2016-06-24,2016,CHN,POR,3,1,Liga Mundial 2016,False
2016-06-24,2016,CAN,KOR,3,0,Liga Mundial 2016,False
2016-06-24,2016,SLO,QAT,3,0,Liga Mundial 2016,False
2016-06-24,2016,GRE,PUR,3,1,Liga Mundial 2016,False
2016-06-24,2016,MNE,VEN,2,3,Liga Mundial 2016,False
2016-06-24,2016,TUN,MEX,3,1,Liga Mundial 2016,False
2016-06-24,2016,ESP,TPE,1,3,Liga Mundial 2016,False
2016-06-24,2016,KAZ,GER,0,3,Liga Mundial 2016,False
2016-06-25,2016,FRA,ARG,2,3,Liga Mundial 2016,False
2016-06-25,2016,POL,RUS,1,3,Liga Mundial 2016,False
2016-06-25,2016,USA,AUS,3,1,Liga Mundial 2016,False
2016-06-25,2016,ITA,BEL,3,0,Liga Mundial 2016,False
2016-06-25,2016,BUL,BRA,0,3,Liga Mundial 2016,False
2016-06-25,2016,IRI,SRB,1,3,Liga Mundial 2016,False
2016-06-25,2016,CUB,NED,2,3,Liga Mundial 2016,False
2016-06-25,2016,CZE,SVK,3,2,Liga Mundial 2016,False
2016-06-25,2016,EGY,FIN,0,3,Liga Mundial 2016,False
2016-06-25,2016,TUR,FIN,3,2,Liga Mundial 2016,False
2016-06-25,2016,CAN,CHN,3,0,Liga Mundial 2016,False
2016-06-25,2016,KOR,POR,0,3,Liga Mundial 2016,False
2016-06-25,2016,SLO,PUR,3,0,Liga Mundial 2016,False
2016-06-25,2016,GRE,QAT,0,3,Liga Mundial 2016,False
2016-06-25,2016,MEX,VEN,2,3,Liga Mundial 2016,False
2016-06-25,2016,TUN,MNE,3,2,Liga Mundial 2016,False
2016-06-25,2016,TPE,GER,3,1,Liga Mundial 2016,False
2016-06-25,2016,KAZ,ESP,0,3,Liga Mundial 2016,False
2016-06-26,2016,ARG,RUS,3,0,Liga Mundial 2016,False
2016-06-26,2016,POL,FRA,0,3,Liga Mundial 2016,False
2016-06-26,2016,AUS,BEL,0,3,Liga Mundial 2016,False
2016-06-26,2016,USA,ITA,3,0,Liga Mundial 2016,False
2016-06-26,2016,EGY,JPN,3,2,Liga Mundial 2016,False
2016-06-26,2016,FIN,JPN,3,1,Liga Mundial 2016,False
2016-06-26,2016,EGY,TUR,3,1,Liga Mundial 2016,False
2016-06-26,2016,KOR,CHN,1,3,Liga Mundial 2016,False
2016-06-26,2016,CAN,POR,3,1,Liga Mundial 2016,False
2016-06-26,2016,PUR,QAT,0,3,Liga Mundial 2016,False
2016-06-26,2016,GRE,SLO,3,1,Liga Mundial 2016,False
2016-06-26,2016,MEX,MNE,1,3,Liga Mundial 2016,False
2016-06-26,2016,TUN,VEN,3,1,Liga Mundial 2016,False
2016-06-26,2016,GER,ESP,3,1,Liga Mundial 2016,False
2016-06-26,2016,KAZ,TPE,1,3,Liga Mundial 2016,False
2016-07-01,2016,MKD,AUT,3,2,Liga Europeia 2016,False
2016-07-01,2016,EST,BUL,3,2,Liga Europeia 2016,False
2016-07-01,2016,BRA,POL,3,0,Liga Mundial 2016,False
2016-07-01,2016,FRA,BEL,3,0,Liga Mundial 2016,False
2016-07-01,2016,AUS,RUS,0,3,Liga Mundial 2016,False
2016-07-01,2016,USA,BUL,3,1,Liga Mundial 2016,False
2016-07-01,2016,ITA,ARG,3,1,Liga Mundial 2016,False
2016-07-01,2016,IRI,SRB,3,2,Liga Mundial 2016,False
2016-07-01,2016,KOR,CZE,3,0,Liga Mundial 2016,False
2016-07-01,2016,EGY,NED,1,3,Liga Mundial 2016,False
2016-07-01,2016,TUR,JPN,3,0,Liga Mundial 2016,False
2016-07-01,2016,CHN,SVK,3,0,Liga Mundial 2016,False
2016-07-01,2016,CAN,CUB,3,2,Liga Mundial 2016,False
2016-07-01,2016,FIN,POR,2,3,Liga Mundial 2016,False
2016-07-01,2016,GER,TPE,3,0,Liga Mundial 2016,False
2016-07-01,2016,SLO,GRE,3,0,Liga Mundial 2016,False
2016-07-02,2016,AUT,BUL,3,0,Liga Europeia 2016,False
2016-07-02,2016,MKD,EST,0,3,Liga Europeia 2016,False
2016-07-02,2016,BRA,BEL,3,2,Liga Mundial 2016,False
2016-07-02,2016,FRA,POL,3,1,Liga Mundial 2016,False
2016-07-02,2016,BUL,RUS,0,3,Liga Mundial 2016,False
2016-07-02,2016,USA,AUS,3,0,Liga Mundial 2016,False
2016-07-02,2016,SRB,ARG,0,3,Liga Mundial 2016,False
2016-07-02,2016,IRI,ITA,0,3,Liga Mundial 2016,False
2016-07-02,2016,KOR,EGY,3,2,Liga Mundial 2016,False
2016-07-02,2016,CZE,NED,1,3,Liga Mundial 2016,False
2016-07-02,2016,SVK,JPN,3,1,Liga Mundial 2016,False
2016-07-02,2016,CHN,TUR,0,3,Liga Mundial 2016,False
2016-07-02,2016,POR,CAN,0,3,Liga Mundial 2016,False
2016-07-02,2016,FIN,CUB,3,1,Liga Mundial 2016,False
2016-07-02,2016,TPE,GRE,1,3,Liga Mundial 2016,False
2016-07-02,2016,GER,SLO,1,3,Liga Mundial 2016,False
2016-07-03,2016,BEL,POL,2,3,Liga Mundial 2016,False
2016-07-03,2016,FRA,BRA,1,3,Liga Mundial 2016,False
2016-07-03,2016,USA,RUS,3,0,Liga Mundial 2016,False
2016-07-03,2016,BUL,AUS,3,2,Liga Mundial 2016,False
2016-07-03,2016,ITA,SRB,2,3,Liga Mundial 2016,False
2016-07-03,2016,IRI,ARG,3,2,Liga Mundial 2016,False
2016-07-03,2016,KOR,NED,3,2,Liga Mundial 2016,False
2016-07-03,2016,CZE,EGY,3,0,Liga Mundial 2016,False
2016-07-03,2016,TUR,SVK,3,2,Liga Mundial 2016,False
2016-07-03,2016,CHN,JPN,3,0,Liga Mundial 2016,False
2016-07-03,2016,CUB,POR,3,2,Liga Mundial 2016,False
2016-07-03,2016,FIN,CAN,3,2,Liga Mundial 2016,False
2016-07-09,2016,CAN,TUR,3,0,Liga Mundial 2016,False
2016-07-09,2016,POR,NED,3,1,Liga Mundial 2016,False
2016-07-10,2016,TUR,NED,1,3,Liga Mundial 2016,False
2016-07-10,2016,CAN,POR,3,0,Liga Mundial 2016,False
2016-07-13,2016,POL,FRA,3,2,Liga Mundial 2016,False
2016-07-13,2016,BRA,ITA,3,0,Liga Mundial 2016,False
2016-07-14,2016,POL,SRB,1,3,Liga Mundial 2016,False
2016-07-14,2016,USA,ITA,1,3,Liga Mundial 2016,False
2016-07-15,2016,SRB,FRA,2,3,Liga Mundial 2016,False
2016-07-15,2016,BRA,USA,3,2,Liga Mundial 2016,False
2016-07-16,2016,SRB,ITA,3,2,Liga Mundial 2016,False
2016-07-16,2016,FRA,BRA,1,3,Liga Mundial 2016,False
2016-07-17,2016,ITA,FRA,0,3,Liga Mundial 2016,False
2016-07-17,2016,SRB,BRA,3,0,Liga Mundial 2016,False
2017-06-02,2017,BRA,POL,2,3,Liga Mundial 2017,False
2017-06-02,2017,ITA,IRI,3,0,Liga Mundial 2017,False
2017-06-02,2017,BEL,CAN,2,3,Liga Mundial 2017,False
2017-06-02,2017,SRB,USA,3,1,Liga Mundial 2017,False
2017-06-02,2017,FRA,BUL,3,0,Liga Mundial 2017,False
2017-06-02,2017,RUS,ARG,3,0,Liga Mundial 2017,False
2017-06-03,2017,ITA,POL,1,3,Liga Mundial 2017,False
2017-06-03,2017,IRI,BRA,1,3,Liga Mundial 2017,False
2017-06-03,2017,CAN,USA,3,2,Liga Mundial 2017,False
2017-06-03,2017,BEL,SRB,3,0,Liga Mundial 2017,False
2017-06-03,2017,BUL,ARG,2,3,Liga Mundial 2017,False
2017-06-03,2017,RUS,FRA,1,3,Liga Mundial 2017,False
2017-06-04,2017,ITA,BRA,1,3,Liga Mundial 2017,False
2017-06-04,2017,POL,IRI,1,3,Liga Mundial 2017,False
2017-06-04,2017,USA,BEL,1,3,Liga Mundial 2017,False
2017-06-04,2017,CAN,SRB,1,3,Liga Mundial 2017,False
2017-06-04,2017,ARG,FRA,0,3,Liga Mundial 2017,False
2017-06-04,2017,RUS,BUL,2,3,Liga Mundial 2017,False
2017-06-09,2017,SRB,ARG,3,0,Liga Mundial 2017,False
2017-06-09,2017,IRI,BEL,3,2,Liga Mundial 2017,False
2017-06-09,2017,CAN,BRA,1,3,Liga Mundial 2017,False
2017-06-09,2017,BUL,POL,3,2,Liga Mundial 2017,False
2017-06-09,2017,ITA,USA,0,3,Liga Mundial 2017,False
2017-06-09,2017,FRA,RUS,3,1,Liga Mundial 2017,False
2017-06-09,2017,DEN,HUN,3,0,Liga Europeia 2017,False
2017-06-09,2017,UKR,ISR,3,0,Liga Europeia 2017,False
2017-06-10,2017,BEL,ARG,3,2,Liga Mundial 2017,False
2017-06-10,2017,IRI,SRB,1,3,Liga Mundial 2017,False
2017-06-10,2017,BRA,POL,3,1,Liga Mundial 2017,False
2017-06-10,2017,CAN,BUL,3,1,Liga Mundial 2017,False
2017-06-10,2017,USA,RUS,3,0,Liga Mundial 2017,False
2017-06-10,2017,FRA,ITA,3,1,Liga Mundial 2017,False
2017-06-10,2017,HUN,ISR,3,1,Liga Europeia 2017,False
2017-06-10,2017,DEN,UKR,3,0,Liga Europeia 2017,False
2017-06-11,2017,SRB,BEL,3,0,Liga Mundial 2017,False
2017-06-11,2017,IRI,ARG,3,2,Liga Mundial 2017,False
2017-06-11,2017,POL,CAN,3,1,Liga Mundial 2017,False
2017-06-11,2017,BRA,BUL,1,3,Liga Mundial 2017,False
2017-06-11,2017,ITA,RUS,2,3,Liga Mundial 2017,False
2017-06-11,2017,FRA,USA,3,1,Liga Mundial 2017,False
2017-06-11,2017,ISR,DEN,3,1,Liga Europeia 2017,False
2017-06-11,2017,HUN,UKR,1,3,Liga Europeia 2017,False
2017-06-15,2017,IRI,USA,0,3,Liga Mundial 2017,False
2017-06-15,2017,POL,RUS,0,3,Liga Mundial 2017,False
2017-06-16,2017,BRA,BUL,3,0,Liga Mundial 2017,False
2017-06-16,2017,ARG,SRB,2,3,Liga Mundial 2017,False
2017-06-16,2017,ITA,FRA,3,2,Liga Mundial 2017,False
2017-06-16,2017,BEL,CAN,2,3,Liga Mundial 2017,False
2017-06-16,2017,ALB,SWE,3,2,Liga Europeia 2017,False
2017-06-16,2017,MKD,AZE,3,0,Liga Europeia 2017,False
2017-06-16,2017,ISR,UKR,0,3,Liga Europeia 2017,False
2017-06-16,2017,HUN,DEN,0,3,Liga Europeia 2017,False
2017-06-17,2017,BUL,SRB,3,2,Liga Mundial 2017,False
2017-06-17,2017,ARG,BRA,3,1,Liga Mundial 2017,False
2017-06-17,2017,USA,RUS,2,3,Liga Mundial 2017,False
2017-06-17,2017,POL,IRI,3,0,Liga Mundial 2017,False
2017-06-17,2017,FRA,CAN,3,0,Liga Mundial 2017,False
2017-06-17,2017,ITA,BEL,1,3,Liga Mundial 2017,False
2017-06-17,2017,SWE,AZE,3,2,Liga Europeia 2017,False
2017-06-17,2017,ALB,MKD,0,3,Liga Europeia 2017,False
2017-06-17,2017,ISR,HUN,1,3,Liga Europeia 2017,False
2017-06-17,2017,UKR,DEN,3,1,Liga Europeia 2017,False
2017-06-18,2017,SRB,BRA,1,3,Liga Mundial 2017,False
2017-06-18,2017,ARG,BUL,3,1,Liga Mundial 2017,False
2017-06-18,2017,RUS,IRI,3,0,Liga Mundial 2017,False
2017-06-18,2017,POL,USA,1,3,Liga Mundial 2017,False
2017-06-18,2017,CAN,ITA,3,1,Liga Mundial 2017,False
2017-06-18,2017,BEL,FRA,0,3,Liga Mundial 2017,False
2017-06-18,2017,AZE,ALB,1,3,Liga Europeia 2017,False
2017-06-18,2017,SWE,MKD,1,3,Liga Europeia 2017,False
2017-06-18,2017,UKR,HUN,3,2,Liga Europeia 2017,False
2017-06-18,2017,DEN,ISR,3,1,Liga Europeia 2017,False
2017-06-23,2017,SWE,MKD,0,3,Liga Europeia 2017,False
2017-06-23,2017,ALB,AZE,3,0,Liga Europeia 2017,False
2017-06-24,2017,MKD,AZE,3,0,Liga Europeia 2017,False
2017-06-24,2017,SWE,ALB,3,1,Liga Europeia 2017,False
2017-06-25,2017,AZE,SWE,0,3,Liga Europeia 2017,False
2017-06-25,2017,MKD,ALB,3,2,Liga Europeia 2017,False
2017-07-01,2017,SWE,UKR,2,3,Liga Europeia 2017,False
2017-07-01,2017,DEN,MKD,2,3,Liga Europeia 2017,False
2017-07-02,2017,SWE,DEN,3,1,Liga Europeia 2017,False
2017-07-02,2017,UKR,MKD,3,1,Liga Europeia 2017,False
2017-07-04,2017,BRA,CAN,3,1,Liga Mundial 2017,False
2017-07-04,2017,FRA,USA,3,2,Liga Mundial 2017,False
2017-07-05,2017,RUS,CAN,0,3,Liga Mundial 2017,False
2017-07-05,2017,SRB,USA,1,3,Liga Mundial 2017,False
2017-07-06,2017,BRA,RUS,3,2,Liga Mundial 2017,False
2017-07-06,2017,FRA,SRB,3,2,Liga Mundial 2017,False
2017-07-07,2017,BRA,USA,3,1,Liga Mundial 2017,False
2017-07-07,2017,FRA,CAN,3,1,Liga Mundial 2017,False
2017-07-08,2017,USA,CAN,1,3,Liga Mundial 2017,False
2017-07-08,2017,BRA,FRA,2,3,Liga Mundial 2017,False
2017-07-24,2017,INA,KSA,3,1,Campeonato Asiatico 2017,False
2017-07-24,2017,QAT,KAZ,2,3,Campeonato Asiatico 2017,False
2017-07-24,2017,TPE,PAK,3,0,Campeonato Asiatico 2017,False
2017-07-24,2017,IRI,IRQ,3,0,Campeonato Asiatico 2017,False
2017-07-24,2017,JPN,SRI,3,0,Campeonato Asiatico 2017,False
2017-07-24,2017,KOR,VIE,3,0,Campeonato Asiatico 2017,False
2017-07-24,2017,CHN,THA,3,0,Campeonato Asiatico 2017,False
2017-07-24,2017,AUS,HKG,3,0,Campeonato Asiatico 2017,False
2017-07-25,2017,KSA,QAT,0,3,Campeonato Asiatico 2017,False
2017-07-25,2017,INA,KAZ,2,3,Campeonato Asiatico 2017,False
2017-07-25,2017,IRQ,TPE,0,3,Campeonato Asiatico 2017,False
2017-07-25,2017,IRI,PAK,3,0,Campeonato Asiatico 2017,False
2017-07-25,2017,SRI,KOR,0,3,Campeonato Asiatico 2017,False
2017-07-25,2017,JPN,VIE,3,0,Campeonato Asiatico 2017,False
2017-07-25,2017,AUS,THA,3,2,Campeonato Asiatico 2017,False
2017-07-25,2017,HKG,CHN,0,3,Campeonato Asiatico 2017,False
2017-07-25,2017,CUB,DOM,3,1,Copa Pan-Americana 2017,False
2017-07-25,2017,USA,MEX,3,1,Copa Pan-Americana 2017,False
2017-07-25,2017,ARG,PUR,3,0,Copa Pan-Americana 2017,False
2017-07-25,2017,CAN,VEN,3,1,Copa Pan-Americana 2017,False
2017-07-26,2017,KAZ,KSA,3,0,Campeonato Asiatico 2017,False
2017-07-26,2017,INA,QAT,3,2,Campeonato Asiatico 2017,False
2017-07-26,2017,PAK,IRQ,3,1,Campeonato Asiatico 2017,False
2017-07-26,2017,IRI,TPE,3,0,Campeonato Asiatico 2017,False
2017-07-26,2017,VIE,SRI,3,2,Campeonato Asiatico 2017,False
2017-07-26,2017,JPN,KOR,2,3,Campeonato Asiatico 2017,False
2017-07-26,2017,THA,HKG,3,1,Campeonato Asiatico 2017,False
2017-07-26,2017,AUS,CHN,3,0,Campeonato Asiatico 2017,False
2017-07-26,2017,DOM,USA,3,0,Copa Pan-Americana 2017,False
2017-07-26,2017,CUB,MEX,3,0,Copa Pan-Americana 2017,False
2017-07-26,2017,ARG,VEN,3,0,Copa Pan-Americana 2017,False
2017-07-26,2017,CAN,PUR,0,3,Copa Pan-Americana 2017,False
2017-07-27,2017,KAZ,JPN,0,3,Campeonato Asiatico 2017,False
2017-07-27,2017,KOR,INA,3,1,Campeonato Asiatico 2017,False
2017-07-27,2017,AUS,TPE,1,3,Campeonato Asiatico 2017,False
2017-07-27,2017,IRI,CHN,0,3,Campeonato Asiatico 2017,False
2017-07-27,2017,QAT,SRI,2,3,Campeonato Asiatico 2017,False
2017-07-27,2017,VIE,KSA,3,1,Campeonato Asiatico 2017,False
2017-07-27,2017,PAK,HKG,3,2,Campeonato Asiatico 2017,False
2017-07-27,2017,THA,IRQ,3,1,Campeonato Asiatico 2017,False
2017-07-27,2017,MEX,DOM,1,3,Copa Pan-Americana 2017,False
2017-07-27,2017,USA,CUB,2,3,Copa Pan-Americana 2017,False
2017-07-27,2017,PUR,VEN,3,2,Copa Pan-Americana 2017,False
2017-07-27,2017,CAN,ARG,0,3,Copa Pan-Americana 2017,False
2017-07-28,2017,DOM,CAN,1,3,Copa Pan-Americana 2017,False
2017-07-28,2017,PUR,USA,3,1,Copa Pan-Americana 2017,False
2017-07-29,2017,KAZ,KOR,1,3,Campeonato Asiatico 2017,False
2017-07-29,2017,INA,JPN,0,3,Campeonato Asiatico 2017,False
2017-07-29,2017,CHN,TPE,1,3,Campeonato Asiatico 2017,False
2017-07-29,2017,IRI,AUS,3,1,Campeonato Asiatico 2017,False
2017-07-29,2017,QAT,VIE,3,1,Campeonato Asiatico 2017,False
2017-07-29,2017,KSA,SRI,3,1,Campeonato Asiatico 2017,False
2017-07-29,2017,PAK,THA,0,3,Campeonato Asiatico 2017,False
2017-07-29,2017,IRQ,HKG,3,1,Campeonato Asiatico 2017,False
2017-07-29,2017,MEX,DOM,1,3,Copa Pan-Americana 2017,False
2017-07-29,2017,VEN,USA,0,3,Copa Pan-Americana 2017,False
2017-07-29,2017,ARG,CAN,3,0,Copa Pan-Americana 2017,False
2017-07-29,2017,CUB,PUR,1,3,Copa Pan-Americana 2017,False
2017-07-30,2017,SRI,HKG,3,0,Campeonato Asiatico 2017,False
2017-07-30,2017,IRQ,KSA,3,0,Campeonato Asiatico 2017,False
2017-07-30,2017,QAT,PAK,3,2,Campeonato Asiatico 2017,False
2017-07-30,2017,THA,VIE,2,3,Campeonato Asiatico 2017,False
2017-07-30,2017,TPE,KAZ,0,3,Campeonato Asiatico 2017,False
2017-07-30,2017,JPN,AUS,3,0,Campeonato Asiatico 2017,False
2017-07-30,2017,KOR,CHN,3,0,Campeonato Asiatico 2017,False
2017-07-30,2017,IRI,INA,2,3,Campeonato Asiatico 2017,False
2017-07-30,2017,MEX,VEN,2,3,Copa Pan-Americana 2017,False
2017-07-30,2017,DOM,USA,2,3,Copa Pan-Americana 2017,False
2017-07-30,2017,CAN,CUB,1,3,Copa Pan-Americana 2017,False
2017-07-30,2017,ARG,PUR,3,1,Copa Pan-Americana 2017,False
2017-07-31,2017,HKG,KSA,0,3,Campeonato Asiatico 2017,False
2017-07-31,2017,SRI,IRQ,1,3,Campeonato Asiatico 2017,False
2017-07-31,2017,PAK,THA,1,3,Campeonato Asiatico 2017,False
2017-07-31,2017,QAT,VIE,3,1,Campeonato Asiatico 2017,False
2017-07-31,2017,CHN,TPE,3,0,Campeonato Asiatico 2017,False
2017-07-31,2017,IRI,AUS,3,2,Campeonato Asiatico 2017,False
2017-07-31,2017,KOR,KAZ,2,3,Campeonato Asiatico 2017,False
2017-07-31,2017,INA,JPN,0,3,Campeonato Asiatico 2017,False
2017-08-01,2017,TPE,AUS,3,2,Campeonato Asiatico 2017,False
2017-08-01,2017,CHN,IRI,1,3,Campeonato Asiatico 2017,False
2017-08-01,2017,KOR,INA,3,0,Campeonato Asiatico 2017,False
2017-08-01,2017,KAZ,JPN,1,3,Campeonato Asiatico 2017,False
2017-08-07,2017,COL,VEN,1,3,Campeonato Sul-Americano 2017,False
2017-08-07,2017,BRA,PAR,3,0,Campeonato Sul-Americano 2017,False
2017-08-07,2017,ARG,URU,3,0,Campeonato Sul-Americano 2017,False
2017-08-07,2017,CHI,PER,3,0,Campeonato Sul-Americano 2017,False
2017-08-08,2017,COL,PAR,3,0,Campeonato Sul-Americano 2017,False
2017-08-08,2017,VEN,BRA,0,3,Campeonato Sul-Americano 2017,False
2017-08-08,2017,ARG,PER,3,0,Campeonato Sul-Americano 2017,False
2017-08-08,2017,CHI,URU,3,0,Campeonato Sul-Americano 2017,False
2017-08-09,2017,VEN,PAR,3,0,Campeonato Sul-Americano 2017,False
2017-08-09,2017,BRA,COL,3,0,Campeonato Sul-Americano 2017,False
2017-08-09,2017,URU,PER,3,2,Campeonato Sul-Americano 2017,False
2017-08-09,2017,CHI,ARG,1,3,Campeonato Sul-Americano 2017,False
2017-08-10,2017,URU,PAR,3,0,Campeonato Sul-Americano 2017,False
2017-08-10,2017,PER,COL,0,3,Campeonato Sul-Americano 2017,False
2017-08-10,2017,BRA,CHI,3,0,Campeonato Sul-Americano 2017,False
2017-08-10,2017,ARG,VEN,2,3,Campeonato Sul-Americano 2017,False
2017-08-11,2017,PAR,PER,1,3,Campeonato Sul-Americano 2017,False
2017-08-11,2017,URU,COL,1,3,Campeonato Sul-Americano 2017,False
2017-08-11,2017,ARG,CHI,3,0,Campeonato Sul-Americano 2017,False
2017-08-11,2017,VEN,BRA,0,3,Campeonato Sul-Americano 2017,False
2017-08-24,2017,FIN,EST,3,2,Campeonato Europeu 2017,False
2017-08-24,2017,POL,SRB,0,3,Campeonato Europeu 2017,False
2017-08-24,2017,BUL,RUS,0,3,Campeonato Europeu 2017,False
2017-08-24,2017,ESP,SLO,0,3,Campeonato Europeu 2017,False
2017-08-25,2017,CZE,SVK,3,1,Campeonato Europeu 2017,False
2017-08-25,2017,GER,ITA,3,2,Campeonato Europeu 2017,False
2017-08-25,2017,NED,TUR,1,3,Campeonato Europeu 2017,False
2017-08-25,2017,FRA,BEL,2,3,Campeonato Europeu 2017,False
2017-08-26,2017,EST,SRB,2,3,Campeonato Europeu 2017,False
2017-08-26,2017,FIN,POL,0,3,Campeonato Europeu 2017,False
2017-08-26,2017,RUS,SLO,3,0,Campeonato Europeu 2017,False
2017-08-26,2017,BUL,ESP,3,0,Campeonato Europeu 2017,False
2017-08-27,2017,SVK,ITA,0,3,Campeonato Europeu 2017,False
2017-08-27,2017,CZE,GER,0,3,Campeonato Europeu 2017,False
2017-08-27,2017,TUR,BEL,2,3,Campeonato Europeu 2017,False
2017-08-27,2017,NED,FRA,2,3,Campeonato Europeu 2017,False
2017-08-28,2017,SRB,FIN,3,0,Campeonato Europeu 2017,False
2017-08-28,2017,EST,POL,0,3,Campeonato Europeu 2017,False
2017-08-28,2017,SVK,GER,0,3,Campeonato Europeu 2017,False
2017-08-28,2017,ITA,CZE,3,0,Campeonato Europeu 2017,False
2017-08-28,2017,SLO,BUL,0,3,Campeonato Europeu 2017,False
2017-08-28,2017,RUS,ESP,3,0,Campeonato Europeu 2017,False
2017-08-28,2017,BEL,NED,3,0,Campeonato Europeu 2017,False
2017-08-28,2017,TUR,FRA,0,3,Campeonato Europeu 2017,False
2017-08-30,2017,BUL,FIN,3,1,Campeonato Europeu 2017,False
2017-08-30,2017,ITA,TUR,3,0,Campeonato Europeu 2017,False
2017-08-30,2017,POL,SLO,0,3,Campeonato Europeu 2017,False
2017-08-30,2017,FRA,CZE,1,3,Campeonato Europeu 2017,False
2017-08-31,2017,RUS,SLO,3,0,Campeonato Europeu 2017,False
2017-08-31,2017,GER,CZE,3,1,Campeonato Europeu 2017,False
2017-08-31,2017,SRB,BUL,3,0,Campeonato Europeu 2017,False
2017-08-31,2017,BEL,ITA,3,0,Campeonato Europeu 2017,False
2017-09-02,2017,SRB,GER,2,3,Campeonato Europeu 2017,False
2017-09-02,2017,RUS,BEL,3,0,Campeonato Europeu 2017,False
2017-09-03,2017,SRB,BEL,3,2,Campeonato Europeu 2017,False
2017-09-03,2017,GER,RUS,2,3,Campeonato Europeu 2017,False
2017-09-12,2017,FRA,BRA,0,3,Grand Champions Cup 2017,False
2017-09-12,2017,ITA,IRI,2,3,Grand Champions Cup 2017,False
2017-09-12,2017,JPN,USA,0,3,Grand Champions Cup 2017,False
2017-09-13,2017,BRA,ITA,2,3,Grand Champions Cup 2017,False
2017-09-13,2017,USA,IRI,2,3,Grand Champions Cup 2017,False
2017-09-13,2017,JPN,FRA,0,3,Grand Champions Cup 2017,False
2017-09-15,2017,IRI,BRA,0,3,Grand Champions Cup 2017,False
2017-09-15,2017,FRA,USA,0,3,Grand Champions Cup 2017,False
2017-09-15,2017,ITA,JPN,3,1,Grand Champions Cup 2017,False
2017-09-16,2017,USA,BRA,2,3,Grand Champions Cup 2017,False
2017-09-16,2017,FRA,ITA,1,3,Grand Champions Cup 2017,False
2017-09-16,2017,JPN,IRI,1,3,Grand Champions Cup 2017,False
2017-09-17,2017,ITA,USA,3,1,Grand Champions Cup 2017,False
2017-09-17,2017,IRI,FRA,3,2,Grand Champions Cup 2017,False
2017-09-17,2017,BRA,JPN,3,0,Grand Champions Cup 2017,False
2017-09-26,2017,TTO,LCA,3,0,Campeonato NORCECA 2017,False
2017-09-26,2017,CRC,MTQ,3,1,Campeonato NORCECA 2017,False
2017-09-26,2017,USA,GUA,3,0,Campeonato NORCECA 2017,False
2017-09-26,2017,MEX,VIN,3,0,Campeonato NORCECA 2017,False
2017-09-27,2017,CAN,LCA,3,0,Campeonato NORCECA 2017,False
2017-09-27,2017,CRC,VIN,3,0,Campeonato NORCECA 2017,False
2017-09-27,2017,DOM,GUA,3,0,Campeonato NORCECA 2017,False
2017-09-27,2017,MEX,MTQ,3,0,Campeonato NORCECA 2017,False
2017-09-28,2017,CAN,TTO,3,0,Campeonato NORCECA 2017,False
2017-09-28,2017,MTQ,VIN,3,0,Campeonato NORCECA 2017,False
2017-09-28,2017,USA,DOM,3,0,Campeonato NORCECA 2017,False
2017-09-28,2017,MEX,CRC,3,0,Campeonato NORCECA 2017,False
2017-09-29,2017,MTQ,VIN,3,0,Campeonato NORCECA 2017,False
2017-09-29,2017,GUA,LCA,3,0,Campeonato NORCECA 2017,False
2017-09-29,2017,TTO,DOM,0,3,Campeonato NORCECA 2017,False
2017-09-29,2017,USA,CRC,3,0,Campeonato NORCECA 2017,False
2017-09-30,2017,VIN,LCA,3,1,Campeonato NORCECA 2017,False
2017-09-30,2017,MTQ,TTO,0,3,Campeonato NORCECA 2017,False
2017-09-30,2017,GUA,CRC,3,1,Campeonato NORCECA 2017,False
2017-09-30,2017,MEX,DOM,0,3,Campeonato NORCECA 2017,False
2017-09-30,2017,CAN,USA,0,3,Campeonato NORCECA 2017,False
2017-10-01,2017,MTQ,CRC,3,2,Campeonato NORCECA 2017,False
2017-10-01,2017,GUA,TTO,3,0,Campeonato NORCECA 2017,False
2017-10-01,2017,MEX,CAN,1,3,Campeonato NORCECA 2017,False
2017-10-01,2017,DOM,USA,0,3,Campeonato NORCECA 2017,False
2017-10-22,2017,NIG,EGY,0,3,Campeonato Africano 2017,False
2017-10-22,2017,GHA,KEN,3,0,Campeonato Africano 2017,False
2017-10-22,2017,LBA,TUN,2,3,Campeonato Africano 2017,False
2017-10-22,2017,CHA,RWA,0,3,Campeonato Africano 2017,False
2017-10-22,2017,ALG,BOT,3,0,Campeonato Africano 2017,False
2017-10-23,2017,COD,EGY,0,3,Campeonato Africano 2017,False
2017-10-23,2017,LBA,GHA,3,2,Campeonato Africano 2017,False
2017-10-23,2017,TUN,KEN,3,0,Campeonato Africano 2017,False
2017-10-23,2017,MAR,CMR,1,3,Campeonato Africano 2017,False
2017-10-23,2017,ALG,CHA,3,0,Campeonato Africano 2017,False
2017-10-23,2017,BOT,RWA,0,3,Campeonato Africano 2017,False
2017-10-24,2017,NIG,COD,0,3,Campeonato Africano 2017,False
2017-10-24,2017,GHA,TUN,0,3,Campeonato Africano 2017,False
2017-10-24,2017,KEN,LBA,3,2,Campeonato Africano 2017,False
2017-10-24,2017,NGR,MAR,1,3,Campeonato Africano 2017,False
2017-10-24,2017,RWA,ALG,0,3,Campeonato Africano 2017,False
2017-10-24,2017,CHA,BOT,0,3,Campeonato Africano 2017,False
2017-10-25,2017,CMR,NGR,3,0,Campeonato Africano 2017,False
2017-10-26,2017,NIG,CHA,1,3,Campeonato Africano 2017,False
2017-10-26,2017,NGR,KEN,2,3,Campeonato Africano 2017,False
2017-10-26,2017,ALG,COD,3,0,Campeonato Africano 2017,False
2017-10-26,2017,TUN,MAR,3,0,Campeonato Africano 2017,False
2017-10-26,2017,CMR,LBA,3,2,Campeonato Africano 2017,False
2017-10-26,2017,EGY,RWA,3,0,Campeonato Africano 2017,False
2017-10-27,2017,CHA,KEN,0,3,Campeonato Africano 2017,False
2017-10-27,2017,BOT,GHA,0,3,Campeonato Africano 2017,False
2017-10-27,2017,NIG,NGR,0,3,Campeonato Africano 2017,False
2017-10-27,2017,RWA,LBA,3,2,Campeonato Africano 2017,False
2017-10-27,2017,COD,MAR,1,3,Campeonato Africano 2017,False
2017-10-27,2017,ALG,TUN,2,3,Campeonato Africano 2017,False
2017-10-27,2017,EGY,CMR,3,0,Campeonato Africano 2017,False
2017-10-28,2017,BOT,CHA,3,2,Campeonato Africano 2017,False
2017-10-28,2017,GHA,KEN,3,0,Campeonato Africano 2017,False
2017-10-29,2017,LBA,COD,3,0,Campeonato Africano 2017,False
2017-10-29,2017,RWA,MAR,2,3,Campeonato Africano 2017,False
2017-10-29,2017,CMR,ALG,3,1,Campeonato Africano 2017,False
2017-10-29,2017,EGY,TUN,0,3,Campeonato Africano 2017,False
2018-05-19,2018,SWE,BEL,1,3,Liga Europeia 2018,False
2018-05-19,2018,SVK,EST,1,3,Liga Europeia 2018,False
2018-05-19,2018,POR,ESP,3,1,Liga Europeia 2018,False
2018-05-19,2018,FIN,CZE,3,0,Liga Europeia 2018,False
2018-05-19,2018,AUT,LAT,1,3,Liga Europeia 2018,False
2018-05-19,2018,CRO,HUN,3,0,Liga Europeia 2018,False
2018-05-20,2018,TUR,UKR,3,0,Liga Europeia 2018,False
2018-05-20,2018,NED,SLO,3,1,Liga Europeia 2018,False
2018-05-20,2018,KOS,MKD,1,3,Liga Europeia 2018,False
2018-05-20,2018,BLR,ALB,3,0,Liga Europeia 2018,False
2018-05-23,2018,SVK,SWE,3,1,Liga Europeia 2018,False
2018-05-23,2018,EST,BEL,3,1,Liga Europeia 2018,False
2018-05-23,2018,TUR,NED,3,2,Liga Europeia 2018,False
2018-05-23,2018,UKR,SLO,3,0,Liga Europeia 2018,False
2018-05-23,2018,CZE,FIN,1,3,Liga Europeia 2018,False
2018-05-23,2018,ESP,POR,3,0,Liga Europeia 2018,False
2018-05-23,2018,KOS,AUT,0,3,Liga Europeia 2018,False
2018-05-23,2018,LAT,MKD,3,0,Liga Europeia 2018,False
2018-05-23,2018,HUN,ALB,1,3,Liga Europeia 2018,False
2018-05-23,2018,BLR,CRO,1,3,Liga Europeia 2018,False
2018-05-25,2018,AUS,JPN,1,3,Nations League 2018,False
2018-05-25,2018,FRA,IRI,3,1,Nations League 2018,False
2018-05-25,2018,ARG,USA,2,3,Nations League 2018,False
2018-05-25,2018,CHN,BUL,2,3,Nations League 2018,False
2018-05-25,2018,POL,KOR,3,0,Nations League 2018,False
2018-05-25,2018,RUS,CAN,3,0,Nations League 2018,False
2018-05-25,2018,GER,ITA,1,3,Nations League 2018,False
2018-05-25,2018,SRB,BRA,0,3,Nations League 2018,False
2018-05-26,2018,AUS,IRI,0,3,Nations League 2018,False
2018-05-26,2018,FRA,JPN,3,1,Nations League 2018,False
2018-05-26,2018,BUL,USA,1,3,Nations League 2018,False
2018-05-26,2018,CHN,ARG,3,0,Nations League 2018,False
2018-05-26,2018,POL,RUS,3,0,Nations League 2018,False
2018-05-26,2018,CAN,KOR,3,0,Nations League 2018,False
2018-05-26,2018,ITA,BRA,3,2,Nations League 2018,False
2018-05-26,2018,GER,SRB,1,3,Nations League 2018,False
2018-05-26,2018,EST,SWE,3,1,Liga Europeia 2018,False
2018-05-26,2018,BEL,SVK,3,2,Liga Europeia 2018,False
2018-05-26,2018,NED,UKR,2,3,Liga Europeia 2018,False
2018-05-26,2018,FIN,POR,2,3,Liga Europeia 2018,False
2018-05-26,2018,CZE,ESP,3,1,Liga Europeia 2018,False
2018-05-26,2018,LAT,KOS,3,0,Liga Europeia 2018,False
2018-05-26,2018,CRO,ALB,3,0,Liga Europeia 2018,False
2018-05-26,2018,BLR,HUN,3,0,Liga Europeia 2018,False
2018-05-27,2018,IRI,JPN,1,3,Nations League 2018,False
2018-05-27,2018,FRA,AUS,3,0,Nations League 2018,False
2018-05-27,2018,BUL,ARG,3,1,Nations League 2018,False
2018-05-27,2018,CHN,USA,0,3,Nations League 2018,False
2018-05-27,2018,POL,CAN,3,1,Nations League 2018,False
2018-05-27,2018,KOR,RUS,0,3,Nations League 2018,False
2018-05-27,2018,BRA,GER,3,0,Nations League 2018,False
2018-05-27,2018,ITA,SRB,3,0,Nations League 2018,False
2018-05-27,2018,SLO,TUR,0,3,Liga Europeia 2018,False
2018-05-27,2018,MKD,AUT,1,3,Liga Europeia 2018,False
2018-05-30,2018,SVK,BEL,0,3,Liga Europeia 2018,False
2018-05-30,2018,SWE,EST,0,3,Liga Europeia 2018,False
2018-05-30,2018,TUR,SLO,3,0,Liga Europeia 2018,False
2018-05-30,2018,UKR,NED,2,3,Liga Europeia 2018,False
2018-05-30,2018,CZE,POR,2,3,Liga Europeia 2018,False
2018-05-30,2018,FIN,ESP,3,2,Liga Europeia 2018,False
2018-05-30,2018,KOS,LAT,0,3,Liga Europeia 2018,False
2018-05-30,2018,AUT,MKD,3,1,Liga Europeia 2018,False
2018-05-30,2018,HUN,CRO,0,3,Liga Europeia 2018,False
2018-05-30,2018,ALB,BLR,0,3,Liga Europeia 2018,False
2018-06-01,2018,AUS,RUS,1,3,Nations League 2018,False
2018-06-01,2018,BUL,SRB,2,3,Nations League 2018,False
2018-06-01,2018,JPN,USA,2,3,Nations League 2018,False
2018-06-01,2018,BRA,KOR,3,0,Nations League 2018,False
2018-06-01,2018,CAN,ITA,3,1,Nations League 2018,False
2018-06-01,2018,ARG,IRI,2,3,Nations League 2018,False
2018-06-01,2018,POL,FRA,3,0,Nations League 2018,False
2018-06-01,2018,CHN,GER,1,3,Nations League 2018,False
2018-06-02,2018,RUS,SRB,2,3,Nations League 2018,False
2018-06-02,2018,BUL,AUS,0,3,Nations League 2018,False
2018-06-02,2018,BRA,JPN,3,0,Nations League 2018,False
2018-06-02,2018,KOR,USA,0,3,Nations League 2018,False
2018-06-02,2018,IRI,ITA,0,3,Nations League 2018,False
2018-06-02,2018,ARG,CAN,1,3,Nations League 2018,False
2018-06-02,2018,POL,CHN,3,0,Nations League 2018,False
2018-06-02,2018,GER,FRA,0,3,Nations League 2018,False
2018-06-02,2018,SWE,SVK,3,0,Liga Europeia 2018,False
2018-06-02,2018,NED,TUR,3,2,Liga Europeia 2018,False
2018-06-02,2018,AUT,KOS,3,0,Liga Europeia 2018,False
2018-06-02,2018,ALB,HUN,2,3,Liga Europeia 2018,False
2018-06-02,2018,CRO,BLR,1,3,Liga Europeia 2018,False
2018-06-03,2018,SRB,AUS,3,2,Nations League 2018,False
2018-06-03,2018,BUL,RUS,0,3,Nations League 2018,False
2018-06-03,2018,KOR,JPN,2,3,Nations League 2018,False
2018-06-03,2018,BRA,USA,3,2,Nations League 2018,False
2018-06-03,2018,IRI,CAN,1,3,Nations League 2018,False
2018-06-03,2018,ARG,ITA,3,0,Nations League 2018,False
2018-06-03,2018,POL,GER,1,3,Nations League 2018,False
2018-06-03,2018,FRA,CHN,2,3,Nations League 2018,False
2018-06-03,2018,BEL,EST,3,0,Liga Europeia 2018,False
2018-06-03,2018,SLO,UKR,3,2,Liga Europeia 2018,False
2018-06-03,2018,ESP,CZE,1,3,Liga Europeia 2018,False
2018-06-03,2018,POR,FIN,3,2,Liga Europeia 2018,False
2018-06-03,2018,MKD,LAT,0,3,Liga Europeia 2018,False
2018-06-05,2018,HON,GUA,1,3,Campeonato NORCECA 2018,False
2018-06-06,2018,GUA,USA,0,3,Campeonato NORCECA 2018,False
2018-06-06,2018,CUB,HON,3,0,Campeonato NORCECA 2018,False
2018-06-06,2018,PUR,NCA,3,0,Campeonato NORCECA 2018,False
2018-06-06,2018,EST,SVK,3,0,Liga Europeia 2018,False
2018-06-06,2018,BEL,SWE,0,3,Liga Europeia 2018,False
2018-06-06,2018,UKR,TUR,3,2,Liga Europeia 2018,False
2018-06-06,2018,SLO,NED,1,3,Liga Europeia 2018,False
2018-06-06,2018,POR,CZE,3,1,Liga Europeia 2018,False
2018-06-06,2018,ESP,FIN,3,1,Liga Europeia 2018,False
2018-06-06,2018,LAT,AUT,3,2,Liga Europeia 2018,False
2018-06-06,2018,MKD,KOS,3,0,Liga Europeia 2018,False
2018-06-06,2018,HUN,BLR,0,3,Liga Europeia 2018,False
2018-06-06,2018,ALB,CRO,2,3,Liga Europeia 2018,False
2018-06-07,2018,CUB,GUA,3,0,Campeonato NORCECA 2018,False
2018-06-07,2018,HON,USA,0,3,Campeonato NORCECA 2018,False
2018-06-07,2018,CRC,NCA,3,1,Campeonato NORCECA 2018,False
2018-06-08,2018,GER,USA,3,0,Nations League 2018,False
2018-06-08,2018,CAN,AUS,3,0,Nations League 2018,False
2018-06-08,2018,ITA,POL,2,3,Nations League 2018,False
2018-06-08,2018,CHN,IRI,0,3,Nations League 2018,False
2018-06-08,2018,RUS,BRA,1,3,Nations League 2018,False
2018-06-08,2018,ARG,SRB,1,3,Nations League 2018,False
2018-06-08,2018,FRA,KOR,3,0,Nations League 2018,False
2018-06-08,2018,USA,CUB,0,3,Campeonato NORCECA 2018,False
2018-06-08,2018,CRC,PUR,0,3,Campeonato NORCECA 2018,False
2018-06-09,2018,JPN,BUL,0,3,Nations League 2018,False
2018-06-09,2018,USA,AUS,3,1,Nations League 2018,False
2018-06-09,2018,CAN,GER,1,3,Nations League 2018,False
2018-06-09,2018,ITA,BUL,3,1,Nations League 2018,False
2018-06-09,2018,IRI,BRA,2,3,Nations League 2018,False
2018-06-09,2018,RUS,CHN,3,0,Nations League 2018,False
2018-06-09,2018,FRA,ARG,3,1,Nations League 2018,False
2018-06-09,2018,KOR,SRB,0,3,Nations League 2018,False
2018-06-09,2018,CRC,GUA,2,3,Campeonato NORCECA 2018,False
2018-06-09,2018,USA,NCA,3,0,Campeonato NORCECA 2018,False
2018-06-09,2018,CUB,GUA,3,0,Campeonato NORCECA 2018,False
2018-06-09,2018,PUR,USA,0,3,Campeonato NORCECA 2018,False
2018-06-10,2018,JPN,POL,0,3,Nations League 2018,False
2018-06-10,2018,AUS,GER,3,2,Nations League 2018,False
2018-06-10,2018,CAN,USA,1,3,Nations League 2018,False
2018-06-10,2018,BUL,POL,1,3,Nations League 2018,False
2018-06-10,2018,JPN,ITA,3,2,Nations League 2018,False
2018-06-10,2018,CHN,BRA,0,3,Nations League 2018,False
2018-06-10,2018,RUS,IRI,3,1,Nations League 2018,False
2018-06-10,2018,KOR,ARG,0,3,Nations League 2018,False
2018-06-10,2018,FRA,SRB,3,0,Nations League 2018,False
2018-06-10,2018,CRC,NCA,1,3,Campeonato NORCECA 2018,False
2018-06-10,2018,GUA,PUR,1,3,Campeonato NORCECA 2018,False
2018-06-10,2018,CUB,USA,3,0,Campeonato NORCECA 2018,False
2018-06-13,2018,EST,POR,3,0,Liga Europeia 2018,False
2018-06-13,2018,TUR,CZE,0,3,Liga Europeia 2018,False
2018-06-14,2018,POR,TUR,2,3,Liga Europeia 2018,False
2018-06-14,2018,EST,CZE,3,0,Liga Europeia 2018,False
2018-06-15,2018,CHN,ITA,1,3,Nations League 2018,False
2018-06-15,2018,KOR,AUS,1,3,Nations League 2018,False
2018-06-15,2018,GER,JPN,2,3,Nations League 2018,False
2018-06-15,2018,RUS,ARG,3,0,Nations League 2018,False
2018-06-15,2018,POL,IRI,0,3,Nations League 2018,False
2018-06-15,2018,USA,SRB,3,0,Nations League 2018,False
2018-06-15,2018,CAN,BRA,3,0,Nations League 2018,False
2018-06-15,2018,BUL,FRA,0,3,Nations League 2018,False
2018-06-15,2018,BLR,LAT,3,0,Liga Europeia 2018,False
2018-06-15,2018,CRO,MKD,3,2,Liga Europeia 2018,False
2018-06-16,2018,KOR,ITA,2,3,Nations League 2018,False
2018-06-16,2018,AUS,CHN,3,1,Nations League 2018,False
2018-06-16,2018,GER,ARG,3,1,Nations League 2018,False
2018-06-16,2018,RUS,JPN,3,0,Nations League 2018,False
2018-06-16,2018,IRI,SRB,2,3,Nations League 2018,False
2018-06-16,2018,USA,POL,3,0,Nations League 2018,False
2018-06-16,2018,FRA,BRA,3,0,Nations League 2018,False
2018-06-16,2018,BUL,CAN,3,0,Nations League 2018,False
2018-06-16,2018,LAT,MKD,3,1,Liga Europeia 2018,False
2018-06-16,2018,BLR,CRO,1,3,Liga Europeia 2018,False
2018-06-17,2018,ITA,AUS,1,3,Nations League 2018,False
2018-06-17,2018,KOR,CHN,3,0,Nations League 2018,False
2018-06-17,2018,ARG,JPN,2,3,Nations League 2018,False
2018-06-17,2018,GER,RUS,0,3,Nations League 2018,False
2018-06-17,2018,POL,SRB,0,3,Nations League 2018,False
2018-06-17,2018,USA,IRI,3,0,Nations League 2018,False
2018-06-17,2018,FRA,CAN,3,2,Nations League 2018,False
2018-06-17,2018,BUL,BRA,3,2,Nations League 2018,False
2018-06-20,2018,CUB,CZE,0,3,Challenger Cup 2018,False
2018-06-20,2018,POR,EST,3,0,Challenger Cup 2018,False
2018-06-21,2018,EST,KAZ,3,1,Challenger Cup 2018,False
2018-06-21,2018,CZE,CHI,3,0,Challenger Cup 2018,False
2018-06-22,2018,POL,ARG,3,0,Nations League 2018,False
2018-06-22,2018,AUS,BRA,0,3,Nations League 2018,False
2018-06-22,2018,CAN,SRB,0,3,Nations League 2018,False
2018-06-22,2018,CHN,JPN,3,1,Nations League 2018,False
2018-06-22,2018,BUL,GER,2,3,Nations League 2018,False
2018-06-22,2018,IRI,KOR,3,1,Nations League 2018,False
2018-06-22,2018,USA,FRA,2,3,Nations League 2018,False
2018-06-22,2018,ITA,RUS,0,3,Nations League 2018,False
2018-06-22,2018,CHI,CUB,1,3,Challenger Cup 2018,False
2018-06-22,2018,KAZ,POR,0,3,Challenger Cup 2018,False
2018-06-23,2018,AUS,ARG,1,3,Nations League 2018,False
2018-06-23,2018,BRA,POL,3,1,Nations League 2018,False
2018-06-23,2018,JPN,SRB,1,3,Nations League 2018,False
2018-06-23,2018,CHN,CAN,0,3,Nations League 2018,False
2018-06-23,2018,GER,KOR,3,0,Nations League 2018,False
2018-06-23,2018,IRI,BUL,3,1,Nations League 2018,False
2018-06-23,2018,USA,RUS,0,3,Nations League 2018,False
2018-06-23,2018,ITA,FRA,3,0,Nations League 2018,False
2018-06-23,2018,CZE,EST,3,1,Challenger Cup 2018,False
2018-06-23,2018,POR,CUB,3,0,Challenger Cup 2018,False
2018-06-24,2018,BRA,ARG,0,3,Nations League 2018,False
2018-06-24,2018,AUS,POL,0,3,Nations League 2018,False
2018-06-24,2018,JPN,CAN,0,3,Nations League 2018,False
2018-06-24,2018,CHN,SRB,1,3,Nations League 2018,False
2018-06-24,2018,BUL,KOR,3,2,Nations League 2018,False
2018-06-24,2018,IRI,GER,3,2,Nations League 2018,False
2018-06-24,2018,FRA,RUS,3,0,Nations League 2018,False
2018-06-24,2018,ITA,USA,0,3,Nations League 2018,False
2018-06-24,2018,EST,CUB,3,0,Challenger Cup 2018,False
2018-06-24,2018,CZE,POR,1,3,Challenger Cup 2018,False
2018-07-04,2018,RUS,POL,3,1,Nations League 2018,False
2018-07-04,2018,FRA,BRA,3,2,Nations League 2018,False
2018-07-05,2018,USA,POL,3,0,Nations League 2018,False
2018-07-05,2018,SRB,BRA,0,3,Nations League 2018,False
2018-07-06,2018,RUS,USA,3,0,Nations League 2018,False
2018-07-06,2018,FRA,SRB,3,0,Nations League 2018,False
2018-07-07,2018,FRA,USA,3,2,Nations League 2018,False
2018-07-07,2018,RUS,BRA,3,0,Nations League 2018,False
2018-07-08,2018,USA,BRA,3,0,Nations League 2018,False
2018-07-08,2018,FRA,RUS,0,3,Nations League 2018,False
2018-08-28,2018,CHI,CUB,1,3,Copa Pan-Americana 2018,False
2018-08-28,2018,MEX,GUA,3,0,Copa Pan-Americana 2018,False
2018-08-28,2018,BRA,DOM,3,0,Copa Pan-Americana 2018,False
2018-08-28,2018,CAN,COL,3,1,Copa Pan-Americana 2018,False
2018-08-28,2018,USA,PER,3,0,Copa Pan-Americana 2018,False
2018-08-28,2018,ARG,PUR,3,1,Copa Pan-Americana 2018,False
2018-08-29,2018,CUB,GUA,3,0,Copa Pan-Americana 2018,False
2018-08-29,2018,MEX,CHI,3,0,Copa Pan-Americana 2018,False
2018-08-29,2018,COL,BRA,0,3,Copa Pan-Americana 2018,False
2018-08-29,2018,DOM,CAN,0,3,Copa Pan-Americana 2018,False
2018-08-29,2018,PER,ARG,0,3,Copa Pan-Americana 2018,False
2018-08-29,2018,PUR,USA,3,1,Copa Pan-Americana 2018,False
2018-08-30,2018,GUA,CHI,0,3,Copa Pan-Americana 2018,False
2018-08-30,2018,MEX,CUB,2,3,Copa Pan-Americana 2018,False
2018-08-30,2018,COL,DOM,0,3,Copa Pan-Americana 2018,False
2018-08-30,2018,BRA,CAN,3,0,Copa Pan-Americana 2018,False
2018-08-30,2018,PER,PUR,0,3,Copa Pan-Americana 2018,False
2018-08-30,2018,USA,ARG,0,3,Copa Pan-Americana 2018,False
2018-08-31,2018,PER,GUA,1,3,Copa Pan-Americana 2018,False
2018-08-31,2018,CHI,COL,3,0,Copa Pan-Americana 2018,False
2018-08-31,2018,DOM,USA,0,3,Copa Pan-Americana 2018,False
2018-08-31,2018,CUB,CAN,3,0,Copa Pan-Americana 2018,False
2018-08-31,2018,MEX,PUR,1,3,Copa Pan-Americana 2018,False
2018-09-01,2018,COL,DOM,3,0,Copa Pan-Americana 2018,False
2018-09-01,2018,CHI,USA,1,3,Copa Pan-Americana 2018,False
2018-09-01,2018,ARG,CUB,3,1,Copa Pan-Americana 2018,False
2018-09-01,2018,BRA,PUR,3,1,Copa Pan-Americana 2018,False
2018-09-02,2018,MEX,CAN,3,1,Copa Pan-Americana 2018,False
2018-09-02,2018,CUB,PUR,3,1,Copa Pan-Americana 2018,False
2018-09-02,2018,ARG,BRA,3,2,Copa Pan-Americana 2018,False
2019-05-25,2019,NED,CRO,3,2,Liga Europeia 2019,False
2019-05-25,2019,ESP,EST,3,1,Liga Europeia 2019,False
2019-05-25,2019,FIN,UKR,1,3,Liga Europeia 2019,False
2019-05-25,2019,HUN,BIH,3,1,Liga Europeia 2019,False
2019-05-25,2019,AZE,ROU,1,3,Liga Europeia 2019,False
2019-05-25,2019,DEN,GEO,3,0,Liga Europeia 2019,False
2019-05-26,2019,TUR,LAT,3,0,Liga Europeia 2019,False
2019-05-26,2019,BEL,SVK,3,2,Liga Europeia 2019,False
2019-05-26,2019,BLR,CZE,3,1,Liga Europeia 2019,False
2019-05-26,2019,AUT,GRE,3,1,Liga Europeia 2019,False
2019-05-29,2019,LAT,SVK,2,3,Liga Europeia 2019,False
2019-05-29,2019,BEL,TUR,1,3,Liga Europeia 2019,False
2019-05-29,2019,CRO,EST,3,1,Liga Europeia 2019,False
2019-05-29,2019,ESP,NED,2,3,Liga Europeia 2019,False
2019-05-29,2019,BLR,FIN,3,0,Liga Europeia 2019,False
2019-05-29,2019,CZE,UKR,3,2,Liga Europeia 2019,False
2019-05-29,2019,GRE,HUN,3,1,Liga Europeia 2019,False
2019-05-29,2019,BIH,AUT,0,3,Liga Europeia 2019,False
2019-05-29,2019,ROU,DEN,3,0,Liga Europeia 2019,False
2019-05-29,2019,GEO,AZE,1,3,Liga Europeia 2019,False
2019-05-31,2019,IRI,ITA,3,1,Nations League 2019,False
2019-05-31,2019,CHN,GER,2,3,Nations League 2019,False
2019-05-31,2019,CAN,BUL,1,3,Nations League 2019,False
2019-05-31,2019,ARG,POR,3,0,Nations League 2019,False
2019-05-31,2019,USA,BRA,0,3,Nations League 2019,False
2019-05-31,2019,POL,AUS,3,1,Nations League 2019,False
2019-05-31,2019,SRB,JPN,1,3,Nations League 2019,False
2019-05-31,2019,FRA,RUS,3,1,Nations League 2019,False
2019-06-01,2019,ITA,GER,3,0,Nations League 2019,False
2019-06-01,2019,CHN,IRI,0,3,Nations League 2019,False
2019-06-01,2019,CAN,POR,3,0,Nations League 2019,False
2019-06-01,2019,ARG,BUL,3,0,Nations League 2019,False
2019-06-01,2019,BRA,AUS,3,2,Nations League 2019,False
2019-06-01,2019,USA,POL,2,3,Nations League 2019,False
2019-06-01,2019,JPN,RUS,1,3,Nations League 2019,False
2019-06-01,2019,SRB,FRA,1,3,Nations League 2019,False
2019-06-01,2019,LAT,BEL,3,1,Liga Europeia 2019,False
2019-06-01,2019,SVK,TUR,0,3,Liga Europeia 2019,False
2019-06-01,2019,CRO,ESP,0,3,Liga Europeia 2019,False
2019-06-01,2019,BLR,UKR,3,1,Liga Europeia 2019,False
2019-06-01,2019,CZE,FIN,3,1,Liga Europeia 2019,False
2019-06-01,2019,GRE,AUT,3,0,Liga Europeia 2019,False
2019-06-01,2019,ROU,GEO,3,0,Liga Europeia 2019,False
2019-06-02,2019,GER,IRI,0,3,Nations League 2019,False
2019-06-02,2019,CHN,ITA,0,3,Nations League 2019,False
2019-06-02,2019,POR,BUL,3,1,Nations League 2019,False
2019-06-02,2019,ARG,CAN,1,3,Nations League 2019,False
2019-06-02,2019,AUS,USA,1,3,Nations League 2019,False
2019-06-02,2019,BRA,POL,3,1,Nations League 2019,False
2019-06-02,2019,JPN,FRA,1,3,Nations League 2019,False
2019-06-02,2019,RUS,SRB,3,2,Nations League 2019,False
2019-06-02,2019,EST,NED,3,2,Liga Europeia 2019,False
2019-06-02,2019,BIH,HUN,3,1,Liga Europeia 2019,False
2019-06-02,2019,DEN,AZE,3,0,Liga Europeia 2019,False
2019-06-07,2019,FRA,POL,3,1,Nations League 2019,False
2019-06-07,2019,CHN,BUL,3,0,Nations League 2019,False
2019-06-07,2019,ITA,USA,3,1,Nations League 2019,False
2019-06-07,2019,RUS,POR,3,0,Nations League 2019,False
2019-06-07,2019,BRA,IRI,3,2,Nations League 2019,False
2019-06-07,2019,JPN,ARG,3,0,Nations League 2019,False
2019-06-07,2019,GER,SRB,3,2,Nations League 2019,False
2019-06-07,2019,CAN,AUS,3,0,Nations League 2019,False
2019-06-08,2019,POL,BUL,3,1,Nations League 2019,False
2019-06-08,2019,CHN,FRA,0,3,Nations League 2019,False
2019-06-08,2019,ITA,POR,3,0,Nations League 2019,False
2019-06-08,2019,RUS,USA,3,0,Nations League 2019,False
2019-06-08,2019,ARG,IRI,1,3,Nations League 2019,False
2019-06-08,2019,JPN,BRA,0,3,Nations League 2019,False
2019-06-08,2019,SRB,AUS,3,2,Nations League 2019,False
2019-06-08,2019,CAN,GER,3,2,Nations League 2019,False
2019-06-08,2019,TUR,SVK,3,0,Liga Europeia 2019,False
2019-06-08,2019,BEL,LAT,1,3,Liga Europeia 2019,False
2019-06-08,2019,EST,CRO,3,2,Liga Europeia 2019,False
2019-06-08,2019,CZE,BLR,3,1,Liga Europeia 2019,False
2019-06-08,2019,UKR,FIN,3,0,Liga Europeia 2019,False
2019-06-08,2019,HUN,GRE,1,3,Liga Europeia 2019,False
2019-06-08,2019,GEO,DEN,0,3,Liga Europeia 2019,False
2019-06-08,2019,ROU,AZE,3,1,Liga Europeia 2019,False
2019-06-09,2019,BUL,FRA,3,2,Nations League 2019,False
2019-06-09,2019,CHN,POL,0,3,Nations League 2019,False
2019-06-09,2019,POR,USA,1,3,Nations League 2019,False
2019-06-09,2019,RUS,ITA,3,0,Nations League 2019,False
2019-06-09,2019,ARG,BRA,2,3,Nations League 2019,False
2019-06-09,2019,JPN,IRI,0,3,Nations League 2019,False
2019-06-09,2019,AUS,GER,3,0,Nations League 2019,False
2019-06-09,2019,CAN,SRB,2,3,Nations League 2019,False
2019-06-09,2019,NED,ESP,3,2,Liga Europeia 2019,False
2019-06-09,2019,AUT,BIH,3,0,Liga Europeia 2019,False
2019-06-12,2019,TUR,BEL,3,1,Liga Europeia 2019,False
2019-06-12,2019,SVK,LAT,1,3,Liga Europeia 2019,False
2019-06-12,2019,ESP,CRO,1,3,Liga Europeia 2019,False
2019-06-12,2019,NED,EST,3,0,Liga Europeia 2019,False
2019-06-12,2019,FIN,BLR,0,3,Liga Europeia 2019,False
2019-06-12,2019,UKR,CZE,3,0,Liga Europeia 2019,False
2019-06-12,2019,GRE,BIH,3,0,Liga Europeia 2019,False
2019-06-12,2019,AUT,HUN,3,1,Liga Europeia 2019,False
2019-06-12,2019,AZE,GEO,3,0,Liga Europeia 2019,False
2019-06-12,2019,DEN,ROU,0,3,Liga Europeia 2019,False
2019-06-14,2019,BRA,SRB,2,3,Nations League 2019,False
2019-06-14,2019,POR,CHN,3,0,Nations League 2019,False
2019-06-14,2019,JPN,ITA,1,3,Nations League 2019,False
2019-06-14,2019,BUL,AUS,3,2,Nations League 2019,False
2019-06-14,2019,RUS,POL,3,1,Nations League 2019,False
2019-06-14,2019,IRI,CAN,3,0,Nations League 2019,False
2019-06-14,2019,USA,ARG,3,1,Nations League 2019,False
2019-06-14,2019,FRA,GER,3,1,Nations League 2019,False
2019-06-15,2019,BRA,CHN,3,0,Nations League 2019,False
2019-06-15,2019,POR,SRB,2,3,Nations League 2019,False
2019-06-15,2019,AUS,ITA,1,3,Nations League 2019,False
2019-06-15,2019,BUL,JPN,2,3,Nations League 2019,False
2019-06-15,2019,RUS,CAN,3,1,Nations League 2019,False
2019-06-15,2019,IRI,POL,3,2,Nations League 2019,False
2019-06-15,2019,USA,GER,3,1,Nations League 2019,False
2019-06-15,2019,FRA,ARG,1,3,Nations League 2019,False
2019-06-15,2019,SVK,BEL,3,1,Liga Europeia 2019,False
2019-06-15,2019,CRO,NED,3,0,Liga Europeia 2019,False
2019-06-15,2019,EST,ESP,0,3,Liga Europeia 2019,False
2019-06-15,2019,UKR,BLR,3,2,Liga Europeia 2019,False
2019-06-15,2019,FIN,CZE,2,3,Liga Europeia 2019,False
2019-06-15,2019,HUN,AUT,0,3,Liga Europeia 2019,False
2019-06-15,2019,BIH,GRE,0,3,Liga Europeia 2019,False
2019-06-15,2019,GEO,ROU,0,3,Liga Europeia 2019,False
2019-06-15,2019,AZE,DEN,0,3,Liga Europeia 2019,False
2019-06-16,2019,CHN,SRB,1,3,Nations League 2019,False
2019-06-16,2019,POR,BRA,0,3,Nations League 2019,False
2019-06-16,2019,JPN,AUS,3,2,Nations League 2019,False
2019-06-16,2019,ITA,BUL,3,1,Nations League 2019,False
2019-06-16,2019,POL,CAN,3,1,Nations League 2019,False
2019-06-16,2019,IRI,RUS,3,0,Nations League 2019,False
2019-06-16,2019,ARG,GER,3,2,Nations League 2019,False
2019-06-16,2019,FRA,USA,1,3,Nations League 2019,False
2019-06-16,2019,LAT,TUR,0,3,Liga Europeia 2019,False
2019-06-16,2019,CAN,SUR,3,0,Copa Pan-Americana 2019,False
2019-06-16,2019,ARG,CUB,2,3,Copa Pan-Americana 2019,False
2019-06-16,2019,PER,PUR,2,3,Copa Pan-Americana 2019,False
2019-06-16,2019,MEX,TTO,3,0,Copa Pan-Americana 2019,False
2019-06-16,2019,GUA,USA,0,3,Copa Pan-Americana 2019,False
2019-06-16,2019,CHI,DOM,3,1,Copa Pan-Americana 2019,False
2019-06-17,2019,SUR,ARG,0,3,Copa Pan-Americana 2019,False
2019-06-17,2019,CUB,CAN,3,0,Copa Pan-Americana 2019,False
2019-06-17,2019,TTO,PUR,1,3,Copa Pan-Americana 2019,False
2019-06-17,2019,MEX,PER,3,1,Copa Pan-Americana 2019,False
2019-06-17,2019,DOM,GUA,3,2,Copa Pan-Americana 2019,False
2019-06-17,2019,USA,CHI,1,3,Copa Pan-Americana 2019,False
2019-06-18,2019,SUR,CUB,0,3,Copa Pan-Americana 2019,False
2019-06-18,2019,CAN,ARG,0,3,Copa Pan-Americana 2019,False
2019-06-18,2019,PER,TTO,3,0,Copa Pan-Americana 2019,False
2019-06-18,2019,MEX,PUR,3,0,Copa Pan-Americana 2019,False
2019-06-18,2019,GUA,CHI,0,3,Copa Pan-Americana 2019,False
2019-06-18,2019,DOM,USA,0,3,Copa Pan-Americana 2019,False
2019-06-19,2019,TTO,SUR,3,0,Copa Pan-Americana 2019,False
2019-06-19,2019,PER,GUA,3,0,Copa Pan-Americana 2019,False
2019-06-19,2019,DOM,CAN,0,3,Copa Pan-Americana 2019,False
2019-06-19,2019,ARG,USA,3,0,Copa Pan-Americana 2019,False
2019-06-19,2019,CHI,PUR,3,0,Copa Pan-Americana 2019,False
2019-06-20,2019,GUA,DOM,0,3,Copa Pan-Americana 2019,False
2019-06-20,2019,PER,CAN,2,3,Copa Pan-Americana 2019,False
2019-06-20,2019,CUB,CHI,3,0,Copa Pan-Americana 2019,False
2019-06-20,2019,MEX,ARG,1,3,Copa Pan-Americana 2019,False
2019-06-21,2019,CAN,CHN,3,1,Nations League 2019,False
2019-06-21,2019,USA,JPN,3,0,Nations League 2019,False
2019-06-21,2019,POL,ARG,3,2,Nations League 2019,False
2019-06-21,2019,ITA,SRB,3,0,Nations League 2019,False
2019-06-21,2019,FRA,AUS,3,0,Nations League 2019,False
2019-06-21,2019,IRI,POR,3,1,Nations League 2019,False
2019-06-21,2019,GER,RUS,1,3,Nations League 2019,False
2019-06-21,2019,BRA,BUL,3,1,Nations League 2019,False
2019-06-21,2019,NED,BLR,1,3,Liga Europeia 2019,False
2019-06-21,2019,TUR,EST,3,1,Liga Europeia 2019,False
2019-06-21,2019,USA,PUR,3,0,Copa Pan-Americana 2019,False
2019-06-21,2019,CHI,MEX,0,3,Copa Pan-Americana 2019,False
2019-06-21,2019,CUB,ARG,3,2,Copa Pan-Americana 2019,False
2019-06-22,2019,CHN,JPN,0,3,Nations League 2019,False
2019-06-22,2019,USA,CAN,1,3,Nations League 2019,False
2019-06-22,2019,POL,SRB,3,2,Nations League 2019,False
2019-06-22,2019,ITA,ARG,1,3,Nations League 2019,False
2019-06-22,2019,FRA,POR,3,0,Nations League 2019,False
2019-06-22,2019,IRI,AUS,3,0,Nations League 2019,False
2019-06-22,2019,BUL,RUS,0,3,Nations League 2019,False
2019-06-22,2019,BRA,GER,3,2,Nations League 2019,False
2019-06-22,2019,NED,EST,3,0,Liga Europeia 2019,False
2019-06-22,2019,BLR,TUR,0,3,Liga Europeia 2019,False
2019-06-23,2019,CAN,JPN,3,2,Nations League 2019,False
2019-06-23,2019,USA,CHN,3,0,Nations League 2019,False
2019-06-23,2019,ARG,SRB,3,0,Nations League 2019,False
2019-06-23,2019,ITA,POL,2,3,Nations League 2019,False
2019-06-23,2019,POR,AUS,0,3,Nations League 2019,False
2019-06-23,2019,IRI,FRA,0,3,Nations League 2019,False
2019-06-23,2019,GER,BUL,2,3,Nations League 2019,False
2019-06-23,2019,BRA,RUS,3,0,Nations League 2019,False
2019-06-26,2019,GRE,ROU,2,3,Liga Europeia 2019,False
2019-06-28,2019,CHN,ARG,1,3,Nations League 2019,False
2019-06-28,2019,AUS,RUS,0,3,Nations League 2019,False
2019-06-28,2019,ITA,CAN,1,3,Nations League 2019,False
2019-06-28,2019,BRA,FRA,3,1,Nations League 2019,False
2019-06-28,2019,IRI,SRB,3,1,Nations League 2019,False
2019-06-28,2019,BUL,USA,3,1,Nations League 2019,False
2019-06-28,2019,POL,JPN,3,1,Nations League 2019,False
2019-06-28,2019,GER,POR,3,1,Nations League 2019,False
2019-06-29,2019,ARG,RUS,2,3,Nations League 2019,False
2019-06-29,2019,AUS,CHN,3,1,Nations League 2019,False
2019-06-29,2019,FRA,ITA,3,1,Nations League 2019,False
2019-06-29,2019,BRA,CAN,3,0,Nations League 2019,False
2019-06-29,2019,USA,SRB,3,1,Nations League 2019,False
2019-06-29,2019,BUL,IRI,0,3,Nations League 2019,False
2019-06-29,2019,GER,POL,1,3,Nations League 2019,False
2019-06-29,2019,POR,JPN,1,3,Nations League 2019,False
2019-06-30,2019,CHN,RUS,0,3,Nations League 2019,False
2019-06-30,2019,AUS,ARG,0,3,Nations League 2019,False
2019-06-30,2019,CAN,FRA,0,3,Nations League 2019,False
2019-06-30,2019,BRA,ITA,3,1,Nations League 2019,False
2019-06-30,2019,IRI,USA,0,3,Nations League 2019,False
2019-06-30,2019,SRB,BUL,3,0,Nations League 2019,False
2019-06-30,2019,GER,JPN,2,3,Nations League 2019,False
2019-06-30,2019,POL,POR,3,0,Nations League 2019,False
2019-06-30,2019,ROU,GRE,3,0,Liga Europeia 2019,False
2019-07-03,2019,EGY,BLR,2,3,Challenger Cup 2019,False
2019-07-03,2019,SLO,CHI,3,0,Challenger Cup 2019,False
2019-07-04,2019,CUB,BLR,3,1,Challenger Cup 2019,False
2019-07-04,2019,TUR,CHI,3,0,Challenger Cup 2019,False
2019-07-05,2019,EGY,CUB,2,3,Challenger Cup 2019,False
2019-07-05,2019,SLO,TUR,3,1,Challenger Cup 2019,False
2019-07-06,2019,CUB,TUR,3,2,Challenger Cup 2019,False
2019-07-06,2019,SLO,BLR,3,1,Challenger Cup 2019,False
2019-07-07,2019,TUR,BLR,1,3,Challenger Cup 2019,False
2019-07-07,2019,CUB,SLO,0,3,Challenger Cup 2019,False
2019-07-10,2019,BRA,POL,2,3,Nations League 2019,False
2019-07-10,2019,USA,FRA,3,1,Nations League 2019,False
2019-07-11,2019,IRI,POL,1,3,Nations League 2019,False
2019-07-11,2019,RUS,FRA,3,0,Nations League 2019,False
2019-07-12,2019,BRA,IRI,3,2,Nations League 2019,False
2019-07-12,2019,USA,RUS,3,0,Nations League 2019,False
2019-07-13,2019,USA,BRA,3,2,Nations League 2019,False
2019-07-13,2019,POL,RUS,1,3,Nations League 2019,False
2019-07-14,2019,POL,BRA,3,0,Nations League 2019,False
2019-07-14,2019,RUS,USA,3,1,Nations League 2019,False
2019-07-21,2019,COD,BOT,3,0,Campeonato Africano 2019,False
2019-07-21,2019,TUN,CHA,3,0,Campeonato Africano 2019,False
2019-07-21,2019,CMR,CGO,3,0,Campeonato Africano 2019,False
2019-07-21,2019,EGY,MAR,3,1,Campeonato Africano 2019,False
2019-07-22,2019,ALG,COD,3,0,Campeonato Africano 2019,False
2019-07-22,2019,BOT,TUN,0,3,Campeonato Africano 2019,False
2019-07-22,2019,MAR,CGO,1,3,Campeonato Africano 2019,False
2019-07-22,2019,EGY,BDI,3,0,Campeonato Africano 2019,False
2019-07-23,2019,CHA,BOT,3,2,Campeonato Africano 2019,False
2019-07-23,2019,TUN,ALG,3,0,Campeonato Africano 2019,False
2019-07-23,2019,BDI,MAR,1,3,Campeonato Africano 2019,False
2019-07-23,2019,CMR,EGY,3,0,Campeonato Africano 2019,False
2019-07-24,2019,ALG,CHA,3,0,Campeonato Africano 2019,False
2019-07-24,2019,COD,TUN,0,3,Campeonato Africano 2019,False
2019-07-24,2019,BDI,CMR,0,3,Campeonato Africano 2019,False
2019-07-24,2019,EGY,CGO,3,0,Campeonato Africano 2019,False
2019-07-25,2019,CHA,COD,1,3,Campeonato Africano 2019,False
2019-07-25,2019,BOT,ALG,0,3,Campeonato Africano 2019,False
2019-07-25,2019,CGO,BDI,3,1,Campeonato Africano 2019,False
2019-07-25,2019,CMR,MAR,3,0,Campeonato Africano 2019,False
2019-07-26,2019,BOT,BDI,0,3,Campeonato Africano 2019,False
2019-07-26,2019,CHA,CGO,0,3,Campeonato Africano 2019,False
2019-07-26,2019,COD,MAR,1,3,Campeonato Africano 2019,False
2019-07-26,2019,ALG,CMR,0,3,Campeonato Africano 2019,False
2019-07-26,2019,TUN,EGY,3,1,Campeonato Africano 2019,False
2019-07-28,2019,CHA,COD,3,0,Campeonato Africano 2019,False
2019-07-28,2019,CGO,MAR,2,3,Campeonato Africano 2019,False
2019-07-28,2019,EGY,ALG,1,3,Campeonato Africano 2019,False
2019-07-28,2019,TUN,CMR,3,2,Campeonato Africano 2019,False
2019-08-22,2019,CUB,CAN,3,2,Campeonato NORCECA 2019,False
2019-08-22,2019,USA,PUR,3,0,Campeonato NORCECA 2019,False
2019-08-23,2019,CAN,PUR,0,3,Campeonato NORCECA 2019,False
2019-08-23,2019,USA,CUB,1,3,Campeonato NORCECA 2019,False
2019-08-24,2019,PUR,CUB,0,3,Campeonato NORCECA 2019,False
2019-08-24,2019,USA,CAN,1,3,Campeonato NORCECA 2019,False
2019-09-10,2019,ARG,COL,3,0,Campeonato Sul-Americano 2019,False
2019-09-10,2019,BRA,ECU,3,0,Campeonato Sul-Americano 2019,False
2019-09-10,2019,VEN,PER,2,3,Campeonato Sul-Americano 2019,False
2019-09-10,2019,CHI,BOL,3,0,Campeonato Sul-Americano 2019,False
2019-09-11,2019,ARG,ECU,3,0,Campeonato Sul-Americano 2019,False
2019-09-11,2019,BRA,COL,3,0,Campeonato Sul-Americano 2019,False
2019-09-11,2019,VEN,BOL,3,0,Campeonato Sul-Americano 2019,False
2019-09-11,2019,CHI,PER,3,0,Campeonato Sul-Americano 2019,False
2019-09-12,2019,BUL,GRE,3,0,Campeonato Europeu 2019,False
2019-09-12,2019,POR,ITA,0,3,Campeonato Europeu 2019,False
2019-09-12,2019,FRA,ROU,3,0,Campeonato Europeu 2019,False
2019-09-12,2019,TUR,RUS,1,3,Campeonato Europeu 2019,False
2019-09-12,2019,FIN,MKD,3,1,Campeonato Europeu 2019,False
2019-09-12,2019,SLO,BLR,3,0,Campeonato Europeu 2019,False
2019-09-12,2019,COL,ECU,3,0,Campeonato Sul-Americano 2019,False
2019-09-12,2019,BRA,ARG,3,1,Campeonato Sul-Americano 2019,False
2019-09-12,2019,PER,BOL,3,0,Campeonato Sul-Americano 2019,False
2019-09-12,2019,CHI,VEN,1,3,Campeonato Sul-Americano 2019,False
2019-09-13,2019,BUL,ROU,3,0,Campeonato Europeu 2019,False
2019-09-13,2019,ITA,GRE,3,1,Campeonato Europeu 2019,False
2019-09-13,2019,SRB,GER,3,0,Campeonato Europeu 2019,False
2019-09-13,2019,SVK,ESP,3,2,Campeonato Europeu 2019,False
2019-09-13,2019,BEL,AUT,3,0,Campeonato Europeu 2019,False
2019-09-13,2019,MKD,TUR,0,3,Campeonato Europeu 2019,False
2019-09-13,2019,BLR,RUS,1,3,Campeonato Europeu 2019,False
2019-09-13,2019,CZE,UKR,1,3,Campeonato Europeu 2019,False
2019-09-13,2019,EST,POL,1,3,Campeonato Europeu 2019,False
2019-09-13,2019,NED,MNE,3,0,Campeonato Europeu 2019,False
2019-09-13,2019,AUS,QAT,3,2,Campeonato Asiatico 2019,False
2019-09-13,2019,IRI,SRI,3,0,Campeonato Asiatico 2019,False
2019-09-13,2019,HKG,JPN,0,3,Campeonato Asiatico 2019,False
2019-09-13,2019,THA,TPE,1,3,Campeonato Asiatico 2019,False
2019-09-13,2019,CHN,OMA,3,1,Campeonato Asiatico 2019,False
2019-09-13,2019,KAZ,IND,2,3,Campeonato Asiatico 2019,False
2019-09-13,2019,INA,KUW,3,1,Campeonato Asiatico 2019,False
2019-09-13,2019,KOR,PAK,3,0,Campeonato Asiatico 2019,False
2019-09-13,2019,PER,ECU,3,0,Campeonato Sul-Americano 2019,False
2019-09-13,2019,COL,BOL,3,0,Campeonato Sul-Americano 2019,False
2019-09-13,2019,VEN,ARG,0,3,Campeonato Sul-Americano 2019,False
2019-09-13,2019,BRA,CHI,3,0,Campeonato Sul-Americano 2019,False
2019-09-14,2019,GRE,FRA,0,3,Campeonato Europeu 2019,False
2019-09-14,2019,BUL,POR,3,1,Campeonato Europeu 2019,False
2019-09-14,2019,GER,BEL,2,3,Campeonato Europeu 2019,False
2019-09-14,2019,SVK,AUT,3,1,Campeonato Europeu 2019,False
2019-09-14,2019,MKD,RUS,0,3,Campeonato Europeu 2019,False
2019-09-14,2019,SLO,FIN,3,1,Campeonato Europeu 2019,False
2019-09-14,2019,UKR,NED,0,3,Campeonato Europeu 2019,False
2019-09-14,2019,EST,MNE,0,3,Campeonato Europeu 2019,False
2019-09-14,2019,QAT,IRI,0,3,Campeonato Asiatico 2019,False
2019-09-14,2019,SRI,AUS,0,3,Campeonato Asiatico 2019,False
2019-09-14,2019,TPE,HKG,3,0,Campeonato Asiatico 2019,False
2019-09-14,2019,JPN,THA,3,0,Campeonato Asiatico 2019,False
2019-09-14,2019,OMA,KAZ,0,3,Campeonato Asiatico 2019,False
2019-09-14,2019,IND,CHN,0,3,Campeonato Asiatico 2019,False
2019-09-14,2019,KUW,KOR,0,3,Campeonato Asiatico 2019,False
2019-09-14,2019,PAK,INA,3,2,Campeonato Asiatico 2019,False
2019-09-14,2019,ECU,BOL,3,1,Campeonato Sul-Americano 2019,False
2019-09-14,2019,PER,COL,3,2,Campeonato Sul-Americano 2019,False
2019-09-14,2019,VEN,CHI,0,3,Campeonato Sul-Americano 2019,False
2019-09-14,2019,ARG,BRA,2,3,Campeonato Sul-Americano 2019,False
2019-09-15,2019,ROU,ITA,1,3,Campeonato Europeu 2019,False
2019-09-15,2019,POR,FRA,0,3,Campeonato Europeu 2019,False
2019-09-15,2019,ESP,BEL,0,3,Campeonato Europeu 2019,False
2019-09-15,2019,SRB,SVK,3,0,Campeonato Europeu 2019,False
2019-09-15,2019,BLR,FIN,3,2,Campeonato Europeu 2019,False
2019-09-15,2019,TUR,SLO,0,3,Campeonato Europeu 2019,False
2019-09-15,2019,NED,POL,0,3,Campeonato Europeu 2019,False
2019-09-15,2019,CZE,EST,3,0,Campeonato Europeu 2019,False
2019-09-15,2019,QAT,SRI,3,0,Campeonato Asiatico 2019,False
2019-09-15,2019,IRI,AUS,1,3,Campeonato Asiatico 2019,False
2019-09-15,2019,HKG,THA,1,3,Campeonato Asiatico 2019,False
2019-09-15,2019,TPE,JPN,1,3,Campeonato Asiatico 2019,False
2019-09-15,2019,IND,OMA,3,1,Campeonato Asiatico 2019,False
2019-09-15,2019,CHN,KAZ,3,0,Campeonato Asiatico 2019,False
2019-09-15,2019,KOR,INA,3,0,Campeonato Asiatico 2019,False
2019-09-15,2019,KUW,PAK,1,3,Campeonato Asiatico 2019,False
2019-09-16,2019,ROU,GRE,1,3,Campeonato Europeu 2019,False
2019-09-16,2019,FRA,BUL,3,0,Campeonato Europeu 2019,False
2019-09-16,2019,AUT,GER,0,3,Campeonato Europeu 2019,False
2019-09-16,2019,ESP,SRB,1,3,Campeonato Europeu 2019,False
2019-09-16,2019,RUS,FIN,3,0,Campeonato Europeu 2019,False
2019-09-16,2019,BLR,MKD,1,3,Campeonato Europeu 2019,False
2019-09-16,2019,MNE,UKR,1,3,Campeonato Europeu 2019,False
2019-09-16,2019,POL,CZE,3,0,Campeonato Europeu 2019,False
2019-09-17,2019,GRE,POR,1,3,Campeonato Europeu 2019,False
2019-09-17,2019,ITA,BUL,3,1,Campeonato Europeu 2019,False
2019-09-17,2019,AUT,ESP,2,3,Campeonato Europeu 2019,False
2019-09-17,2019,SVK,BEL,0,3,Campeonato Europeu 2019,False
2019-09-17,2019,SLO,MKD,1,3,Campeonato Europeu 2019,False
2019-09-17,2019,TUR,BLR,3,1,Campeonato Europeu 2019,False
2019-09-17,2019,MNE,POL,0,3,Campeonato Europeu 2019,False
2019-09-17,2019,EST,NED,1,3,Campeonato Europeu 2019,False
2019-09-17,2019,AUS,IND,3,0,Campeonato Asiatico 2019,False
2019-09-17,2019,CHN,IRI,0,3,Campeonato Asiatico 2019,False
2019-09-17,2019,KOR,TPE,3,0,Campeonato Asiatico 2019,False
2019-09-17,2019,JPN,PAK,3,0,Campeonato Asiatico 2019,False
2019-09-17,2019,KAZ,SRI,1,3,Campeonato Asiatico 2019,False
2019-09-17,2019,QAT,OMA,3,0,Campeonato Asiatico 2019,False
2019-09-17,2019,INA,HKG,3,0,Campeonato Asiatico 2019,False
2019-09-17,2019,THA,KUW,3,0,Campeonato Asiatico 2019,False
2019-09-18,2019,POR,ROU,1,3,Campeonato Europeu 2019,False
2019-09-18,2019,FRA,ITA,3,1,Campeonato Europeu 2019,False
2019-09-18,2019,GER,SVK,3,0,Campeonato Europeu 2019,False
2019-09-18,2019,BEL,SRB,0,3,Campeonato Europeu 2019,False
2019-09-18,2019,SLO,RUS,0,3,Campeonato Europeu 2019,False
2019-09-18,2019,FIN,TUR,3,2,Campeonato Europeu 2019,False
2019-09-18,2019,UKR,EST,3,0,Campeonato Europeu 2019,False
2019-09-18,2019,NED,CZE,2,3,Campeonato Europeu 2019,False
2019-09-18,2019,IRI,IND,3,0,Campeonato Asiatico 2019,False
2019-09-18,2019,AUS,CHN,3,1,Campeonato Asiatico 2019,False
2019-09-18,2019,JPN,KOR,2,3,Campeonato Asiatico 2019,False
2019-09-18,2019,TPE,PAK,3,2,Campeonato Asiatico 2019,False
2019-09-18,2019,SRI,OMA,3,1,Campeonato Asiatico 2019,False
2019-09-18,2019,QAT,KAZ,1,3,Campeonato Asiatico 2019,False
2019-09-18,2019,THA,INA,3,2,Campeonato Asiatico 2019,False
2019-09-18,2019,HKG,KUW,3,1,Campeonato Asiatico 2019,False
2019-09-19,2019,ESP,GER,3,1,Campeonato Europeu 2019,False
2019-09-19,2019,SRB,AUT,3,0,Campeonato Europeu 2019,False
2019-09-19,2019,CZE,MNE,2,3,Campeonato Europeu 2019,False
2019-09-19,2019,POL,UKR,3,0,Campeonato Europeu 2019,False
2019-09-19,2019,SRI,KUW,3,0,Campeonato Asiatico 2019,False
2019-09-19,2019,HKG,OMA,0,3,Campeonato Asiatico 2019,False
2019-09-19,2019,QAT,INA,3,0,Campeonato Asiatico 2019,False
2019-09-19,2019,THA,KAZ,2,3,Campeonato Asiatico 2019,False
2019-09-19,2019,AUS,PAK,3,2,Campeonato Asiatico 2019,False
2019-09-19,2019,KOR,IND,3,1,Campeonato Asiatico 2019,False
2019-09-19,2019,JPN,CHN,3,1,Campeonato Asiatico 2019,False
2019-09-19,2019,IRI,TPE,3,0,Campeonato Asiatico 2019,False
2019-09-20,2019,KUW,HKG,3,2,Campeonato Asiatico 2019,False
2019-09-20,2019,SRI,OMA,2,3,Campeonato Asiatico 2019,False
2019-09-20,2019,INA,THA,2,3,Campeonato Asiatico 2019,False
2019-09-20,2019,QAT,KAZ,3,1,Campeonato Asiatico 2019,False
2019-09-20,2019,IND,TPE,1,3,Campeonato Asiatico 2019,False
2019-09-20,2019,PAK,CHN,1,3,Campeonato Asiatico 2019,False
2019-09-20,2019,KOR,IRI,1,3,Campeonato Asiatico 2019,False
2019-09-20,2019,AUS,JPN,3,2,Campeonato Asiatico 2019,False
2019-09-21,2019,NED,GER,1,3,Campeonato Europeu 2019,False
2019-09-21,2019,RUS,GRE,3,0,Campeonato Europeu 2019,False
2019-09-21,2019,SRB,CZE,3,0,Campeonato Europeu 2019,False
2019-09-21,2019,FRA,FIN,3,0,Campeonato Europeu 2019,False
2019-09-21,2019,POL,ESP,3,0,Campeonato Europeu 2019,False
2019-09-21,2019,BEL,UKR,2,3,Campeonato Europeu 2019,False
2019-09-21,2019,SLO,BUL,3,1,Campeonato Europeu 2019,False
2019-09-21,2019,IND,PAK,2,3,Campeonato Asiatico 2019,False
2019-09-21,2019,TPE,CHN,3,1,Campeonato Asiatico 2019,False
2019-09-21,2019,KOR,JPN,1,3,Campeonato Asiatico 2019,False
2019-09-21,2019,IRI,AUS,3,0,Campeonato Asiatico 2019,False
2019-09-22,2019,ITA,TUR,3,0,Campeonato Europeu 2019,False
2019-09-23,2019,POL,GER,3,0,Campeonato Europeu 2019,False
2019-09-23,2019,RUS,SLO,1,3,Campeonato Europeu 2019,False
2019-09-24,2019,SRB,UKR,3,2,Campeonato Europeu 2019,False
2019-09-24,2019,FRA,ITA,3,0,Campeonato Europeu 2019,False
2019-09-26,2019,POL,SLO,1,3,Campeonato Europeu 2019,False
2019-09-27,2019,SRB,FRA,3,2,Campeonato Europeu 2019,False
2019-09-28,2019,FRA,POL,0,3,Campeonato Europeu 2019,False
2019-09-29,2019,SRB,SLO,3,1,Campeonato Europeu 2019,False
2020-01-10,2020,CAN,MEX,3,0,Campeonato NORCECA 2020,False
2020-01-10,2020,CUB,PUR,3,0,Campeonato NORCECA 2020,False
2020-01-11,2020,PUR,MEX,3,0,Campeonato NORCECA 2020,False
2020-01-11,2020,CAN,CUB,3,2,Campeonato NORCECA 2020,False
2020-01-12,2020,CUB,MEX,3,1,Campeonato NORCECA 2020,False
2020-01-12,2020,CAN,PUR,3,0,Campeonato NORCECA 2020,False
2021-05-21,2021,DEN,ISR,3,2,Liga Europeia 2021,False
2021-05-21,2021,CYP,MKD,0,3,Liga Europeia 2021,False
2021-05-21,2021,CRO,LUX,3,1,Liga Europeia 2021,False
2021-05-21,2021,AUT,HUN,2,3,Liga Europeia 2021,False
2021-05-22,2021,DEN,CYP,3,0,Liga Europeia 2021,False
2021-05-22,2021,ISR,MKD,1,3,Liga Europeia 2021,False
2021-05-22,2021,HUN,LUX,3,0,Liga Europeia 2021,False
2021-05-22,2021,CRO,AUT,3,2,Liga Europeia 2021,False
2021-05-23,2021,ISR,CYP,3,2,Liga Europeia 2021,False
2021-05-23,2021,MKD,DEN,0,3,Liga Europeia 2021,False
2021-05-23,2021,HUN,CRO,3,1,Liga Europeia 2021,False
2021-05-23,2021,LUX,AUT,0,3,Liga Europeia 2021,False
2021-05-27,2021,AUT,HUN,0,3,Liga Europeia 2021,False
2021-05-27,2021,CRO,LUX,3,0,Liga Europeia 2021,False
2021-05-28,2021,FRA,BUL,3,0,Nations League 2021,False
2021-05-28,2021,GER,AUS,3,0,Nations League 2021,False
2021-05-28,2021,JPN,IRI,3,0,Nations League 2021,False
2021-05-28,2021,SRB,SLO,3,1,Nations League 2021,False
2021-05-28,2021,NED,RUS,1,3,Nations League 2021,False
2021-05-28,2021,USA,CAN,3,0,Nations League 2021,False
2021-05-28,2021,POL,ITA,3,0,Nations League 2021,False
2021-05-28,2021,BRA,ARG,3,0,Nations League 2021,False
2021-05-28,2021,EST,ESP,3,0,Liga Europeia 2021,False
2021-05-28,2021,LAT,BEL,1,3,Liga Europeia 2021,False
2021-05-28,2021,CZE,TUR,1,3,Liga Europeia 2021,False
2021-05-28,2021,ISR,CYP,0,3,Liga Europeia 2021,False
2021-05-28,2021,MKD,DEN,3,0,Liga Europeia 2021,False
2021-05-28,2021,HUN,CRO,0,3,Liga Europeia 2021,False
2021-05-29,2021,GER,FRA,2,3,Nations League 2021,False
2021-05-29,2021,IRI,RUS,1,3,Nations League 2021,False
2021-05-29,2021,NED,JPN,2,3,Nations League 2021,False
2021-05-29,2021,AUS,BUL,0,3,Nations League 2021,False
2021-05-29,2021,POL,SRB,3,1,Nations League 2021,False
2021-05-29,2021,ITA,SLO,0,3,Nations League 2021,False
2021-05-29,2021,ARG,CAN,0,3,Nations League 2021,False
2021-05-29,2021,USA,BRA,0,3,Nations League 2021,False
2021-05-29,2021,ESP,BEL,1,3,Liga Europeia 2021,False
2021-05-29,2021,EST,LAT,3,0,Liga Europeia 2021,False
2021-05-29,2021,POR,TUR,0,3,Liga Europeia 2021,False
2021-05-29,2021,BLR,CZE,3,1,Liga Europeia 2021,False
2021-05-29,2021,ISR,MKD,1,3,Liga Europeia 2021,False
2021-05-29,2021,DEN,CYP,3,0,Liga Europeia 2021,False
2021-05-29,2021,CRO,AUT,2,3,Liga Europeia 2021,False
2021-05-29,2021,HUN,LUX,3,0,Liga Europeia 2021,False
2021-05-30,2021,AUS,FRA,1,3,Nations League 2021,False
2021-05-30,2021,NED,IRI,0,3,Nations League 2021,False
2021-05-30,2021,GER,BUL,3,2,Nations League 2021,False
2021-05-30,2021,RUS,JPN,2,3,Nations League 2021,False
2021-05-30,2021,USA,ARG,3,1,Nations League 2021,False
2021-05-30,2021,CAN,BRA,1,3,Nations League 2021,False
2021-05-30,2021,POL,SLO,1,3,Nations League 2021,False
2021-05-30,2021,SRB,ITA,3,1,Nations League 2021,False
2021-05-30,2021,ESP,LAT,3,1,Liga Europeia 2021,False
2021-05-30,2021,BEL,EST,2,3,Liga Europeia 2021,False
2021-05-30,2021,CZE,POR,2,3,Liga Europeia 2021,False
2021-05-30,2021,TUR,BLR,3,0,Liga Europeia 2021,False
2021-05-30,2021,CYP,MKD,1,3,Liga Europeia 2021,False
2021-05-30,2021,DEN,ISR,0,3,Liga Europeia 2021,False
2021-05-30,2021,LUX,AUT,3,0,Liga Europeia 2021,False
2021-05-31,2021,BLR,POR,3,2,Liga Europeia 2021,False
2021-06-01,2021,UKR,ROU,3,1,Liga Europeia 2021,False
2021-06-02,2021,ROU,SVK,2,3,Liga Europeia 2021,False
2021-06-03,2021,GER,ARG,2,3,Nations League 2021,False
2021-06-03,2021,IRI,CAN,3,1,Nations League 2021,False
2021-06-03,2021,JPN,SRB,1,3,Nations League 2021,False
2021-06-03,2021,BRA,FRA,0,3,Nations League 2021,False
2021-06-03,2021,NED,SLO,0,3,Nations League 2021,False
2021-06-03,2021,AUS,POL,0,3,Nations League 2021,False
2021-06-03,2021,ITA,BUL,3,2,Nations League 2021,False
2021-06-03,2021,RUS,USA,3,1,Nations League 2021,False
2021-06-03,2021,SVK,UKR,0,3,Liga Europeia 2021,False
2021-06-04,2021,ARG,SLO,0,3,Nations League 2021,False
2021-06-04,2021,NED,GER,3,2,Nations League 2021,False
2021-06-04,2021,BRA,JPN,3,0,Nations League 2021,False
2021-06-04,2021,SRB,FRA,3,2,Nations League 2021,False
2021-06-04,2021,IRI,ITA,3,1,Nations League 2021,False
2021-06-04,2021,POL,USA,3,0,Nations League 2021,False
2021-06-04,2021,RUS,AUS,3,0,Nations League 2021,False
2021-06-04,2021,CAN,BUL,3,0,Nations League 2021,False
2021-06-04,2021,EST,ESP,3,1,Liga Europeia 2021,False
2021-06-04,2021,LAT,BEL,1,3,Liga Europeia 2021,False
2021-06-04,2021,ROU,UKR,1,3,Liga Europeia 2021,False
2021-06-04,2021,TUR,BLR,3,0,Liga Europeia 2021,False
2021-06-04,2021,CZE,POR,3,0,Liga Europeia 2021,False
2021-06-05,2021,NED,ARG,0,3,Nations League 2021,False
2021-06-05,2021,SLO,GER,1,3,Nations League 2021,False
2021-06-05,2021,FRA,JPN,3,2,Nations League 2021,False
2021-06-05,2021,BRA,SRB,3,1,Nations League 2021,False
2021-06-05,2021,RUS,POL,1,3,Nations League 2021,False
2021-06-05,2021,USA,AUS,3,0,Nations League 2021,False
2021-06-05,2021,BUL,IRI,0,3,Nations League 2021,False
2021-06-05,2021,CAN,ITA,2,3,Nations League 2021,False
2021-06-05,2021,ESP,LAT,3,0,Liga Europeia 2021,False
2021-06-05,2021,BEL,EST,1,3,Liga Europeia 2021,False
2021-06-05,2021,SVK,ROU,1,3,Liga Europeia 2021,False
2021-06-05,2021,BLR,CZE,1,3,Liga Europeia 2021,False
2021-06-05,2021,POR,TUR,0,3,Liga Europeia 2021,False
2021-06-05,2021,MKD,CRO,3,2,Liga Europeia 2021,False
2021-06-05,2021,HUN,DEN,1,3,Liga Europeia 2021,False
2021-06-06,2021,ESP,BEL,0,3,Liga Europeia 2021,False
2021-06-06,2021,EST,LAT,3,0,Liga Europeia 2021,False
2021-06-06,2021,UKR,SVK,3,1,Liga Europeia 2021,False
2021-06-06,2021,CZE,TUR,1,3,Liga Europeia 2021,False
2021-06-06,2021,BLR,POR,3,2,Liga Europeia 2021,False
2021-06-06,2021,CRO,HUN,2,3,Liga Europeia 2021,False
2021-06-06,2021,MKD,DEN,1,3,Liga Europeia 2021,False
2021-06-09,2021,SRB,GER,3,1,Nations League 2021,False
2021-06-09,2021,JPN,AUS,3,1,Nations League 2021,False
2021-06-09,2021,FRA,RUS,3,1,Nations League 2021,False
2021-06-09,2021,SLO,CAN,3,0,Nations League 2021,False
2021-06-09,2021,ARG,ITA,0,3,Nations League 2021,False
2021-06-09,2021,IRI,USA,3,0,Nations League 2021,False
2021-06-09,2021,POL,BUL,3,0,Nations League 2021,False
2021-06-09,2021,NED,BRA,0,3,Nations League 2021,False
2021-06-10,2021,SRB,IRI,3,2,Nations League 2021,False
2021-06-10,2021,RUS,CAN,3,1,Nations League 2021,False
2021-06-10,2021,FRA,SLO,2,3,Nations League 2021,False
2021-06-10,2021,ARG,AUS,3,0,Nations League 2021,False
2021-06-10,2021,GER,USA,0,3,Nations League 2021,False
2021-06-10,2021,BUL,BRA,0,3,Nations League 2021,False
2021-06-10,2021,JPN,ITA,3,2,Nations League 2021,False
2021-06-10,2021,POL,NED,3,0,Nations League 2021,False
2021-06-11,2021,IRI,GER,2,3,Nations League 2021,False
2021-06-11,2021,SLO,RUS,3,2,Nations League 2021,False
2021-06-11,2021,JPN,ARG,1,3,Nations League 2021,False
2021-06-11,2021,NED,BUL,2,3,Nations League 2021,False
2021-06-11,2021,AUS,ITA,0,3,Nations League 2021,False
2021-06-11,2021,USA,SRB,1,3,Nations League 2021,False
2021-06-11,2021,CAN,FRA,1,3,Nations League 2021,False
2021-06-11,2021,POL,BRA,0,3,Nations League 2021,False
2021-06-15,2021,RUS,SRB,3,1,Nations League 2021,False
2021-06-15,2021,IRI,AUS,2,3,Nations League 2021,False
2021-06-15,2021,ARG,BUL,3,1,Nations League 2021,False
2021-06-15,2021,JPN,GER,3,0,Nations League 2021,False
2021-06-15,2021,ITA,USA,0,3,Nations League 2021,False
2021-06-15,2021,CAN,POL,0,3,Nations League 2021,False
2021-06-15,2021,BRA,SLO,3,2,Nations League 2021,False
2021-06-15,2021,NED,FRA,3,2,Nations League 2021,False
2021-06-16,2021,ARG,RUS,1,3,Nations League 2021,False
2021-06-16,2021,SRB,BUL,3,0,Nations League 2021,False
2021-06-16,2021,SLO,AUS,3,1,Nations League 2021,False
2021-06-16,2021,JPN,POL,0,3,Nations League 2021,False
2021-06-16,2021,NED,ITA,1,3,Nations League 2021,False
2021-06-16,2021,CAN,GER,3,0,Nations League 2021,False
2021-06-16,2021,USA,FRA,1,3,Nations League 2021,False
2021-06-16,2021,IRI,BRA,1,3,Nations League 2021,False
2021-06-17,2021,ARG,SRB,3,0,Nations League 2021,False
2021-06-17,2021,BUL,RUS,0,3,Nations League 2021,False
2021-06-17,2021,JPN,CAN,0,3,Nations League 2021,False
2021-06-17,2021,AUS,BRA,0,3,Nations League 2021,False
2021-06-17,2021,IRI,SLO,1,3,Nations League 2021,False
2021-06-17,2021,NED,USA,2,3,Nations League 2021,False
2021-06-17,2021,FRA,ITA,2,3,Nations League 2021,False
2021-06-17,2021,GER,POL,0,3,Nations League 2021,False
2021-06-19,2021,EST,TUR,2,3,Liga Europeia 2021,False
2021-06-19,2021,UKR,BEL,3,0,Liga Europeia 2021,False
2021-06-20,2021,EST,BEL,3,0,Liga Europeia 2021,False
2021-06-20,2021,TUR,UKR,3,1,Liga Europeia 2021,False
2021-06-21,2021,AUS,SRB,1,3,Nations League 2021,False
2021-06-21,2021,JPN,BUL,3,0,Nations League 2021,False
2021-06-21,2021,FRA,IRI,3,0,Nations League 2021,False
2021-06-21,2021,CAN,NED,3,0,Nations League 2021,False
2021-06-21,2021,BRA,ITA,3,1,Nations League 2021,False
2021-06-21,2021,SLO,USA,3,2,Nations League 2021,False
2021-06-21,2021,POL,ARG,3,0,Nations League 2021,False
2021-06-21,2021,GER,RUS,1,3,Nations League 2021,False
2021-06-22,2021,CAN,AUS,3,0,Nations League 2021,False
2021-06-22,2021,SRB,NED,3,2,Nations League 2021,False
2021-06-22,2021,BUL,USA,0,3,Nations League 2021,False
2021-06-22,2021,IRI,POL,0,3,Nations League 2021,False
2021-06-22,2021,JPN,SLO,0,3,Nations League 2021,False
2021-06-22,2021,FRA,ARG,3,0,Nations League 2021,False
2021-06-22,2021,BRA,GER,3,0,Nations League 2021,False
2021-06-22,2021,RUS,ITA,3,2,Nations League 2021,False
2021-06-23,2021,AUS,NED,0,3,Nations League 2021,False
2021-06-23,2021,CAN,SRB,3,2,Nations League 2021,False
2021-06-23,2021,USA,JPN,3,0,Nations League 2021,False
2021-06-23,2021,FRA,POL,3,2,Nations League 2021,False
2021-06-23,2021,IRI,ARG,1,3,Nations League 2021,False
2021-06-23,2021,SLO,BUL,3,0,Nations League 2021,False
2021-06-23,2021,ITA,GER,3,2,Nations League 2021,False
2021-06-23,2021,BRA,RUS,0,3,Nations League 2021,False
2021-06-26,2021,BRA,FRA,3,0,Nations League 2021,False
2021-06-26,2021,POL,SLO,3,0,Nations League 2021,False
2021-06-27,2021,FRA,SLO,3,0,Nations League 2021,False
2021-06-27,2021,BRA,POL,3,1,Nations League 2021,False
2021-07-14,2021,SRI,UZB,3,0,Campeonato Asiatico 2021,False
2021-08-18,2021,USA,GUA,3,2,Campeonato NORCECA 2021,False
2021-08-18,2021,CAN,PUR,0,3,Campeonato NORCECA 2021,False
2021-08-18,2021,CUB,DOM,3,1,Campeonato NORCECA 2021,False
2021-08-18,2021,MEX,TTO,3,0,Campeonato NORCECA 2021,False
2021-08-19,2021,CAN,TTO,3,0,Campeonato NORCECA 2021,False
2021-08-19,2021,CUB,GUA,3,0,Campeonato NORCECA 2021,False
2021-08-19,2021,USA,DOM,3,1,Campeonato NORCECA 2021,False
2021-08-19,2021,MEX,PUR,3,1,Campeonato NORCECA 2021,False
2021-08-20,2021,PUR,TTO,3,0,Campeonato NORCECA 2021,False
2021-08-20,2021,DOM,GUA,3,1,Campeonato NORCECA 2021,False
2021-08-20,2021,USA,CUB,0,3,Campeonato NORCECA 2021,False
2021-08-20,2021,MEX,CAN,3,0,Campeonato NORCECA 2021,False
2021-08-21,2021,USA,CAN,2,3,Campeonato NORCECA 2021,False
2021-08-21,2021,PUR,DOM,3,1,Campeonato NORCECA 2021,False
2021-08-22,2021,TTO,DOM,0,3,Campeonato NORCECA 2021,False
2021-08-22,2021,GUA,USA,1,3,Campeonato NORCECA 2021,False
2021-08-22,2021,CUB,PUR,1,3,Campeonato NORCECA 2021,False
2021-08-22,2021,MEX,CAN,0,3,Campeonato NORCECA 2021,False
2021-08-23,2021,TTO,GUA,0,3,Campeonato NORCECA 2021,False
2021-08-23,2021,DOM,USA,1,3,Campeonato NORCECA 2021,False
2021-08-23,2021,CUB,MEX,1,3,Campeonato NORCECA 2021,False
2021-08-23,2021,PUR,CAN,3,0,Campeonato NORCECA 2021,False
2021-09-01,2021,FIN,MKD,3,1,Campeonato Europeu 2021,False
2021-09-01,2021,EST,LAT,1,3,Campeonato Europeu 2021,False
2021-09-01,2021,ARG,COL,3,0,Campeonato Sul-Americano 2021,False
2021-09-01,2021,PER,BRA,0,3,Campeonato Sul-Americano 2021,False
2021-09-02,2021,GRE,UKR,2,3,Campeonato Europeu 2021,False
2021-09-02,2021,POL,POR,3,1,Campeonato Europeu 2021,False
2021-09-02,2021,BEL,SRB,1,3,Campeonato Europeu 2021,False
2021-09-02,2021,RUS,TUR,1,3,Campeonato Europeu 2021,False
2021-09-02,2021,NED,ESP,3,0,Campeonato Europeu 2021,False
2021-09-02,2021,CHI,PER,3,0,Campeonato Sul-Americano 2021,False
2021-09-02,2021,BRA,COL,3,0,Campeonato Sul-Americano 2021,False
2021-09-03,2021,BEL,POR,2,3,Campeonato Europeu 2021,False
2021-09-03,2021,UKR,SRB,0,3,Campeonato Europeu 2021,False
2021-09-03,2021,ITA,BLR,3,0,Campeonato Europeu 2021,False
2021-09-03,2021,MNE,BUL,0,3,Campeonato Europeu 2021,False
2021-09-03,2021,CZE,SLO,3,1,Campeonato Europeu 2021,False
2021-09-03,2021,TUR,ESP,3,1,Campeonato Europeu 2021,False
2021-09-03,2021,NED,MKD,3,0,Campeonato Europeu 2021,False
2021-09-03,2021,CRO,GER,0,3,Campeonato Europeu 2021,False
2021-09-03,2021,FRA,SVK,3,0,Campeonato Europeu 2021,False
2021-09-03,2021,PER,ARG,0,3,Campeonato Sul-Americano 2021,False
2021-09-03,2021,CHI,BRA,0,3,Campeonato Sul-Americano 2021,False
2021-09-03,2021,SUR,CAN,0,3,Copa Pan-Americana 2021,False
2021-09-03,2021,USA,MEX,3,0,Copa Pan-Americana 2021,False
2021-09-03,2021,DOM,PUR,3,1,Copa Pan-Americana 2021,False
2021-09-04,2021,BEL,GRE,3,0,Campeonato Europeu 2021,False
2021-09-04,2021,SRB,POL,2,3,Campeonato Europeu 2021,False
2021-09-04,2021,MNE,SLO,0,3,Campeonato Europeu 2021,False
2021-09-04,2021,BLR,CZE,3,1,Campeonato Europeu 2021,False
2021-09-04,2021,ESP,FIN,0,3,Campeonato Europeu 2021,False
2021-09-04,2021,NED,RUS,2,3,Campeonato Europeu 2021,False
2021-09-04,2021,SVK,EST,2,3,Campeonato Europeu 2021,False
2021-09-04,2021,CRO,LAT,3,2,Campeonato Europeu 2021,False
2021-09-04,2021,ARG,CHI,3,1,Campeonato Sul-Americano 2021,False
2021-09-04,2021,COL,PER,3,1,Campeonato Sul-Americano 2021,False
2021-09-04,2021,MEX,CAN,1,3,Copa Pan-Americana 2021,False
2021-09-04,2021,USA,PUR,3,0,Copa Pan-Americana 2021,False
2021-09-04,2021,DOM,SUR,3,0,Copa Pan-Americana 2021,False
2021-09-05,2021,POR,UKR,2,3,Campeonato Europeu 2021,False
2021-09-05,2021,GRE,POL,1,3,Campeonato Europeu 2021,False
2021-09-05,2021,CZE,BUL,2,3,Campeonato Europeu 2021,False
2021-09-05,2021,ITA,MNE,3,0,Campeonato Europeu 2021,False
2021-09-05,2021,MKD,TUR,0,3,Campeonato Europeu 2021,False
2021-09-05,2021,RUS,FIN,3,1,Campeonato Europeu 2021,False
2021-09-05,2021,EST,GER,0,3,Campeonato Europeu 2021,False
2021-09-05,2021,FRA,CRO,3,0,Campeonato Europeu 2021,False
2021-09-05,2021,BRA,ARG,3,1,Campeonato Sul-Americano 2021,False
2021-09-05,2021,COL,CHI,1,3,Campeonato Sul-Americano 2021,False
2021-09-05,2021,SUR,MEX,0,3,Copa Pan-Americana 2021,False
2021-09-05,2021,PUR,CAN,1,3,Copa Pan-Americana 2021,False
2021-09-05,2021,DOM,USA,3,2,Copa Pan-Americana 2021,False
2021-09-06,2021,POR,SRB,1,3,Campeonato Europeu 2021,False
2021-09-06,2021,POL,BEL,3,0,Campeonato Europeu 2021,False
2021-09-06,2021,BUL,ITA,1,3,Campeonato Europeu 2021,False
2021-09-06,2021,SLO,BLR,3,0,Campeonato Europeu 2021,False
2021-09-06,2021,MKD,ESP,1,3,Campeonato Europeu 2021,False
2021-09-06,2021,TUR,NED,1,3,Campeonato Europeu 2021,False
2021-09-06,2021,LAT,SVK,2,3,Campeonato Europeu 2021,False
2021-09-06,2021,GER,FRA,1,3,Campeonato Europeu 2021,False
2021-09-06,2021,USA,SUR,3,0,Copa Pan-Americana 2021,False
2021-09-06,2021,MEX,PUR,3,0,Copa Pan-Americana 2021,False
2021-09-06,2021,DOM,CAN,1,3,Copa Pan-Americana 2021,False
2021-09-07,2021,SRB,GRE,3,2,Campeonato Europeu 2021,False
2021-09-07,2021,UKR,BEL,3,1,Campeonato Europeu 2021,False
2021-09-07,2021,SLO,BUL,3,0,Campeonato Europeu 2021,False
2021-09-07,2021,MNE,CZE,0,3,Campeonato Europeu 2021,False
2021-09-07,2021,ESP,RUS,1,3,Campeonato Europeu 2021,False
2021-09-07,2021,FIN,NED,1,3,Campeonato Europeu 2021,False
2021-09-07,2021,LAT,GER,1,3,Campeonato Europeu 2021,False
2021-09-07,2021,CRO,EST,3,2,Campeonato Europeu 2021,False
2021-09-07,2021,PUR,SUR,3,1,Copa Pan-Americana 2021,False
2021-09-07,2021,CAN,USA,2,3,Copa Pan-Americana 2021,False
2021-09-07,2021,DOM,MEX,2,3,Copa Pan-Americana 2021,False
2021-09-08,2021,POL,UKR,3,0,Campeonato Europeu 2021,False
2021-09-08,2021,GRE,POR,1,3,Campeonato Europeu 2021,False
2021-09-08,2021,ITA,SLO,3,0,Campeonato Europeu 2021,False
2021-09-08,2021,BLR,MNE,3,0,Campeonato Europeu 2021,False
2021-09-08,2021,RUS,MKD,3,0,Campeonato Europeu 2021,False
2021-09-08,2021,FIN,TUR,3,2,Campeonato Europeu 2021,False
2021-09-08,2021,SVK,CRO,1,3,Campeonato Europeu 2021,False
2021-09-08,2021,FRA,LAT,3,0,Campeonato Europeu 2021,False
2021-09-08,2021,USA,MEX,0,3,Copa Pan-Americana 2021,False
2021-09-08,2021,CAN,DOM,3,0,Copa Pan-Americana 2021,False
2021-09-08,2021,PUR,SUR,3,1,Copa Pan-Americana 2021,False
2021-09-09,2021,BUL,BLR,3,1,Campeonato Europeu 2021,False
2021-09-09,2021,CZE,ITA,1,3,Campeonato Europeu 2021,False
2021-09-09,2021,GER,SVK,3,2,Campeonato Europeu 2021,False
2021-09-09,2021,EST,FRA,0,3,Campeonato Europeu 2021,False
2021-09-09,2021,DOM,USA,1,3,Copa Pan-Americana 2021,False
2021-09-09,2021,CAN,MEX,0,3,Copa Pan-Americana 2021,False
2021-09-11,2021,RUS,UKR,3,1,Campeonato Europeu 2021,False
2021-09-11,2021,POL,FIN,3,0,Campeonato Europeu 2021,False
2021-09-12,2021,ITA,LAT,3,0,Campeonato Europeu 2021,False
2021-09-12,2021,NED,POR,3,2,Campeonato Europeu 2021,False
2021-09-12,2021,GER,BUL,3,1,Campeonato Europeu 2021,False
2021-09-12,2021,SRB,TUR,3,2,Campeonato Europeu 2021,False
2021-09-12,2021,BRN,IND,3,0,Campeonato Asiatico 2021,False
2021-09-12,2021,JPN,QAT,3,0,Campeonato Asiatico 2021,False
2021-09-12,2021,THA,PAK,2,3,Campeonato Asiatico 2021,False
2021-09-12,2021,IRI,HKG,3,0,Campeonato Asiatico 2021,False
2021-09-12,2021,KUW,CHN,0,3,Campeonato Asiatico 2021,False
2021-09-12,2021,AUS,UZB,3,0,Campeonato Asiatico 2021,False
2021-09-12,2021,TPE,KAZ,3,0,Campeonato Asiatico 2021,False
2021-09-12,2021,KSA,KOR,0,3,Campeonato Asiatico 2021,False
2021-09-13,2021,SLO,CRO,3,1,Campeonato Europeu 2021,False
2021-09-13,2021,FRA,CZE,0,3,Campeonato Europeu 2021,False
2021-09-13,2021,IND,QAT,0,3,Campeonato Asiatico 2021,False
2021-09-13,2021,BRN,JPN,1,3,Campeonato Asiatico 2021,False
2021-09-13,2021,HKG,PAK,1,3,Campeonato Asiatico 2021,False
2021-09-13,2021,IRI,THA,3,0,Campeonato Asiatico 2021,False
2021-09-13,2021,UZB,CHN,0,3,Campeonato Asiatico 2021,False
2021-09-13,2021,AUS,KUW,3,0,Campeonato Asiatico 2021,False
2021-09-13,2021,KSA,TPE,0,3,Campeonato Asiatico 2021,False
2021-09-13,2021,KOR,KAZ,3,0,Campeonato Asiatico 2021,False
2021-09-14,2021,NED,SRB,0,3,Campeonato Europeu 2021,False
2021-09-14,2021,POL,RUS,3,0,Campeonato Europeu 2021,False
2021-09-14,2021,QAT,BRN,3,0,Campeonato Asiatico 2021,False
2021-09-14,2021,JPN,IND,3,0,Campeonato Asiatico 2021,False
2021-09-14,2021,PAK,IRI,0,3,Campeonato Asiatico 2021,False
2021-09-14,2021,THA,HKG,3,1,Campeonato Asiatico 2021,False
2021-09-14,2021,KUW,UZB,3,1,Campeonato Asiatico 2021,False
2021-09-14,2021,CHN,AUS,2,3,Campeonato Asiatico 2021,False
2021-09-14,2021,KAZ,KSA,0,3,Campeonato Asiatico 2021,False
2021-09-14,2021,TPE,KOR,3,1,Campeonato Asiatico 2021,False
2021-09-15,2021,ITA,GER,3,0,Campeonato Europeu 2021,False
2021-09-15,2021,CZE,SLO,0,3,Campeonato Europeu 2021,False
2021-09-16,2021,QAT,AUS,3,0,Campeonato Asiatico 2021,False
2021-09-16,2021,JPN,CHN,1,3,Campeonato Asiatico 2021,False
2021-09-16,2021,PAK,TPE,1,3,Campeonato Asiatico 2021,False
2021-09-16,2021,IRI,KOR,3,0,Campeonato Asiatico 2021,False
2021-09-16,2021,IND,KUW,3,0,Campeonato Asiatico 2021,False
2021-09-16,2021,BRN,UZB,3,0,Campeonato Asiatico 2021,False
2021-09-16,2021,THA,KAZ,1,3,Campeonato Asiatico 2021,False
2021-09-16,2021,HKG,KSA,0,3,Campeonato Asiatico 2021,False
2021-09-17,2021,QAT,CHN,2,3,Campeonato Asiatico 2021,False
2021-09-17,2021,JPN,AUS,3,0,Campeonato Asiatico 2021,False
2021-09-17,2021,PAK,KOR,3,0,Campeonato Asiatico 2021,False
2021-09-17,2021,IRI,TPE,3,0,Campeonato Asiatico 2021,False
2021-09-17,2021,IND,UZB,3,0,Campeonato Asiatico 2021,False
2021-09-17,2021,BRN,KUW,3,0,Campeonato Asiatico 2021,False
2021-09-17,2021,HKG,KAZ,0,3,Campeonato Asiatico 2021,False
2021-09-17,2021,THA,KSA,1,3,Campeonato Asiatico 2021,False
2021-09-18,2021,POL,SLO,1,3,Campeonato Europeu 2021,False
2021-09-18,2021,SRB,ITA,1,3,Campeonato Europeu 2021,False
2021-09-18,2021,UZB,THA,3,2,Campeonato Asiatico 2021,False
2021-09-18,2021,KUW,HKG,2,3,Campeonato Asiatico 2021,False
2021-09-18,2021,BRN,KAZ,3,1,Campeonato Asiatico 2021,False
2021-09-18,2021,IND,KSA,3,0,Campeonato Asiatico 2021,False
2021-09-18,2021,QAT,KOR,3,0,Campeonato Asiatico 2021,False
2021-09-18,2021,AUS,PAK,3,0,Campeonato Asiatico 2021,False
2021-09-18,2021,CHN,IRI,1,3,Campeonato Asiatico 2021,False
2021-09-18,2021,JPN,TPE,3,1,Campeonato Asiatico 2021,False
2021-09-19,2021,POL,SRB,3,0,Campeonato Europeu 2021,False
2021-09-19,2021,SLO,ITA,2,3,Campeonato Europeu 2021,False
2021-09-19,2021,KUW,THA,1,3,Campeonato Asiatico 2021,False
2021-09-19,2021,HKG,UZB,0,3,Campeonato Asiatico 2021,False
2021-09-19,2021,KAZ,KSA,3,0,Campeonato Asiatico 2021,False
2021-09-19,2021,BRN,IND,2,3,Campeonato Asiatico 2021,False
2021-09-19,2021,KOR,PAK,0,3,Campeonato Asiatico 2021,False
2021-09-19,2021,QAT,AUS,3,0,Campeonato Asiatico 2021,False
2021-09-19,2021,TPE,CHN,0,3,Campeonato Asiatico 2021,False
2021-09-19,2021,JPN,IRI,0,3,Campeonato Asiatico 2021,False
2022-05-24,2022,ALB,ROU,1,3,Liga Europeia 2022,False
2022-05-25,2022,TUR,SVK,3,0,Liga Europeia 2022,False
2022-05-25,2022,DEN,ESP,2,3,Liga Europeia 2022,False
2022-05-25,2022,CRO,UKR,1,3,Liga Europeia 2022,False
2022-05-25,2022,EST,CZE,1,3,Liga Europeia 2022,False
2022-05-25,2022,BEL,LAT,3,0,Liga Europeia 2022,False
2022-05-25,2022,MKD,BIH,3,0,Liga Europeia 2022,False
2022-05-26,2022,UKR,CRO,3,1,Liga Europeia 2022,False
2022-05-28,2022,UKR,ESP,3,1,Liga Europeia 2022,False
2022-05-28,2022,CRO,DEN,3,0,Liga Europeia 2022,False
2022-05-28,2022,LAT,EST,2,3,Liga Europeia 2022,False
2022-05-28,2022,CZE,BEL,3,0,Liga Europeia 2022,False
2022-05-28,2022,FIN,HUN,3,0,Liga Europeia 2022,False
2022-05-28,2022,ROU,MKD,3,2,Liga Europeia 2022,False
2022-05-28,2022,BIH,ALB,3,2,Liga Europeia 2022,False
2022-05-29,2022,POR,SVK,3,0,Liga Europeia 2022,False
2022-05-29,2022,ESP,UKR,0,3,Liga Europeia 2022,False
2022-06-01,2022,POR,TUR,1,3,Liga Europeia 2022,False
2022-06-01,2022,CRO,ESP,3,1,Liga Europeia 2022,False
2022-06-01,2022,EST,BEL,3,1,Liga Europeia 2022,False
2022-06-01,2022,LAT,CZE,0,3,Liga Europeia 2022,False
2022-06-01,2022,ROU,BIH,3,0,Liga Europeia 2022,False
2022-06-01,2022,MKD,ALB,1,3,Liga Europeia 2022,False
2022-06-03,2022,PUR,MEX,2,3,Campeonato NORCECA 2022,False
2022-06-03,2022,CUB,DOM,3,0,Campeonato NORCECA 2022,False
2022-06-03,2022,UKR,DEN,3,2,Liga Europeia 2022,False
2022-06-04,2022,PUR,DOM,2,3,Campeonato NORCECA 2022,False
2022-06-04,2022,MEX,CUB,0,3,Campeonato NORCECA 2022,False
2022-06-04,2022,ESP,CRO,2,3,Liga Europeia 2022,False
2022-06-04,2022,DEN,UKR,2,3,Liga Europeia 2022,False
2022-06-04,2022,CZE,LAT,3,0,Liga Europeia 2022,False
2022-06-04,2022,BIH,ROU,1,3,Liga Europeia 2022,False
2022-06-04,2022,ALB,MKD,3,1,Liga Europeia 2022,False
2022-06-05,2022,DOM,MEX,3,2,Campeonato NORCECA 2022,False
2022-06-05,2022,CUB,PUR,3,0,Campeonato NORCECA 2022,False
2022-06-05,2022,TUR,POR,3,0,Liga Europeia 2022,False
2022-06-05,2022,BEL,EST,0,3,Liga Europeia 2022,False
2022-06-07,2022,CHN,IRI,1,3,Nations League 2022,False
2022-06-07,2022,SLO,USA,0,3,Nations League 2022,False
2022-06-07,2022,BUL,SRB,1,3,Nations League 2022,False
2022-06-07,2022,CAN,GER,0,3,Nations League 2022,False
2022-06-08,2022,JPN,NED,3,1,Nations League 2022,False
2022-06-08,2022,BRA,AUS,3,0,Nations League 2022,False
2022-06-08,2022,POL,ARG,3,0,Nations League 2022,False
2022-06-08,2022,FRA,ITA,3,0,Nations League 2022,False
2022-06-08,2022,SVK,POR,2,3,Liga Europeia 2022,False
2022-06-08,2022,DEN,CRO,0,3,Liga Europeia 2022,False
2022-06-08,2022,EST,LAT,3,1,Liga Europeia 2022,False
2022-06-08,2022,BEL,CZE,1,3,Liga Europeia 2022,False
2022-06-08,2022,ALB,BIH,3,0,Liga Europeia 2022,False
2022-06-08,2022,MKD,ROU,3,1,Liga Europeia 2022,False
2022-06-09,2022,JPN,CHN,3,1,Nations League 2022,False
2022-06-09,2022,NED,USA,0,3,Nations League 2022,False
2022-06-09,2022,BRA,SLO,3,1,Nations League 2022,False
2022-06-09,2022,GER,ARG,1,3,Nations League 2022,False
2022-06-09,2022,SRB,FRA,1,3,Nations League 2022,False
2022-06-09,2022,POL,ITA,1,3,Nations League 2022,False
2022-06-10,2022,NED,IRI,3,0,Nations League 2022,False
2022-06-10,2022,JPN,USA,2,3,Nations League 2022,False
2022-06-10,2022,AUS,SLO,0,3,Nations League 2022,False
2022-06-10,2022,SRB,ARG,3,2,Nations League 2022,False
2022-06-10,2022,BUL,GER,2,3,Nations League 2022,False
2022-06-10,2022,FRA,CAN,3,0,Nations League 2022,False
2022-06-11,2022,USA,BRA,3,1,Nations League 2022,False
2022-06-11,2022,SLO,CHN,3,1,Nations League 2022,False
2022-06-11,2022,IRI,AUS,3,1,Nations League 2022,False
2022-06-11,2022,GER,SRB,3,2,Nations League 2022,False
2022-06-11,2022,BUL,POL,0,3,Nations League 2022,False
2022-06-11,2022,CAN,ITA,0,3,Nations League 2022,False
2022-06-11,2022,SVK,TUR,0,3,Liga Europeia 2022,False
2022-06-11,2022,ESP,DEN,3,1,Liga Europeia 2022,False
2022-06-11,2022,CZE,EST,3,0,Liga Europeia 2022,False
2022-06-11,2022,LAT,BEL,0,3,Liga Europeia 2022,False
2022-06-11,2022,BIH,MKD,0,3,Liga Europeia 2022,False
2022-06-12,2022,BRA,CHN,0,3,Nations League 2022,False
2022-06-12,2022,IRI,JPN,0,3,Nations League 2022,False
2022-06-12,2022,NED,AUS,3,0,Nations League 2022,False
2022-06-12,2022,FRA,POL,1,3,Nations League 2022,False
2022-06-12,2022,ARG,ITA,1,3,Nations League 2022,False
2022-06-12,2022,BUL,CAN,2,3,Nations League 2022,False
2022-06-12,2022,HUN,FIN,1,3,Liga Europeia 2022,False
2022-06-12,2022,ROU,ALB,3,0,Liga Europeia 2022,False
2022-06-18,2022,FIN,MKD,3,1,Liga Europeia 2022,False
2022-06-18,2022,ROU,HUN,3,0,Liga Europeia 2022,False
2022-06-18,2022,CZE,UKR,3,2,Liga Europeia 2022,False
2022-06-18,2022,TUR,CRO,3,1,Liga Europeia 2022,False
2022-06-19,2022,MKD,HUN,3,2,Liga Europeia 2022,False
2022-06-19,2022,FIN,ROU,2,3,Liga Europeia 2022,False
2022-06-19,2022,CRO,UKR,3,2,Liga Europeia 2022,False
2022-06-19,2022,TUR,CZE,1,3,Liga Europeia 2022,False
2022-06-21,2022,SLO,NED,0,3,Nations League 2022,False
2022-06-21,2022,ARG,JPN,1,3,Nations League 2022,False
2022-06-21,2022,AUS,CAN,1,3,Nations League 2022,False
2022-06-21,2022,IRI,BUL,0,3,Nations League 2022,False
2022-06-22,2022,CHN,FRA,0,3,Nations League 2022,False
2022-06-22,2022,GER,ITA,0,3,Nations League 2022,False
2022-06-22,2022,BRA,POL,1,3,Nations League 2022,False
2022-06-22,2022,SRB,USA,1,3,Nations League 2022,False
2022-06-23,2022,FRA,NED,3,0,Nations League 2022,False
2022-06-23,2022,CHN,GER,3,0,Nations League 2022,False
2022-06-23,2022,ARG,SLO,1,3,Nations League 2022,False
2022-06-23,2022,POL,CAN,3,0,Nations League 2022,False
2022-06-23,2022,SRB,BRA,0,3,Nations League 2022,False
2022-06-23,2022,USA,IRI,0,3,Nations League 2022,False
2022-06-24,2022,GER,NED,1,3,Nations League 2022,False
2022-06-24,2022,ARG,CHN,3,1,Nations League 2022,False
2022-06-24,2022,JPN,ITA,3,2,Nations League 2022,False
2022-06-24,2022,SRB,CAN,3,2,Nations League 2022,False
2022-06-24,2022,IRI,BRA,0,3,Nations League 2022,False
2022-06-24,2022,AUS,BUL,3,2,Nations League 2022,False
2022-06-25,2022,ARG,NED,2,3,Nations League 2022,False
2022-06-25,2022,JPN,FRA,0,3,Nations League 2022,False
2022-06-25,2022,ITA,SLO,3,0,Nations League 2022,False
2022-06-25,2022,CAN,IRI,0,3,Nations League 2022,False
2022-06-25,2022,POL,AUS,3,0,Nations League 2022,False
2022-06-25,2022,USA,BUL,3,1,Nations League 2022,False
2022-06-26,2022,GER,FRA,1,3,Nations League 2022,False
2022-06-26,2022,JPN,SLO,3,1,Nations League 2022,False
2022-06-26,2022,ITA,CHN,3,0,Nations League 2022,False
2022-06-26,2022,SRB,AUS,3,0,Nations League 2022,False
2022-06-26,2022,USA,POL,1,3,Nations League 2022,False
2022-06-26,2022,BUL,BRA,0,3,Nations League 2022,False
2022-07-05,2022,USA,GER,3,1,Nations League 2022,False
2022-07-05,2022,CAN,ARG,1,3,Nations League 2022,False
2022-07-05,2022,BUL,ITA,0,3,Nations League 2022,False
2022-07-05,2022,IRI,POL,3,2,Nations League 2022,False
2022-07-06,2022,BRA,GER,3,1,Nations League 2022,False
2022-07-06,2022,JPN,AUS,3,1,Nations League 2022,False
2022-07-06,2022,NED,CHN,3,0,Nations League 2022,False
2022-07-06,2022,SLO,SRB,3,0,Nations League 2022,False
2022-07-07,2022,FRA,USA,2,3,Nations League 2022,False
2022-07-07,2022,GER,AUS,3,1,Nations League 2022,False
2022-07-07,2022,CAN,BRA,0,3,Nations League 2022,False
2022-07-07,2022,ITA,IRI,3,1,Nations League 2022,False
2022-07-07,2022,BUL,SLO,1,3,Nations League 2022,False
2022-07-07,2022,POL,CHN,3,0,Nations League 2022,False
2022-07-08,2022,ARG,AUS,3,1,Nations League 2022,False
2022-07-08,2022,FRA,BRA,3,0,Nations League 2022,False
2022-07-08,2022,JPN,CAN,3,1,Nations League 2022,False
2022-07-08,2022,BUL,NED,3,1,Nations League 2022,False
2022-07-08,2022,SLO,IRI,0,3,Nations League 2022,False
2022-07-08,2022,ITA,SRB,3,0,Nations League 2022,False
2022-07-09,2022,FRA,ARG,1,3,Nations League 2022,False
2022-07-09,2022,CAN,USA,0,3,Nations League 2022,False
2022-07-09,2022,GER,JPN,1,3,Nations League 2022,False
2022-07-09,2022,CHN,BUL,3,1,Nations League 2022,False
2022-07-09,2022,IRI,SRB,3,0,Nations League 2022,False
2022-07-09,2022,POL,NED,3,0,Nations League 2022,False
2022-07-10,2022,USA,ARG,3,2,Nations League 2022,False
2022-07-10,2022,AUS,FRA,0,3,Nations League 2022,False
2022-07-10,2022,BRA,JPN,3,0,Nations League 2022,False
2022-07-10,2022,CHN,SRB,1,3,Nations League 2022,False
2022-07-10,2022,ITA,NED,3,0,Nations League 2022,False
2022-07-10,2022,POL,SLO,3,1,Nations League 2022,False
2022-07-20,2022,USA,BRA,3,1,Nations League 2022,False
2022-07-20,2022,ITA,NED,3,1,Nations League 2022,False
2022-07-21,2022,FRA,JPN,3,0,Nations League 2022,False
2022-07-21,2022,POL,IRI,3,2,Nations League 2022,False
2022-07-23,2022,POL,USA,0,3,Nations League 2022,False
2022-07-23,2022,ITA,FRA,0,3,Nations League 2022,False
2022-07-24,2022,ITA,POL,0,3,Nations League 2022,False
2022-07-24,2022,FRA,USA,3,2,Nations League 2022,False
2022-07-28,2022,KOR,AUS,3,2,Challenger Cup 2022,False
2022-07-28,2022,CUB,CHI,3,0,Challenger Cup 2022,False
2022-07-29,2022,TUR,QAT,3,1,Challenger Cup 2022,False
2022-07-29,2022,TUN,CZE,1,3,Challenger Cup 2022,False
2022-07-30,2022,CUB,CZE,3,0,Challenger Cup 2022,False
2022-07-30,2022,KOR,TUR,0,3,Challenger Cup 2022,False
2022-07-31,2022,CZE,KOR,2,3,Challenger Cup 2022,False
2022-07-31,2022,CUB,TUR,3,1,Challenger Cup 2022,False
2022-08-09,2022,DOM,USA,0,3,Copa Pan-Americana 2022,False
2022-08-09,2022,CHI,CUB,0,3,Copa Pan-Americana 2022,False
2022-08-09,2022,BRA,PUR,1,3,Copa Pan-Americana 2022,False
2022-08-09,2022,CAN,MEX,2,3,Copa Pan-Americana 2022,False
2022-08-10,2022,CUB,DOM,3,0,Copa Pan-Americana 2022,False
2022-08-10,2022,USA,CHI,3,0,Copa Pan-Americana 2022,False
2022-08-10,2022,BRA,MEX,1,3,Copa Pan-Americana 2022,False
2022-08-10,2022,CAN,PUR,3,0,Copa Pan-Americana 2022,False
2022-08-11,2022,CHI,DOM,3,1,Copa Pan-Americana 2022,False
2022-08-11,2022,USA,CUB,0,3,Copa Pan-Americana 2022,False
2022-08-11,2022,MEX,PUR,2,3,Copa Pan-Americana 2022,False
2022-08-11,2022,CAN,BRA,3,2,Copa Pan-Americana 2022,False
2022-08-12,2022,MEX,CHI,2,3,Copa Pan-Americana 2022,False
2022-08-12,2022,USA,PUR,3,0,Copa Pan-Americana 2022,False
2022-08-13,2022,BRA,PUR,0,3,Copa Pan-Americana 2022,False
2022-08-13,2022,DOM,MEX,1,3,Copa Pan-Americana 2022,False
2022-08-13,2022,CUB,CHI,3,0,Copa Pan-Americana 2022,False
2022-08-13,2022,CAN,USA,3,2,Copa Pan-Americana 2022,False
2022-08-14,2022,BRA,DOM,2,3,Copa Pan-Americana 2022,False
2022-08-14,2022,PUR,MEX,3,1,Copa Pan-Americana 2022,False
2022-08-14,2022,CHI,USA,1,3,Copa Pan-Americana 2022,False
2022-08-14,2022,CUB,CAN,3,0,Copa Pan-Americana 2022,False
2023-03-13,2023,USA,BIZ,3,0,Campeonato NORCECA 2023,False
2023-03-13,2023,CRC,MEX,0,3,Campeonato NORCECA 2023,False
2023-03-13,2023,PUR,NCA,3,1,Campeonato NORCECA 2023,False
2023-03-13,2023,GUA,SUR,3,0,Campeonato NORCECA 2023,False
2023-03-14,2023,PUR,SUR,3,0,Campeonato NORCECA 2023,False
2023-03-14,2023,USA,MEX,3,1,Campeonato NORCECA 2023,False
2023-03-14,2023,CRC,BIZ,3,2,Campeonato NORCECA 2023,False
2023-03-14,2023,GUA,NCA,3,1,Campeonato NORCECA 2023,False
2023-03-15,2023,CRC,USA,0,3,Campeonato NORCECA 2023,False
2023-03-15,2023,MEX,BIZ,3,0,Campeonato NORCECA 2023,False
2023-03-15,2023,SUR,NCA,0,3,Campeonato NORCECA 2023,False
2023-03-15,2023,GUA,PUR,0,3,Campeonato NORCECA 2023,False
2023-03-16,2023,MEX,NCA,3,0,Campeonato NORCECA 2023,False
2023-03-16,2023,GUA,CRC,0,3,Campeonato NORCECA 2023,False
2023-03-17,2023,SUR,NCA,2,3,Campeonato NORCECA 2023,False
2023-03-17,2023,BIZ,GUA,0,3,Campeonato NORCECA 2023,False
2023-03-17,2023,PUR,MEX,0,3,Campeonato NORCECA 2023,False
2023-03-17,2023,USA,CRC,3,0,Campeonato NORCECA 2023,False
2023-03-18,2023,SUR,BIZ,0,3,Campeonato NORCECA 2023,False
2023-03-18,2023,NCA,GUA,0,3,Campeonato NORCECA 2023,False
2023-03-18,2023,PUR,CRC,3,2,Campeonato NORCECA 2023,False
2023-03-18,2023,MEX,USA,0,3,Campeonato NORCECA 2023,False
2023-05-27,2023,POR,ROU,3,0,Liga Europeia 2023,False
2023-05-27,2023,DEN,TUR,0,3,Liga Europeia 2023,False
2023-05-27,2023,BEL,CRO,3,1,Liga Europeia 2023,False
2023-05-27,2023,UKR,MKD,3,0,Liga Europeia 2023,False
2023-05-27,2023,CZE,SVK,3,1,Liga Europeia 2023,False
2023-05-27,2023,EST,FIN,0,3,Liga Europeia 2023,False
2023-05-27,2023,HUN,GEO,3,0,Liga Europeia 2023,False
2023-05-29,2023,FAI,CYP,0,3,Liga Europeia 2023,False
2023-05-30,2023,CYP,FAI,3,0,Liga Europeia 2023,False
2023-05-31,2023,DEN,ROU,3,0,Liga Europeia 2023,False
2023-05-31,2023,POR,TUR,2,3,Liga Europeia 2023,False
2023-05-31,2023,UKR,CRO,3,0,Liga Europeia 2023,False
2023-05-31,2023,MKD,BEL,3,1,Liga Europeia 2023,False
2023-05-31,2023,CZE,FIN,3,2,Liga Europeia 2023,False
2023-05-31,2023,EST,SVK,3,0,Liga Europeia 2023,False
2023-05-31,2023,GEO,AUT,0,3,Liga Europeia 2023,False
2023-06-03,2023,DEN,POR,3,1,Liga Europeia 2023,False
2023-06-03,2023,BEL,UKR,0,3,Liga Europeia 2023,False
2023-06-03,2023,MKD,CRO,3,2,Liga Europeia 2023,False
2023-06-03,2023,CZE,EST,3,1,Liga Europeia 2023,False
2023-06-03,2023,AUT,HUN,2,3,Liga Europeia 2023,False
2023-06-04,2023,TUR,ROU,2,3,Liga Europeia 2023,False
2023-06-04,2023,FIN,SVK,3,2,Liga Europeia 2023,False
2023-06-04,2023,FAI,LAT,0,3,Liga Europeia 2023,False
2023-06-06,2023,BUL,CHN,2,3,Nations League 2023,False
2023-06-06,2023,JPN,IRI,3,0,Nations League 2023,False
2023-06-06,2023,ITA,ARG,0,3,Nations League 2023,False
2023-06-06,2023,CAN,CUB,3,2,Nations League 2023,False
2023-06-07,2023,SLO,SRB,3,1,Nations League 2023,False
2023-06-07,2023,POL,FRA,3,1,Nations League 2023,False
2023-06-07,2023,USA,NED,3,0,Nations League 2023,False
2023-06-07,2023,BRA,GER,3,1,Nations League 2023,False
2023-06-08,2023,SLO,BUL,0,3,Nations League 2023,False
2023-06-08,2023,SRB,CHN,3,0,Nations League 2023,False
2023-06-08,2023,POL,IRI,3,2,Nations League 2023,False
2023-06-08,2023,NED,CUB,3,0,Nations League 2023,False
2023-06-08,2023,ITA,USA,0,3,Nations League 2023,False
2023-06-08,2023,ARG,BRA,2,3,Nations League 2023,False
2023-06-09,2023,CHN,FRA,1,3,Nations League 2023,False
2023-06-09,2023,POL,BUL,3,2,Nations League 2023,False
2023-06-09,2023,JPN,SRB,3,1,Nations League 2023,False
2023-06-09,2023,NED,GER,3,0,Nations League 2023,False
2023-06-09,2023,ITA,CUB,3,1,Nations League 2023,False
2023-06-09,2023,CAN,ARG,1,3,Nations League 2023,False
2023-06-10,2023,FRA,SLO,1,3,Nations League 2023,False
2023-06-10,2023,IRI,CHN,3,1,Nations League 2023,False
2023-06-10,2023,JPN,BUL,3,0,Nations League 2023,False
2023-06-10,2023,GER,ITA,1,3,Nations League 2023,False
2023-06-10,2023,BRA,CUB,2,3,Nations League 2023,False
2023-06-10,2023,CAN,USA,0,3,Nations League 2023,False
2023-06-10,2023,ROU,TUR,2,3,Liga Europeia 2023,False
2023-06-10,2023,POR,DEN,3,0,Liga Europeia 2023,False
2023-06-10,2023,BEL,MKD,3,0,Liga Europeia 2023,False
2023-06-10,2023,SVK,FIN,3,0,Liga Europeia 2023,False
2023-06-10,2023,EST,CZE,3,0,Liga Europeia 2023,False
2023-06-10,2023,LAT,FAI,3,0,Liga Europeia 2023,False
2023-06-10,2023,HUN,AUT,3,0,Liga Europeia 2023,False
2023-06-11,2023,SLO,IRI,3,0,Nations League 2023,False
2023-06-11,2023,SRB,POL,3,0,Nations League 2023,False
2023-06-11,2023,JPN,FRA,3,1,Nations League 2023,False
2023-06-11,2023,ARG,NED,3,2,Nations League 2023,False
2023-06-11,2023,USA,BRA,1,3,Nations League 2023,False
2023-06-11,2023,CAN,GER,1,3,Nations League 2023,False
2023-06-11,2023,CRO,UKR,0,3,Liga Europeia 2023,False
2023-06-13,2023,CYP,LAT,0,3,Liga Europeia 2023,False
2023-06-14,2023,ROU,DEN,3,1,Liga Europeia 2023,False
2023-06-14,2023,TUR,POR,3,1,Liga Europeia 2023,False
2023-06-14,2023,UKR,BEL,3,0,Liga Europeia 2023,False
2023-06-14,2023,CRO,MKD,3,2,Liga Europeia 2023,False
2023-06-14,2023,SVK,EST,2,3,Liga Europeia 2023,False
2023-06-14,2023,FIN,CZE,0,3,Liga Europeia 2023,False
2023-06-14,2023,LAT,CYP,3,0,Liga Europeia 2023,False
2023-06-14,2023,AUT,GEO,3,0,Liga Europeia 2023,False
2023-06-17,2023,TUR,DEN,3,1,Liga Europeia 2023,False
2023-06-17,2023,SVK,CZE,0,3,Liga Europeia 2023,False
2023-06-17,2023,FIN,EST,3,1,Liga Europeia 2023,False
2023-06-17,2023,GEO,HUN,0,3,Liga Europeia 2023,False
2023-06-18,2023,ROU,POR,2,3,Liga Europeia 2023,False
2023-06-18,2023,CRO,BEL,3,1,Liga Europeia 2023,False
2023-06-18,2023,MKD,UKR,0,3,Liga Europeia 2023,False
2023-06-20,2023,JPN,CAN,3,1,Nations League 2023,False
2023-06-20,2023,IRI,GER,3,0,Nations League 2023,False
2023-06-20,2023,USA,SRB,3,1,Nations League 2023,False
2023-06-20,2023,ARG,SLO,1,3,Nations League 2023,False
2023-06-20,2023,NED,CHN,3,0,Nations League 2023,False
2023-06-20,2023,BRA,BUL,3,0,Nations League 2023,False
2023-06-21,2023,JPN,CUB,3,0,Nations League 2023,False
2023-06-21,2023,IRI,ITA,0,3,Nations League 2023,False
2023-06-21,2023,USA,CHN,3,0,Nations League 2023,False
2023-06-21,2023,SLO,CAN,3,0,Nations League 2023,False
2023-06-21,2023,GER,POL,2,3,Nations League 2023,False
2023-06-21,2023,ARG,FRA,3,1,Nations League 2023,False
2023-06-22,2023,JPN,BRA,3,2,Nations League 2023,False
2023-06-22,2023,CHN,ITA,0,3,Nations League 2023,False
2023-06-22,2023,SRB,GER,3,1,Nations League 2023,False
2023-06-22,2023,CAN,BUL,3,1,Nations League 2023,False
2023-06-22,2023,NED,POL,2,3,Nations League 2023,False
2023-06-22,2023,SLO,CUB,3,1,Nations League 2023,False
2023-06-23,2023,ARG,BUL,3,0,Nations League 2023,False
2023-06-23,2023,IRI,USA,0,3,Nations League 2023,False
2023-06-23,2023,SRB,ITA,0,3,Nations League 2023,False
2023-06-23,2023,FRA,CUB,3,0,Nations League 2023,False
2023-06-24,2023,JPN,ARG,3,2,Nations League 2023,False
2023-06-24,2023,POL,USA,0,3,Nations League 2023,False
2023-06-24,2023,BRA,SLO,3,1,Nations League 2023,False
2023-06-24,2023,NED,IRI,3,2,Nations League 2023,False
2023-06-24,2023,CAN,FRA,0,3,Nations League 2023,False
2023-06-24,2023,CHN,GER,3,1,Nations League 2023,False
2023-06-24,2023,TUR,CZE,3,2,Liga Europeia 2023,False
2023-06-24,2023,CRO,UKR,1,3,Liga Europeia 2023,False
2023-06-24,2023,AUT,LAT,0,3,Liga Europeia 2023,False
2023-06-25,2023,ITA,POL,1,3,Nations League 2023,False
2023-06-25,2023,BUL,CUB,2,3,Nations League 2023,False
2023-06-25,2023,NED,SRB,2,3,Nations League 2023,False
2023-06-25,2023,BRA,FRA,3,1,Nations League 2023,False
2023-06-25,2023,CZE,CRO,0,3,Liga Europeia 2023,False
2023-06-25,2023,TUR,UKR,3,2,Liga Europeia 2023,False
2023-06-28,2023,CYP,HUN,3,1,Liga Europeia 2023,False
2023-06-28,2023,LAT,AUT,3,0,Liga Europeia 2023,False
2023-07-01,2023,HUN,CYP,3,1,Liga Europeia 2023,False
2023-07-04,2023,BRA,ITA,1,3,Nations League 2023,False
2023-07-04,2023,JPN,CHN,3,2,Nations League 2023,False
2023-07-04,2023,ARG,SRB,3,1,Nations League 2023,False
2023-07-04,2023,IRI,FRA,0,3,Nations League 2023,False
2023-07-05,2023,CAN,NED,1,3,Nations League 2023,False
2023-07-05,2023,POL,SLO,3,2,Nations League 2023,False
2023-07-05,2023,GER,BUL,3,0,Nations League 2023,False
2023-07-05,2023,USA,CUB,3,0,Nations League 2023,False
2023-07-06,2023,BRA,NED,3,0,Nations League 2023,False
2023-07-06,2023,CAN,ITA,2,3,Nations League 2023,False
2023-07-06,2023,CHN,SLO,1,3,Nations League 2023,False
2023-07-06,2023,ARG,GER,3,0,Nations League 2023,False
2023-07-06,2023,SRB,CUB,3,2,Nations League 2023,False
2023-07-06,2023,BUL,IRI,3,2,Nations League 2023,False
2023-07-06,2023,HUN,LAT,1,3,Liga Europeia 2023,False
2023-07-07,2023,POL,BRA,3,1,Nations League 2023,False
2023-07-07,2023,SLO,ITA,0,3,Nations League 2023,False
2023-07-07,2023,JPN,NED,3,1,Nations League 2023,False
2023-07-07,2023,SRB,FRA,1,3,Nations League 2023,False
2023-07-07,2023,CUB,GER,0,3,Nations League 2023,False
2023-07-07,2023,USA,ARG,2,3,Nations League 2023,False
2023-07-08,2023,BRA,CHN,3,0,Nations League 2023,False
2023-07-08,2023,POL,CAN,3,0,Nations League 2023,False
2023-07-08,2023,JPN,ITA,1,3,Nations League 2023,False
2023-07-08,2023,BUL,SRB,0,3,Nations League 2023,False
2023-07-08,2023,ARG,IRI,3,2,Nations League 2023,False
2023-07-08,2023,USA,FRA,3,0,Nations League 2023,False
2023-07-09,2023,CHN,CAN,1,3,Nations League 2023,False
2023-07-09,2023,SLO,NED,3,0,Nations League 2023,False
2023-07-09,2023,JPN,POL,0,3,Nations League 2023,False
2023-07-09,2023,CUB,IRI,3,2,Nations League 2023,False
2023-07-09,2023,FRA,GER,3,1,Nations League 2023,False
2023-07-09,2023,USA,BUL,3,0,Nations League 2023,False
2023-07-09,2023,LAT,HUN,3,0,Liga Europeia 2023,False
2023-07-19,2023,USA,FRA,3,2,Nations League 2023,False
2023-07-19,2023,ITA,ARG,3,0,Nations League 2023,False
2023-07-20,2023,JPN,SLO,3,0,Nations League 2023,False
2023-07-20,2023,POL,BRA,3,0,Nations League 2023,False
2023-07-22,2023,JPN,POL,1,3,Nations League 2023,False
2023-07-22,2023,USA,ITA,3,0,Nations League 2023,False
2023-07-23,2023,JPN,ITA,3,2,Nations League 2023,False
2023-07-23,2023,POL,USA,3,1,Nations League 2023,False
2023-07-28,2023,TUN,CHI,0,3,Challenger Cup 2023,False
2023-07-28,2023,UKR,CHN,3,1,Challenger Cup 2023,False
2023-07-28,2023,QAT,THA,3,0,Challenger Cup 2023,False
2023-07-28,2023,TUR,DOM,3,1,Challenger Cup 2023,False
2023-07-29,2023,TUR,UKR,3,2,Challenger Cup 2023,False
2023-07-29,2023,QAT,CHI,3,0,Challenger Cup 2023,False
2023-07-30,2023,CHI,UKR,0,3,Challenger Cup 2023,False
2023-07-30,2023,QAT,TUR,2,3,Challenger Cup 2023,False
2023-08-15,2023,USA,PUR,3,0,Copa Pan-Americana 2023,False
2023-08-15,2023,BRA,DOM,3,0,Copa Pan-Americana 2023,False
2023-08-15,2023,CUB,COL,0,3,Copa Pan-Americana 2023,False
2023-08-15,2023,MEX,PER,3,2,Copa Pan-Americana 2023,False
2023-08-16,2023,CHI,USA,1,3,Copa Pan-Americana 2023,False
2023-08-16,2023,CAN,BRA,0,3,Copa Pan-Americana 2023,False
2023-08-16,2023,PER,CUB,3,0,Copa Pan-Americana 2023,False
2023-08-16,2023,COL,MEX,0,3,Copa Pan-Americana 2023,False
2023-08-17,2023,PUR,CHI,0,3,Copa Pan-Americana 2023,False
2023-08-17,2023,DOM,CAN,1,3,Copa Pan-Americana 2023,False
2023-08-17,2023,COL,PER,3,0,Copa Pan-Americana 2023,False
2023-08-17,2023,MEX,CUB,3,1,Copa Pan-Americana 2023,False
2023-08-18,2023,PER,PUR,3,2,Copa Pan-Americana 2023,False
2023-08-18,2023,DOM,CUB,0,3,Copa Pan-Americana 2023,False
2023-08-18,2023,COL,CHI,2,3,Copa Pan-Americana 2023,False
2023-08-18,2023,USA,CAN,0,3,Copa Pan-Americana 2023,False
2023-08-19,2023,HKG,IRQ,2,3,Campeonato Asiatico 2023,False
2023-08-19,2023,JPN,THA,3,0,Campeonato Asiatico 2023,False
2023-08-19,2023,INA,CHN,2,3,Campeonato Asiatico 2023,False
2023-08-19,2023,QAT,IND,3,0,Campeonato Asiatico 2023,False
2023-08-19,2023,BAN,KOR,0,3,Campeonato Asiatico 2023,False
2023-08-19,2023,PUR,DOM,3,1,Copa Pan-Americana 2023,False
2023-08-19,2023,PER,CUB,3,2,Copa Pan-Americana 2023,False
2023-08-19,2023,BRA,CHI,3,0,Copa Pan-Americana 2023,False
2023-08-19,2023,MEX,CAN,1,3,Copa Pan-Americana 2023,False
2023-08-20,2023,IRI,HKG,3,0,Campeonato Asiatico 2023,False
2023-08-20,2023,UZB,JPN,0,3,Campeonato Asiatico 2023,False
2023-08-20,2023,KAZ,INA,1,3,Campeonato Asiatico 2023,False
2023-08-20,2023,BRN,TPE,2,3,Campeonato Asiatico 2023,False
2023-08-20,2023,AFG,QAT,0,3,Campeonato Asiatico 2023,False
2023-08-20,2023,PAK,BAN,3,0,Campeonato Asiatico 2023,False
2023-08-20,2023,COL,USA,0,3,Copa Pan-Americana 2023,False
2023-08-20,2023,CHI,MEX,3,0,Copa Pan-Americana 2023,False
2023-08-20,2023,BRA,CAN,1,3,Copa Pan-Americana 2023,False
2023-08-21,2023,IRQ,IRI,1,3,Campeonato Asiatico 2023,False
2023-08-21,2023,THA,UZB,3,0,Campeonato Asiatico 2023,False
2023-08-21,2023,CHN,KAZ,3,2,Campeonato Asiatico 2023,False
2023-08-21,2023,IND,AFG,3,1,Campeonato Asiatico 2023,False
2023-08-21,2023,KOR,PAK,3,1,Campeonato Asiatico 2023,False
2023-08-23,2023,UZB,KAZ,1,3,Campeonato Asiatico 2023,False
2023-08-23,2023,KOR,INA,3,2,Campeonato Asiatico 2023,False
2023-08-23,2023,JPN,BRN,3,0,Campeonato Asiatico 2023,False
2023-08-23,2023,QAT,THA,3,0,Campeonato Asiatico 2023,False
2023-08-23,2023,CHN,IND,3,2,Campeonato Asiatico 2023,False
2023-08-23,2023,IRI,PAK,3,0,Campeonato Asiatico 2023,False
2023-08-23,2023,TPE,IRQ,3,0,Campeonato Asiatico 2023,False
2023-08-24,2023,HKG,KAZ,0,3,Campeonato Asiatico 2023,False
2023-08-24,2023,BAN,AFG,1,3,Campeonato Asiatico 2023,False
2023-08-24,2023,IND,INA,0,3,Campeonato Asiatico 2023,False
2023-08-24,2023,IRQ,THA,1,3,Campeonato Asiatico 2023,False
2023-08-24,2023,TPE,QAT,0,3,Campeonato Asiatico 2023,False
2023-08-24,2023,CHN,KOR,3,1,Campeonato Asiatico 2023,False
2023-08-25,2023,HKG,BAN,1,3,Campeonato Asiatico 2023,False
2023-08-25,2023,KAZ,AFG,3,1,Campeonato Asiatico 2023,False
2023-08-25,2023,PAK,INA,3,2,Campeonato Asiatico 2023,False
2023-08-25,2023,BRN,THA,3,2,Campeonato Asiatico 2023,False
2023-08-25,2023,JPN,QAT,3,1,Campeonato Asiatico 2023,False
2023-08-25,2023,IRI,CHN,3,0,Campeonato Asiatico 2023,False
2023-08-25,2023,IND,IRQ,3,0,Campeonato Asiatico 2023,False
2023-08-25,2023,KOR,TPE,3,1,Campeonato Asiatico 2023,False
2023-08-26,2023,INA,THA,3,0,Campeonato Asiatico 2023,False
2023-08-26,2023,PAK,BRN,3,1,Campeonato Asiatico 2023,False
2023-08-26,2023,CHN,QAT,0,3,Campeonato Asiatico 2023,False
2023-08-26,2023,IRI,JPN,0,3,Campeonato Asiatico 2023,False
2023-08-26,2023,ARG,COL,3,0,Campeonato Sul-Americano 2023,False
2023-08-26,2023,BRA,PER,3,0,Campeonato Sul-Americano 2023,False
2023-08-27,2023,PER,COL,1,3,Campeonato Sul-Americano 2023,False
2023-08-27,2023,BRA,CHI,3,0,Campeonato Sul-Americano 2023,False
2023-08-28,2023,BEL,ITA,0,3,Campeonato Europeu 2023,False
2023-08-28,2023,CHI,ARG,0,3,Campeonato Sul-Americano 2023,False
2023-08-28,2023,COL,BRA,0,3,Campeonato Sul-Americano 2023,False
2023-08-29,2023,ESP,BUL,3,1,Campeonato Europeu 2023,False
2023-08-29,2023,GRE,ISR,2,3,Campeonato Europeu 2023,False
2023-08-29,2023,PER,ARG,1,3,Campeonato Sul-Americano 2023,False
2023-08-29,2023,COL,CHI,3,2,Campeonato Sul-Americano 2023,False
2023-08-30,2023,GER,EST,3,0,Campeonato Europeu 2023,False
2023-08-30,2023,SUI,SRB,0,3,Campeonato Europeu 2023,False
2023-08-30,2023,SLO,UKR,3,1,Campeonato Europeu 2023,False
2023-08-30,2023,FIN,CRO,3,0,Campeonato Europeu 2023,False
2023-08-30,2023,MKD,DEN,3,1,Campeonato Europeu 2023,False
2023-08-30,2023,TUR,FRA,0,3,Campeonato Europeu 2023,False
2023-08-30,2023,ROU,POR,0,3,Campeonato Europeu 2023,False
2023-08-30,2023,CHI,PER,3,1,Campeonato Sul-Americano 2023,False
2023-08-30,2023,BRA,ARG,0,3,Campeonato Sul-Americano 2023,False
2023-08-31,2023,SRB,BEL,3,1,Campeonato Europeu 2023,False
2023-08-31,2023,EST,ITA,0,3,Campeonato Europeu 2023,False
2023-08-31,2023,UKR,CRO,2,3,Campeonato Europeu 2023,False
2023-08-31,2023,FIN,BUL,1,3,Campeonato Europeu 2023,False
2023-08-31,2023,MNE,NED,0,3,Campeonato Europeu 2023,False
2023-08-31,2023,POL,CZE,3,0,Campeonato Europeu 2023,False
2023-08-31,2023,FRA,POR,3,1,Campeonato Europeu 2023,False
2023-08-31,2023,ROU,ISR,2,3,Campeonato Europeu 2023,False
2023-09-01,2023,GER,SUI,3,0,Campeonato Europeu 2023,False
2023-09-01,2023,SRB,ITA,0,3,Campeonato Europeu 2023,False
2023-09-01,2023,FIN,SLO,0,3,Campeonato Europeu 2023,False
2023-09-01,2023,CRO,ESP,3,0,Campeonato Europeu 2023,False
2023-09-01,2023,DEN,CZE,1,3,Campeonato Europeu 2023,False
2023-09-01,2023,NED,POL,1,3,Campeonato Europeu 2023,False
2023-09-01,2023,ROU,TUR,3,2,Campeonato Europeu 2023,False
2023-09-01,2023,POR,GRE,2,3,Campeonato Europeu 2023,False
2023-09-02,2023,SLO,ESP,3,0,Campeonato Europeu 2023,False
2023-09-02,2023,BUL,UKR,3,1,Campeonato Europeu 2023,False
2023-09-02,2023,NED,CZE,3,0,Campeonato Europeu 2023,False
2023-09-02,2023,MKD,MNE,3,0,Campeonato Europeu 2023,False
2023-09-02,2023,TUR,GRE,3,1,Campeonato Europeu 2023,False
2023-09-02,2023,ISR,FRA,0,3,Campeonato Europeu 2023,False
2023-09-03,2023,EGY,BDI,3,0,Campeonato Africano 2023,False
2023-09-03,2023,EST,SUI,3,2,Campeonato Europeu 2023,False
2023-09-03,2023,BEL,GER,2,3,Campeonato Europeu 2023,False
2023-09-03,2023,ESP,FIN,3,1,Campeonato Europeu 2023,False
2023-09-03,2023,BUL,CRO,1,3,Campeonato Europeu 2023,False
2023-09-03,2023,DEN,MNE,1,3,Campeonato Europeu 2023,False
2023-09-03,2023,POL,MKD,3,0,Campeonato Europeu 2023,False
2023-09-03,2023,GRE,ROU,1,3,Campeonato Europeu 2023,False
2023-09-03,2023,ISR,POR,0,3,Campeonato Europeu 2023,False
2023-09-04,2023,TUN,MLI,3,0,Campeonato Africano 2023,False
2023-09-04,2023,CHA,TAN,3,0,Campeonato Africano 2023,False
2023-09-04,2023,LBA,GHA,3,1,Campeonato Africano 2023,False
2023-09-04,2023,KEN,CMR,1,3,Campeonato Africano 2023,False
2023-09-04,2023,MAR,RWA,3,0,Campeonato Africano 2023,False
2023-09-04,2023,SRB,EST,3,0,Campeonato Europeu 2023,False
2023-09-04,2023,ITA,SUI,3,0,Campeonato Europeu 2023,False
2023-09-04,2023,UKR,FIN,3,2,Campeonato Europeu 2023,False
2023-09-04,2023,CRO,SLO,0,3,Campeonato Europeu 2023,False
2023-09-04,2023,DEN,NED,1,3,Campeonato Europeu 2023,False
2023-09-04,2023,CZE,MNE,3,0,Campeonato Europeu 2023,False
2023-09-04,2023,FRA,ROU,1,3,Campeonato Europeu 2023,False
2023-09-04,2023,POR,TUR,3,2,Campeonato Europeu 2023,False
2023-09-05,2023,BDI,ALG,0,3,Campeonato Africano 2023,False
2023-09-05,2023,MLI,TAN,1,3,Campeonato Africano 2023,False
2023-09-05,2023,TUN,CHA,3,0,Campeonato Africano 2023,False
2023-09-05,2023,GHA,CMR,0,3,Campeonato Africano 2023,False
2023-09-05,2023,LBA,KEN,3,0,Campeonato Africano 2023,False
2023-09-05,2023,GAM,RWA,1,3,Campeonato Africano 2023,False
2023-09-05,2023,SEN,MAR,0,3,Campeonato Africano 2023,False
2023-09-05,2023,BEL,EST,3,1,Campeonato Europeu 2023,False
2023-09-05,2023,GER,SRB,1,3,Campeonato Europeu 2023,False
2023-09-05,2023,ESP,UKR,0,3,Campeonato Europeu 2023,False
2023-09-05,2023,SLO,BUL,3,0,Campeonato Europeu 2023,False
2023-09-05,2023,MKD,NED,0,3,Campeonato Europeu 2023,False
2023-09-05,2023,POL,DEN,3,0,Campeonato Europeu 2023,False
2023-09-05,2023,GRE,FRA,0,3,Campeonato Europeu 2023,False
2023-09-05,2023,TUR,ISR,3,0,Campeonato Europeu 2023,False
2023-09-06,2023,ALG,EGY,3,0,Campeonato Africano 2023,False
2023-09-06,2023,CHA,MLI,3,0,Campeonato Africano 2023,False
2023-09-06,2023,TAN,TUN,0,3,Campeonato Africano 2023,False
2023-09-06,2023,KEN,GHA,3,2,Campeonato Africano 2023,False
2023-09-06,2023,CMR,LBA,1,3,Campeonato Africano 2023,False
2023-09-06,2023,MAR,GAM,3,0,Campeonato Africano 2023,False
2023-09-06,2023,RWA,SEN,3,0,Campeonato Africano 2023,False
2023-09-06,2023,SUI,BEL,0,3,Campeonato Europeu 2023,False
2023-09-06,2023,GER,ITA,2,3,Campeonato Europeu 2023,False
2023-09-06,2023,MNE,POL,0,3,Campeonato Europeu 2023,False
2023-09-06,2023,MKD,CZE,0,3,Campeonato Europeu 2023,False
2023-09-07,2023,SEN,GAM,2,3,Campeonato Africano 2023,False
2023-09-08,2023,RWA,TAN,3,1,Campeonato Africano 2023,False
2023-09-08,2023,CMR,BDI,3,0,Campeonato Africano 2023,False
2023-09-08,2023,TUN,SEN,3,0,Campeonato Africano 2023,False
2023-09-08,2023,CHA,GAM,3,1,Campeonato Africano 2023,False
2023-09-08,2023,MAR,MLI,3,0,Campeonato Africano 2023,False
2023-09-08,2023,ALG,GHA,3,0,Campeonato Africano 2023,False
2023-09-08,2023,EGY,KEN,3,0,Campeonato Africano 2023,False
2023-09-08,2023,CRO,ROU,2,3,Campeonato Europeu 2023,False
2023-09-08,2023,FRA,BUL,3,0,Campeonato Europeu 2023,False
2023-09-09,2023,SEN,BDI,3,0,Campeonato Africano 2023,False
2023-09-09,2023,GHA,TAN,3,1,Campeonato Africano 2023,False
2023-09-09,2023,MLI,KEN,0,3,Campeonato Africano 2023,False
2023-09-09,2023,ALG,RWA,3,0,Campeonato Africano 2023,False
2023-09-09,2023,TUN,CMR,1,3,Campeonato Africano 2023,False
2023-09-09,2023,MAR,EGY,0,3,Campeonato Africano 2023,False
2023-09-09,2023,LBA,CHA,3,0,Campeonato Africano 2023,False
2023-09-09,2023,SLO,TUR,3,2,Campeonato Europeu 2023,False
2023-09-09,2023,ITA,MKD,3,0,Campeonato Europeu 2023,False
2023-09-09,2023,POR,UKR,0,3,Campeonato Europeu 2023,False
2023-09-09,2023,NED,GER,3,2,Campeonato Europeu 2023,False
2023-09-10,2023,SRB,CZE,3,0,Campeonato Europeu 2023,False
2023-09-10,2023,POL,BEL,3,1,Campeonato Europeu 2023,False
2023-09-11,2023,MLI,BDI,0,3,Campeonato Africano 2023,False
2023-09-11,2023,GHA,GAM,3,2,Campeonato Africano 2023,False
2023-09-11,2023,KEN,SEN,3,0,Campeonato Africano 2023,False
2023-09-11,2023,RWA,CHA,3,0,Campeonato Africano 2023,False
2023-09-11,2023,MAR,TUN,0,3,Campeonato Africano 2023,False
2023-09-11,2023,ALG,LBA,3,2,Campeonato Africano 2023,False
2023-09-11,2023,EGY,CMR,3,1,Campeonato Africano 2023,False
2023-09-11,2023,SLO,UKR,3,1,Campeonato Europeu 2023,False
2023-09-11,2023,FRA,ROU,3,0,Campeonato Europeu 2023,False
2023-09-12,2023,TAN,BDI,3,1,Campeonato Africano 2023,False
2023-09-12,2023,GAM,SEN,0,3,Campeonato Africano 2023,False
2023-09-12,2023,GHA,KEN,2,3,Campeonato Africano 2023,False
2023-09-12,2023,CHA,MAR,3,0,Campeonato Africano 2023,False
2023-09-12,2023,RWA,TUN,0,3,Campeonato Africano 2023,False
2023-09-12,2023,POL,SRB,3,1,Campeonato Europeu 2023,False
2023-09-12,2023,ITA,NED,3,2,Campeonato Europeu 2023,False
2023-09-13,2023,LBA,CMR,3,1,Campeonato Africano 2023,False
2023-09-13,2023,ALG,EGY,1,3,Campeonato Africano 2023,False
2023-09-14,2023,POL,SLO,3,1,Campeonato Europeu 2023,False
2023-09-14,2023,ITA,FRA,3,0,Campeonato Europeu 2023,False
2023-09-16,2023,FRA,SLO,2,3,Campeonato Europeu 2023,False
2023-09-16,2023,ITA,POL,0,3,Campeonato Europeu 2023,False
2024-05-14,2024,CUB,SUR,3,0,Campeonato NORCECA 2024,False
2024-05-14,2024,USA,CAN,3,0,Campeonato NORCECA 2024,False
2024-05-14,2024,GUA,DOM,1,3,Campeonato NORCECA 2024,False
2024-05-14,2024,CRC,PUR,2,3,Campeonato NORCECA 2024,False
2024-05-15,2024,SUR,USA,0,3,Campeonato NORCECA 2024,False
2024-05-15,2024,CAN,CUB,2,3,Campeonato NORCECA 2024,False
2024-05-15,2024,DOM,CRC,1,3,Campeonato NORCECA 2024,False
2024-05-15,2024,PUR,GUA,3,1,Campeonato NORCECA 2024,False
2024-05-16,2024,CAN,SUR,3,1,Campeonato NORCECA 2024,False
2024-05-16,2024,USA,CUB,3,0,Campeonato NORCECA 2024,False
2024-05-16,2024,GUA,CRC,1,3,Campeonato NORCECA 2024,False
2024-05-16,2024,DOM,PUR,0,3,Campeonato NORCECA 2024,False
2024-05-17,2024,CRC,CAN,2,3,Campeonato NORCECA 2024,False
2024-05-17,2024,CUB,DOM,3,1,Campeonato NORCECA 2024,False
2024-05-17,2024,ROU,AZE,3,0,Liga Europeia 2024,False
2024-05-17,2024,EST,MKD,3,1,Liga Europeia 2024,False
2024-05-17,2024,CRO,FIN,3,1,Liga Europeia 2024,False
2024-05-17,2024,LUX,POR,0,3,Liga Europeia 2024,False
2024-05-17,2024,FAI,ISL,1,3,Liga Europeia 2024,False
2024-05-18,2024,GUA,CRC,0,3,Campeonato NORCECA 2024,False
2024-05-18,2024,SUR,DOM,0,3,Campeonato NORCECA 2024,False
2024-05-18,2024,PUR,CUB,2,3,Campeonato NORCECA 2024,False
2024-05-18,2024,USA,CAN,3,0,Campeonato NORCECA 2024,False
2024-05-18,2024,UKR,ROU,3,1,Liga Europeia 2024,False
2024-05-18,2024,CZE,EST,3,0,Liga Europeia 2024,False
2024-05-18,2024,BEL,CRO,1,3,Liga Europeia 2024,False
2024-05-18,2024,ESP,LUX,3,0,Liga Europeia 2024,False
2024-05-18,2024,ISR,FAI,3,0,Liga Europeia 2024,False
2024-05-19,2024,GUA,SUR,3,0,Campeonato NORCECA 2024,False
2024-05-19,2024,CRC,DOM,2,3,Campeonato NORCECA 2024,False
2024-05-19,2024,PUR,CAN,3,2,Campeonato NORCECA 2024,False
2024-05-19,2024,CUB,USA,1,3,Campeonato NORCECA 2024,False
2024-05-19,2024,AZE,UKR,0,3,Liga Europeia 2024,False
2024-05-19,2024,MKD,CZE,0,3,Liga Europeia 2024,False
2024-05-19,2024,FIN,BEL,3,0,Liga Europeia 2024,False
2024-05-19,2024,POR,ESP,3,1,Liga Europeia 2024,False
2024-05-19,2024,ISL,ISR,0,3,Liga Europeia 2024,False
2024-05-21,2024,BUL,FRA,0,3,Nations League 2024,False
2024-05-21,2024,TUR,CAN,1,3,Nations League 2024,False
2024-05-21,2024,ARG,JPN,1,3,Nations League 2024,False
2024-05-21,2024,CUB,BRA,3,1,Nations League 2024,False
2024-05-22,2024,NED,SLO,2,3,Nations League 2024,False
2024-05-22,2024,USA,POL,0,3,Nations League 2024,False
2024-05-22,2024,GER,ITA,0,3,Nations League 2024,False
2024-05-22,2024,IRI,SRB,1,3,Nations League 2024,False
2024-05-23,2024,SLO,FRA,3,1,Nations League 2024,False
2024-05-23,2024,CAN,POL,1,3,Nations League 2024,False
2024-05-23,2024,TUR,NED,2,3,Nations League 2024,False
2024-05-23,2024,CUB,GER,3,1,Nations League 2024,False
2024-05-23,2024,JPN,SRB,3,0,Nations League 2024,False
2024-05-23,2024,ARG,BRA,2,3,Nations League 2024,False
2024-05-24,2024,BUL,CAN,0,3,Nations League 2024,False
2024-05-24,2024,FRA,USA,3,0,Nations League 2024,False
2024-05-24,2024,NED,POL,0,3,Nations League 2024,False
2024-05-24,2024,CUB,JPN,2,3,Nations League 2024,False
2024-05-24,2024,IRI,ITA,0,3,Nations League 2024,False
2024-05-24,2024,SRB,BRA,1,3,Nations League 2024,False
2024-05-24,2024,CZE,LUX,3,0,Liga Europeia 2024,False
2024-05-24,2024,EST,ESP,3,2,Liga Europeia 2024,False
2024-05-24,2024,CRO,ROU,3,1,Liga Europeia 2024,False
2024-05-24,2024,AZE,BEL,0,3,Liga Europeia 2024,False
2024-05-24,2024,ISL,FAI,0,3,Liga Europeia 2024,False
2024-05-25,2024,SLO,CAN,3,2,Nations League 2024,False
2024-05-25,2024,TUR,FRA,1,3,Nations League 2024,False
2024-05-25,2024,BUL,USA,3,1,Nations League 2024,False
2024-05-25,2024,JPN,ITA,1,3,Nations League 2024,False
2024-05-25,2024,ARG,GER,3,1,Nations League 2024,False
2024-05-25,2024,CUB,IRI,3,1,Nations League 2024,False
2024-05-25,2024,UKR,CZE,1,3,Liga Europeia 2024,False
2024-05-25,2024,FIN,EST,3,1,Liga Europeia 2024,False
2024-05-25,2024,POR,CRO,1,3,Liga Europeia 2024,False
2024-05-25,2024,MKD,AZE,3,0,Liga Europeia 2024,False
2024-05-25,2024,AUT,ISL,3,0,Liga Europeia 2024,False
2024-05-26,2024,SLO,POL,3,0,Nations League 2024,False
2024-05-26,2024,BRA,ITA,2,3,Nations League 2024,False
2024-05-26,2024,TUR,USA,1,3,Nations League 2024,False
2024-05-26,2024,BUL,NED,1,3,Nations League 2024,False
2024-05-26,2024,SRB,GER,0,3,Nations League 2024,False
2024-05-26,2024,IRI,ARG,2,3,Nations League 2024,False
2024-05-26,2024,LUX,UKR,0,3,Liga Europeia 2024,False
2024-05-26,2024,ESP,FIN,3,1,Liga Europeia 2024,False
2024-05-26,2024,ROU,POR,2,3,Liga Europeia 2024,False
2024-05-26,2024,BEL,MKD,3,2,Liga Europeia 2024,False
2024-05-26,2024,FAI,AUT,0,3,Liga Europeia 2024,False
2024-05-30,2024,FIN,CZE,3,2,Liga Europeia 2024,False
2024-05-31,2024,AZE,EST,0,3,Liga Europeia 2024,False
2024-05-31,2024,MKD,CRO,2,3,Liga Europeia 2024,False
2024-05-31,2024,ROU,FIN,3,2,Liga Europeia 2024,False
2024-05-31,2024,POR,UKR,1,3,Liga Europeia 2024,False
2024-05-31,2024,ISL,ISR,0,3,Liga Europeia 2024,False
2024-06-01,2024,LUX,AZE,3,2,Liga Europeia 2024,False
2024-06-01,2024,ESP,MKD,3,1,Liga Europeia 2024,False
2024-06-01,2024,CZE,ROU,3,2,Liga Europeia 2024,False
2024-06-01,2024,BEL,POR,3,2,Liga Europeia 2024,False
2024-06-01,2024,AUT,ISL,3,0,Liga Europeia 2024,False
2024-06-02,2024,EST,LUX,3,0,Liga Europeia 2024,False
2024-06-02,2024,CRO,ESP,3,0,Liga Europeia 2024,False
2024-06-02,2024,UKR,BEL,2,3,Liga Europeia 2024,False
2024-06-02,2024,ISR,AUT,3,2,Liga Europeia 2024,False
2024-06-04,2024,GER,BRA,0,3,Nations League 2024,False
2024-06-04,2024,POL,BUL,3,1,Nations League 2024,False
2024-06-04,2024,IRI,JPN,0,3,Nations League 2024,False
2024-06-04,2024,ARG,USA,0,3,Nations League 2024,False
2024-06-04,2024,CAN,CUB,3,1,Nations League 2024,False
2024-06-05,2024,SLO,TUR,3,0,Nations League 2024,False
2024-06-05,2024,GER,JPN,2,3,Nations League 2024,False
2024-06-05,2024,SRB,NED,3,0,Nations League 2024,False
2024-06-05,2024,FRA,ITA,3,2,Nations League 2024,False
2024-06-06,2024,IRI,BRA,1,3,Nations League 2024,False
2024-06-06,2024,BUL,GER,1,3,Nations League 2024,False
2024-06-06,2024,POL,TUR,3,0,Nations League 2024,False
2024-06-06,2024,CUB,NED,1,3,Nations League 2024,False
2024-06-06,2024,USA,ITA,0,3,Nations League 2024,False
2024-06-06,2024,CAN,ARG,1,3,Nations League 2024,False
2024-06-07,2024,BUL,IRI,3,2,Nations League 2024,False
2024-06-07,2024,BRA,SLO,2,3,Nations League 2024,False
2024-06-07,2024,JPN,POL,0,3,Nations League 2024,False
2024-06-07,2024,CUB,ITA,1,3,Nations League 2024,False
2024-06-07,2024,FRA,NED,3,1,Nations League 2024,False
2024-06-07,2024,USA,SRB,3,1,Nations League 2024,False
2024-06-07,2024,FAI,AUT,0,3,Liga Europeia 2024,False
2024-06-08,2024,TUR,IRI,3,1,Nations League 2024,False
2024-06-08,2024,POL,BRA,1,3,Nations League 2024,False
2024-06-08,2024,JPN,SLO,3,1,Nations League 2024,False
2024-06-08,2024,CUB,FRA,3,2,Nations League 2024,False
2024-06-08,2024,CAN,USA,3,1,Nations League 2024,False
2024-06-08,2024,SRB,ARG,2,3,Nations League 2024,False
2024-06-08,2024,ISR,FAI,3,0,Liga Europeia 2024,False
2024-06-09,2024,TUR,GER,2,3,Nations League 2024,False
2024-06-09,2024,BUL,SLO,0,3,Nations League 2024,False
2024-06-09,2024,ITA,NED,3,0,Nations League 2024,False
2024-06-09,2024,ARG,FRA,2,3,Nations League 2024,False
2024-06-09,2024,CAN,SRB,1,3,Nations League 2024,False
2024-06-09,2024,AUT,ISR,0,3,Liga Europeia 2024,False
2024-06-13,2024,ISR,AUT,3,2,Liga Europeia 2024,False
2024-06-15,2024,CRO,EST,3,2,Liga Europeia 2024,False
2024-06-15,2024,CZE,UKR,0,3,Liga Europeia 2024,False
2024-06-16,2024,EST,CZE,2,3,Liga Europeia 2024,False
2024-06-16,2024,CRO,UKR,1,3,Liga Europeia 2024,False
2024-06-18,2024,NED,BRA,1,3,Nations League 2024,False
2024-06-18,2024,CAN,JPN,3,2,Nations League 2024,False
2024-06-18,2024,BUL,TUR,3,1,Nations League 2024,False
2024-06-18,2024,SLO,ARG,3,0,Nations League 2024,False
2024-06-19,2024,GER,FRA,3,1,Nations League 2024,False
2024-06-19,2024,IRI,USA,3,2,Nations League 2024,False
2024-06-19,2024,CUB,SRB,2,3,Nations League 2024,False
2024-06-19,2024,ITA,POL,0,3,Nations League 2024,False
2024-06-20,2024,GER,CAN,0,3,Nations League 2024,False
2024-06-20,2024,IRI,NED,3,2,Nations League 2024,False
2024-06-20,2024,BRA,USA,2,3,Nations League 2024,False
2024-06-20,2024,TUR,ARG,0,3,Nations League 2024,False
2024-06-20,2024,BUL,ITA,0,3,Nations League 2024,False
2024-06-20,2024,CUB,SLO,2,3,Nations League 2024,False
2024-06-21,2024,IRI,FRA,0,3,Nations League 2024,False
2024-06-21,2024,CAN,BRA,3,0,Nations League 2024,False
2024-06-21,2024,NED,JPN,0,3,Nations League 2024,False
2024-06-21,2024,ARG,POL,0,3,Nations League 2024,False
2024-06-21,2024,BUL,CUB,0,3,Nations League 2024,False
2024-06-21,2024,TUR,SRB,1,3,Nations League 2024,False
2024-06-22,2024,GER,USA,1,3,Nations League 2024,False
2024-06-22,2024,CAN,NED,3,2,Nations League 2024,False
2024-06-22,2024,FRA,JPN,2,3,Nations League 2024,False
2024-06-22,2024,BUL,ARG,0,3,Nations League 2024,False
2024-06-22,2024,SRB,POL,2,3,Nations League 2024,False
2024-06-22,2024,SLO,ITA,3,0,Nations League 2024,False
2024-06-23,2024,GER,IRI,3,0,Nations League 2024,False
2024-06-23,2024,FRA,BRA,3,2,Nations League 2024,False
2024-06-23,2024,JPN,USA,3,0,Nations League 2024,False
2024-06-23,2024,CUB,POL,0,3,Nations League 2024,False
2024-06-23,2024,TUR,ITA,1,3,Nations League 2024,False
2024-06-23,2024,SRB,SLO,2,3,Nations League 2024,False
2024-06-27,2024,JPN,CAN,3,0,Nations League 2024,False
2024-06-27,2024,POL,BRA,3,1,Nations League 2024,False
2024-06-28,2024,ITA,FRA,2,3,Nations League 2024,False
2024-06-28,2024,SLO,ARG,3,2,Nations League 2024,False
2024-06-29,2024,POL,FRA,2,3,Nations League 2024,False
2024-06-29,2024,SLO,JPN,0,3,Nations League 2024,False
2024-06-30,2024,SLO,POL,0,3,Nations League 2024,False
2024-06-30,2024,JPN,FRA,1,3,Nations League 2024,False
2024-07-04,2024,CHN,MEX,3,0,Challenger Cup 2024,False
2024-07-04,2024,BEL,CRO,3,2,Challenger Cup 2024,False
2024-07-05,2024,UKR,CHI,3,1,Challenger Cup 2024,False
2024-07-05,2024,EGY,QAT,3,2,Challenger Cup 2024,False
2024-07-06,2024,CHN,EGY,3,0,Challenger Cup 2024,False
2024-07-06,2024,UKR,BEL,2,3,Challenger Cup 2024,False
2024-07-07,2024,EGY,UKR,3,2,Challenger Cup 2024,False
2024-07-07,2024,CHN,BEL,3,1,Challenger Cup 2024,False
2024-07-14,2024,CHI,MEX,2,3,Copa Pan-Americana 2024,False
2024-07-14,2024,USA,PUR,3,1,Copa Pan-Americana 2024,False
2024-07-14,2024,COL,GUA,3,0,Copa Pan-Americana 2024,False
2024-07-14,2024,DOM,PER,3,1,Copa Pan-Americana 2024,False
2024-07-15,2024,CAN,PUR,3,0,Copa Pan-Americana 2024,False
2024-07-15,2024,USA,MEX,3,1,Copa Pan-Americana 2024,False
2024-07-15,2024,CUB,COL,3,0,Copa Pan-Americana 2024,False
2024-07-15,2024,PER,GUA,3,0,Copa Pan-Americana 2024,False
2024-07-16,2024,CHI,PUR,3,1,Copa Pan-Americana 2024,False
2024-07-16,2024,USA,CAN,2,3,Copa Pan-Americana 2024,False
2024-07-16,2024,CUB,PER,3,1,Copa Pan-Americana 2024,False
2024-07-16,2024,DOM,GUA,3,0,Copa Pan-Americana 2024,False
2024-07-17,2024,MEX,CAN,0,3,Copa Pan-Americana 2024,False
2024-07-17,2024,USA,CHI,3,0,Copa Pan-Americana 2024,False
2024-07-17,2024,GUA,CUB,0,3,Copa Pan-Americana 2024,False
2024-07-17,2024,DOM,COL,1,3,Copa Pan-Americana 2024,False
2024-07-18,2024,MEX,PUR,0,3,Copa Pan-Americana 2024,False
2024-07-18,2024,CAN,CHI,3,0,Copa Pan-Americana 2024,False
2024-07-18,2024,COL,PER,3,1,Copa Pan-Americana 2024,False
2024-07-18,2024,DOM,CUB,1,3,Copa Pan-Americana 2024,False
2024-07-19,2024,CHI,GUA,3,0,Copa Pan-Americana 2024,False
2024-07-19,2024,PER,MEX,0,3,Copa Pan-Americana 2024,False
2024-07-19,2024,COL,PUR,0,3,Copa Pan-Americana 2024,False
2024-07-19,2024,USA,DOM,3,0,Copa Pan-Americana 2024,False
2024-07-20,2024,GUA,PER,1,3,Copa Pan-Americana 2024,False
2024-07-20,2024,CHI,MEX,3,0,Copa Pan-Americana 2024,False
2024-07-20,2024,CUB,USA,2,3,Copa Pan-Americana 2024,False
2024-07-20,2024,CAN,PUR,3,1,Copa Pan-Americana 2024,False
2024-07-21,2024,COL,DOM,0,3,Copa Pan-Americana 2024,False
2024-07-21,2024,CUB,PUR,1,3,Copa Pan-Americana 2024,False
2024-07-21,2024,USA,CAN,1,3,Copa Pan-Americana 2024,False
2025-06-06,2025,CRO,ISR,1,3,Liga Europeia 2025,False
2025-06-06,2025,FIN,SVK,3,0,Liga Europeia 2025,False
2025-06-06,2025,ESP,GRE,1,3,Liga Europeia 2025,False
2025-06-06,2025,MNE,ROU,0,3,Liga Europeia 2025,False
2025-06-06,2025,ISL,LUX,0,3,Liga Europeia 2025,False
2025-06-06,2025,AZE,SWE,0,3,Liga Europeia 2025,False
2025-06-07,2025,CZE,CRO,3,1,Liga Europeia 2025,False
2025-06-07,2025,MKD,FIN,0,3,Liga Europeia 2025,False
2025-06-07,2025,POR,ESP,1,3,Liga Europeia 2025,False
2025-06-07,2025,LAT,MNE,3,2,Liga Europeia 2025,False
2025-06-07,2025,AUT,ISL,3,0,Liga Europeia 2025,False
2025-06-07,2025,GEO,AZE,0,3,Liga Europeia 2025,False
2025-06-08,2025,ISR,CZE,3,1,Liga Europeia 2025,False
2025-06-08,2025,SVK,MKD,3,0,Liga Europeia 2025,False
2025-06-08,2025,GRE,POR,3,1,Liga Europeia 2025,False
2025-06-08,2025,ROU,LAT,3,0,Liga Europeia 2025,False
2025-06-08,2025,LUX,AUT,3,1,Liga Europeia 2025,False
2025-06-08,2025,SWE,GEO,3,0,Liga Europeia 2025,False
2025-06-11,2025,POL,NED,3,1,Nations League 2025,False
2025-06-11,2025,CHN,JPN,0,3,Nations League 2025,False
2025-06-11,2025,SRB,TUR,3,1,Nations League 2025,False
2025-06-11,2025,BUL,ITA,1,3,Nations League 2025,False
2025-06-11,2025,UKR,USA,3,0,Nations League 2025,False
2025-06-11,2025,ARG,FRA,3,1,Nations League 2025,False
2025-06-11,2025,BRA,IRI,3,0,Nations League 2025,False
2025-06-11,2025,GER,CAN,2,3,Nations League 2025,False
2025-06-11,2025,SLO,CUB,3,1,Nations League 2025,False
2025-06-12,2025,CHN,SRB,3,0,Nations League 2025,False
2025-06-12,2025,POL,JPN,3,1,Nations League 2025,False
2025-06-12,2025,GER,ITA,2,3,Nations League 2025,False
2025-06-12,2025,BRA,CUB,2,3,Nations League 2025,False
2025-06-12,2025,ARG,CAN,3,2,Nations League 2025,False
2025-06-12,2025,USA,IRI,3,2,Nations League 2025,False
2025-06-13,2025,JPN,SRB,3,0,Nations League 2025,False
2025-06-13,2025,NED,TUR,3,1,Nations League 2025,False
2025-06-13,2025,BUL,ARG,3,0,Nations League 2025,False
2025-06-13,2025,UKR,CUB,3,2,Nations League 2025,False
2025-06-13,2025,FRA,ITA,3,1,Nations League 2025,False
2025-06-13,2025,IRI,SLO,2,3,Nations League 2025,False
2025-06-13,2025,CZE,MNE,3,0,Liga Europeia 2025,False
2025-06-13,2025,MKD,LAT,3,2,Liga Europeia 2025,False
2025-06-13,2025,ESP,CRO,3,1,Liga Europeia 2025,False
2025-06-13,2025,SVK,POR,1,3,Liga Europeia 2025,False
2025-06-13,2025,FAI,ISL,3,2,Liga Europeia 2025,False
2025-06-13,2025,LUX,AZE,3,0,Liga Europeia 2025,False
2025-06-14,2025,CHN,NED,3,1,Nations League 2025,False
2025-06-14,2025,TUR,POL,0,3,Nations League 2025,False
2025-06-14,2025,UKR,BRA,2,3,Nations League 2025,False
2025-06-14,2025,USA,SLO,1,3,Nations League 2025,False
2025-06-14,2025,CAN,FRA,2,3,Nations League 2025,False
2025-06-14,2025,BUL,GER,3,2,Nations League 2025,False
2025-06-14,2025,FIN,CZE,3,1,Liga Europeia 2025,False
2025-06-14,2025,GRE,MKD,3,0,Liga Europeia 2025,False
2025-06-14,2025,ROU,ESP,3,0,Liga Europeia 2025,False
2025-06-14,2025,ISR,SVK,3,1,Liga Europeia 2025,False
2025-06-14,2025,SWE,FAI,3,0,Liga Europeia 2025,False
2025-06-14,2025,HUN,LUX,3,0,Liga Europeia 2025,False
2025-06-15,2025,NED,JPN,0,3,Nations League 2025,False
2025-06-15,2025,CHN,TUR,0,3,Nations League 2025,False
2025-06-15,2025,POL,SRB,3,0,Nations League 2025,False
2025-06-15,2025,BRA,SLO,3,0,Nations League 2025,False
2025-06-15,2025,ARG,ITA,1,3,Nations League 2025,False
2025-06-15,2025,UKR,IRI,2,3,Nations League 2025,False
2025-06-15,2025,GER,FRA,3,1,Nations League 2025,False
2025-06-15,2025,CUB,USA,1,3,Nations League 2025,False
2025-06-15,2025,BUL,CAN,0,3,Nations League 2025,False
2025-06-15,2025,MNE,FIN,0,3,Liga Europeia 2025,False
2025-06-15,2025,LAT,GRE,1,3,Liga Europeia 2025,False
2025-06-15,2025,CRO,ROU,2,3,Liga Europeia 2025,False
2025-06-15,2025,POR,ISR,2,3,Liga Europeia 2025,False
2025-06-15,2025,ISL,SWE,0,3,Liga Europeia 2025,False
2025-06-15,2025,AZE,HUN,1,3,Liga Europeia 2025,False
2025-06-19,2025,GRE,FIN,3,1,Liga Europeia 2025,False
2025-06-19,2025,ROU,CZE,2,3,Liga Europeia 2025,False
2025-06-20,2025,ISR,MKD,3,0,Liga Europeia 2025,False
2025-06-20,2025,SVK,ESP,2,3,Liga Europeia 2025,False
2025-06-20,2025,CRO,GRE,3,2,Liga Europeia 2025,False
2025-06-20,2025,POR,ROU,1,3,Liga Europeia 2025,False
2025-06-20,2025,AZE,FAI,3,1,Liga Europeia 2025,False
2025-06-20,2025,ISL,HUN,0,3,Liga Europeia 2025,False
2025-06-21,2025,MNE,ISR,1,3,Liga Europeia 2025,False
2025-06-21,2025,LAT,SVK,1,3,Liga Europeia 2025,False
2025-06-21,2025,FIN,CRO,3,0,Liga Europeia 2025,False
2025-06-21,2025,CZE,POR,1,3,Liga Europeia 2025,False
2025-06-21,2025,AUT,AZE,3,0,Liga Europeia 2025,False
2025-06-21,2025,GEO,ISL,2,3,Liga Europeia 2025,False
2025-06-22,2025,MKD,MNE,3,0,Liga Europeia 2025,False
2025-06-22,2025,ESP,LAT,3,0,Liga Europeia 2025,False
2025-06-22,2025,FAI,AUT,1,3,Liga Europeia 2025,False
2025-06-22,2025,HUN,GEO,3,0,Liga Europeia 2025,False
2025-06-24,2025,PUR,MEX,0,3,Campeonato NORCECA 2025,False
2025-06-24,2025,USA,VEN,3,0,Campeonato NORCECA 2025,False
2025-06-24,2025,CAN,CRC,3,0,Campeonato NORCECA 2025,False
2025-06-25,2025,UKR,FRA,0,3,Nations League 2025,False
2025-06-25,2025,GER,CUB,1,3,Nations League 2025,False
2025-06-25,2025,TUR,SLO,0,3,Nations League 2025,False
2025-06-25,2025,NED,ARG,0,3,Nations League 2025,False
2025-06-25,2025,BUL,JPN,3,0,Nations League 2025,False
2025-06-25,2025,ITA,POL,3,2,Nations League 2025,False
2025-06-25,2025,SRB,IRI,1,3,Nations League 2025,False
2025-06-25,2025,CAN,BRA,0,3,Nations League 2025,False
2025-06-25,2025,CHN,USA,2,3,Nations League 2025,False
2025-06-25,2025,PUR,VEN,2,3,Campeonato NORCECA 2025,False
2025-06-25,2025,USA,MEX,3,0,Campeonato NORCECA 2025,False
2025-06-25,2025,CAN,DOM,3,0,Campeonato NORCECA 2025,False
2025-06-26,2025,FRA,JPN,2,3,Nations League 2025,False
2025-06-26,2025,NED,GER,1,3,Nations League 2025,False
2025-06-26,2025,TUR,UKR,0,3,Nations League 2025,False
2025-06-26,2025,SRB,CUB,1,3,Nations League 2025,False
2025-06-26,2025,BRA,CHN,3,0,Nations League 2025,False
2025-06-26,2025,CAN,USA,0,3,Nations League 2025,False
2025-06-26,2025,MEX,VEN,3,1,Campeonato NORCECA 2025,False
2025-06-26,2025,USA,PUR,3,1,Campeonato NORCECA 2025,False
2025-06-26,2025,CRC,DOM,0,3,Campeonato NORCECA 2025,False
2025-06-27,2025,UKR,JPN,3,2,Nations League 2025,False
2025-06-27,2025,ARG,IRI,1,3,Nations League 2025,False
2025-06-27,2025,BUL,SLO,3,1,Nations League 2025,False
2025-06-27,2025,NED,CUB,1,3,Nations League 2025,False
2025-06-27,2025,CHN,ITA,0,3,Nations League 2025,False
2025-06-27,2025,CAN,POL,2,3,Nations League 2025,False
2025-06-27,2025,VEN,CRC,3,0,Campeonato NORCECA 2025,False
2025-06-27,2025,USA,DOM,3,0,Campeonato NORCECA 2025,False
2025-06-27,2025,CAN,MEX,2,3,Campeonato NORCECA 2025,False
2025-06-27,2025,LUX,GEO,3,0,Liga Europeia 2025,False
2025-06-27,2025,SWE,AUT,3,1,Liga Europeia 2025,False
2025-06-28,2025,SLO,FRA,0,3,Nations League 2025,False
2025-06-28,2025,GER,IRI,3,1,Nations League 2025,False
2025-06-28,2025,BUL,TUR,0,3,Nations League 2025,False
2025-06-28,2025,SRB,ARG,1,3,Nations League 2025,False
2025-06-28,2025,BRA,ITA,3,2,Nations League 2025,False
2025-06-28,2025,USA,POL,0,3,Nations League 2025,False
2025-06-28,2025,CRC,PUR,0,3,Campeonato NORCECA 2025,False
2025-06-28,2025,DOM,CAN,2,3,Campeonato NORCECA 2025,False
2025-06-28,2025,USA,MEX,3,0,Campeonato NORCECA 2025,False
2025-06-28,2025,FAI,LUX,0,3,Liga Europeia 2025,False
2025-06-28,2025,HUN,SWE,0,3,Liga Europeia 2025,False
2025-06-29,2025,SLO,JPN,0,3,Nations League 2025,False
2025-06-29,2025,IRI,NED,3,2,Nations League 2025,False
2025-06-29,2025,TUR,FRA,0,3,Nations League 2025,False
2025-06-29,2025,CUB,ARG,2,3,Nations League 2025,False
2025-06-29,2025,BUL,UKR,1,3,Nations League 2025,False
2025-06-29,2025,CHN,CAN,0,3,Nations League 2025,False
2025-06-29,2025,GER,SRB,3,1,Nations League 2025,False
2025-06-29,2025,BRA,POL,3,1,Nations League 2025,False
2025-06-29,2025,USA,ITA,0,3,Nations League 2025,False
2025-06-29,2025,GEO,FAI,1,3,Liga Europeia 2025,False
2025-06-29,2025,AUT,HUN,0,3,Liga Europeia 2025,False
2025-07-03,2025,HUN,SWE,1,3,Liga Europeia 2025,False
2025-07-05,2025,GRE,FIN,0,3,Liga Europeia 2025,False
2025-07-05,2025,ISR,CZE,0,3,Liga Europeia 2025,False
2025-07-06,2025,GRE,ISR,1,3,Liga Europeia 2025,False
2025-07-06,2025,FIN,CZE,3,1,Liga Europeia 2025,False
2025-07-06,2025,SWE,HUN,2,3,Liga Europeia 2025,False
2025-07-16,2025,ARG,BRA,1,3,Nations League 2025,False
2025-07-16,2025,TUR,USA,0,3,Nations League 2025,False
2025-07-16,2025,GER,JPN,1,3,Nations League 2025,False
2025-07-16,2025,CHN,FRA,1,3,Nations League 2025,False
2025-07-16,2025,UKR,NED,3,2,Nations League 2025,False
2025-07-16,2025,BUL,CUB,2,3,Nations League 2025,False
2025-07-16,2025,SRB,ITA,0,3,Nations League 2025,False
2025-07-16,2025,IRI,POL,2,3,Nations League 2025,False
2025-07-16,2025,CAN,SLO,1,3,Nations League 2025,False
2025-07-17,2025,TUR,GER,3,1,Nations League 2025,False
2025-07-17,2025,ARG,JPN,2,3,Nations League 2025,False
2025-07-17,2025,CHN,IRI,0,3,Nations League 2025,False
2025-07-17,2025,UKR,ITA,2,3,Nations League 2025,False
2025-07-17,2025,CUB,POL,3,1,Nations League 2025,False
2025-07-17,2025,NED,SLO,0,3,Nations League 2025,False
2025-07-18,2025,ARG,USA,1,3,Nations League 2025,False
2025-07-18,2025,BRA,JPN,3,0,Nations League 2025,False
2025-07-18,2025,CUB,FRA,2,3,Nations League 2025,False
2025-07-18,2025,UKR,SRB,0,3,Nations League 2025,False
2025-07-18,2025,CHN,BUL,0,3,Nations League 2025,False
2025-07-18,2025,NED,CAN,0,3,Nations League 2025,False
2025-07-19,2025,TUR,BRA,1,3,Nations League 2025,False
2025-07-19,2025,GER,USA,3,2,Nations League 2025,False
2025-07-19,2025,SRB,CAN,3,1,Nations League 2025,False
2025-07-19,2025,BUL,POL,3,2,Nations League 2025,False
2025-07-19,2025,IRI,FRA,0,3,Nations League 2025,False
2025-07-19,2025,SLO,ITA,0,3,Nations League 2025,False
2025-07-20,2025,USA,JPN,0,3,Nations League 2025,False
2025-07-20,2025,TUR,ARG,2,3,Nations League 2025,False
2025-07-20,2025,GER,BRA,1,3,Nations League 2025,False
2025-07-20,2025,UKR,CAN,1,3,Nations League 2025,False
2025-07-20,2025,CHN,CUB,3,2,Nations League 2025,False
2025-07-20,2025,NED,ITA,0,3,Nations League 2025,False
2025-07-20,2025,BUL,IRI,0,3,Nations League 2025,False
2025-07-20,2025,FRA,POL,2,3,Nations League 2025,False
2025-07-20,2025,SRB,SLO,2,3,Nations League 2025,False
2025-07-30,2025,BRA,CHN,3,1,Nations League 2025,False
2025-07-30,2025,ITA,CUB,3,1,Nations League 2025,False
2025-07-31,2025,JPN,POL,0,3,Nations League 2025,False
2025-07-31,2025,FRA,SLO,1,3,Nations League 2025,False
2025-08-02,2025,BRA,POL,0,3,Nations League 2025,False
2025-08-02,2025,ITA,SLO,3,1,Nations League 2025,False
2025-08-03,2025,BRA,SLO,3,1,Nations League 2025,False
2025-08-03,2025,POL,ITA,3,0,Nations League 2025,False
2025-08-26,2025,USA,VEN,0,3,Copa Pan-Americana 2025,False
2025-08-26,2025,CUB,ANT,3,0,Copa Pan-Americana 2025,False
2025-08-26,2025,COL,GUA,3,0,Copa Pan-Americana 2025,False
2025-08-26,2025,CAN,PUR,3,1,Copa Pan-Americana 2025,False
2025-08-26,2025,CHI,DOM,3,1,Copa Pan-Americana 2025,False
2025-08-26,2025,MEX,SUR,3,0,Copa Pan-Americana 2025,False
2025-08-27,2025,USA,ANT,3,0,Copa Pan-Americana 2025,False
2025-08-27,2025,CUB,VEN,0,3,Copa Pan-Americana 2025,False
2025-08-27,2025,CAN,GUA,3,1,Copa Pan-Americana 2025,False
2025-08-27,2025,COL,PUR,3,1,Copa Pan-Americana 2025,False
2025-08-27,2025,CHI,SUR,3,0,Copa Pan-Americana 2025,False
2025-08-27,2025,MEX,DOM,3,0,Copa Pan-Americana 2025,False
2025-08-28,2025,VEN,ANT,3,0,Copa Pan-Americana 2025,False
2025-08-28,2025,USA,CUB,3,1,Copa Pan-Americana 2025,False
2025-08-28,2025,PUR,GUA,3,1,Copa Pan-Americana 2025,False
2025-08-28,2025,COL,CAN,0,3,Copa Pan-Americana 2025,False
2025-08-28,2025,DOM,SUR,3,0,Copa Pan-Americana 2025,False
2025-08-28,2025,MEX,CHI,2,3,Copa Pan-Americana 2025,False
2025-08-29,2025,CUB,GUA,3,0,Copa Pan-Americana 2025,False
2025-08-29,2025,DOM,PUR,0,3,Copa Pan-Americana 2025,False
2025-08-29,2025,CHI,COL,2,3,Copa Pan-Americana 2025,False
2025-08-29,2025,MEX,USA,3,1,Copa Pan-Americana 2025,False
2025-08-30,2025,ANT,DOM,0,3,Copa Pan-Americana 2025,False
2025-08-30,2025,SUR,GUA,3,1,Copa Pan-Americana 2025,False
2025-08-30,2025,CUB,CHI,0,3,Copa Pan-Americana 2025,False
2025-08-30,2025,PUR,USA,1,3,Copa Pan-Americana 2025,False
2025-08-30,2025,VEN,COL,3,2,Copa Pan-Americana 2025,False
2025-08-30,2025,CAN,MEX,1,3,Copa Pan-Americana 2025,False
2025-08-31,2025,ANT,GUA,0,3,Copa Pan-Americana 2025,False
2025-08-31,2025,DOM,SUR,3,2,Copa Pan-Americana 2025,False
2025-08-31,2025,CUB,PUR,3,1,Copa Pan-Americana 2025,False
2025-08-31,2025,CHI,USA,3,0,Copa Pan-Americana 2025,False
2025-08-31,2025,COL,CAN,0,3,Copa Pan-Americana 2025,False
2025-08-31,2025,VEN,MEX,3,1,Copa Pan-Americana 2025,False
2026-05-26,2026,PUR,USA,0,3,Campeonato NORCECA 2026,False
2026-05-26,2026,VEN,CRC,3,0,Campeonato NORCECA 2026,False
2026-05-26,2026,HON,CAN,0,3,Campeonato NORCECA 2026,False
2026-05-27,2026,PUR,DOM,3,2,Campeonato NORCECA 2026,False
2026-05-27,2026,MEX,CRC,3,2,Campeonato NORCECA 2026,False
2026-05-27,2026,PER,CAN,3,1,Campeonato NORCECA 2026,False
2026-05-28,2026,DOM,USA,0,3,Campeonato NORCECA 2026,False
2026-05-28,2026,VEN,MEX,3,2,Campeonato NORCECA 2026,False
2026-05-28,2026,HON,PER,0,3,Campeonato NORCECA 2026,False
2026-05-29,2026,CRC,HON,3,1,Campeonato NORCECA 2026,False
2026-05-29,2026,CAN,MEX,3,1,Campeonato NORCECA 2026,False
2026-05-29,2026,VEN,PUR,3,0,Campeonato NORCECA 2026,False
2026-05-30,2026,DOM,CRC,2,3,Campeonato NORCECA 2026,False
2026-05-30,2026,PER,VEN,0,3,Campeonato NORCECA 2026,False
2026-05-30,2026,USA,CAN,3,0,Campeonato NORCECA 2026,False
2026-05-31,2026,MEX,PUR,3,1,Campeonato NORCECA 2026,False
2026-05-31,2026,PER,CAN,3,2,Campeonato NORCECA 2026,False
2026-05-31,2026,VEN,USA,1,3,Campeonato NORCECA 2026,False
2026-06-05,2026,GRE,SWE,2,3,Liga Europeia 2026,False
2026-06-05,2026,CZE,HUN,3,0,Liga Europeia 2026,False
2026-06-05,2026,NED,MKD,3,0,Liga Europeia 2026,False
2026-06-05,2026,POR,DEN,1,3,Liga Europeia 2026,False
2026-06-05,2026,EST,SVK,3,0,Liga Europeia 2026,False
2026-06-05,2026,SUI,ESP,1,3,Liga Europeia 2026,False
2026-06-05,2026,ROU,LAT,0,3,Liga Europeia 2026,False
2026-06-05,2026,ISR,CRO,3,1,Liga Europeia 2026,False
2026-06-05,2026,FIN,AUT,3,1,Liga Europeia 2026,False
2026-06-06,2026,ALB,EST,0,3,Liga Europeia 2026,False
2026-06-06,2026,ISL,POR,0,3,Liga Europeia 2026,False
2026-06-06,2026,AZE,GRE,0,3,Liga Europeia 2026,False
2026-06-06,2026,NOR,CZE,1,3,Liga Europeia 2026,False
2026-06-06,2026,KOS,ROU,0,3,Liga Europeia 2026,False
2026-06-06,2026,BIH,SUI,0,3,Liga Europeia 2026,False
2026-06-06,2026,LUX,NED,0,3,Liga Europeia 2026,False
2026-06-06,2026,GEO,ISR,0,3,Liga Europeia 2026,False
2026-06-06,2026,MNE,FIN,1,3,Liga Europeia 2026,False
2026-06-07,2026,SWE,AZE,3,0,Liga Europeia 2026,False
2026-06-07,2026,DEN,ISL,3,0,Liga Europeia 2026,False
2026-06-07,2026,SVK,ALB,3,0,Liga Europeia 2026,False
2026-06-07,2026,LAT,KOS,3,0,Liga Europeia 2026,False
2026-06-07,2026,HUN,NOR,3,0,Liga Europeia 2026,False
2026-06-07,2026,AUT,MNE,1,3,Liga Europeia 2026,False
2026-06-07,2026,ESP,BIH,3,0,Liga Europeia 2026,False
2026-06-07,2026,MKD,LUX,3,1,Liga Europeia 2026,False
2026-06-07,2026,CRO,GEO,3,0,Liga Europeia 2026,False
2026-06-10,2026,CUB,POL,0,3,Nations League 2026,False
2026-06-10,2026,CHN,SLO,2,3,Nations League 2026,False
2026-06-10,2026,UKR,JPN,0,3,Nations League 2026,False
2026-06-10,2026,TUR,USA,1,3,Nations League 2026,False
2026-06-10,2026,BEL,BUL,3,1,Nations League 2026,False
2026-06-10,2026,SRB,ARG,3,1,Nations League 2026,False
2026-06-10,2026,FRA,ITA,3,2,Nations League 2026,False
2026-06-10,2026,BRA,IRI,3,1,Nations League 2026,False
2026-06-10,2026,CAN,GER,2,3,Nations League 2026,False
2026-06-11,2026,CHN,UKR,1,3,Nations League 2026,False
2026-06-11,2026,SLO,POL,3,2,Nations League 2026,False
2026-06-11,2026,BUL,IRI,3,0,Nations League 2026,False
2026-06-11,2026,GER,ITA,1,3,Nations League 2026,False
2026-06-11,2026,BRA,BEL,3,1,Nations League 2026,False
2026-06-11,2026,CAN,FRA,3,1,Nations League 2026,False
2026-06-12,2026,UKR,CUB,3,0,Nations League 2026,False
2026-06-12,2026,JPN,POL,3,2,Nations League 2026,False
2026-06-12,2026,BEL,SRB,1,3,Nations League 2026,False
2026-06-12,2026,GER,USA,0,3,Nations League 2026,False
2026-06-12,2026,IRI,ARG,3,0,Nations League 2026,False
2026-06-12,2026,TUR,FRA,3,0,Nations League 2026,False
2026-06-12,2026,ALB,FIN,0,3,Liga Europeia 2026,False
2026-06-12,2026,BIH,CZE,0,3,Liga Europeia 2026,False
2026-06-12,2026,NOR,ISR,2,3,Liga Europeia 2026,False
2026-06-12,2026,KOS,EST,0,3,Liga Europeia 2026,False
2026-06-12,2026,LUX,SUI,0,3,Liga Europeia 2026,False
2026-06-12,2026,AZE,ROU,0,3,Liga Europeia 2026,False
2026-06-12,2026,GEO,NED,0,3,Liga Europeia 2026,False
2026-06-12,2026,ISL,GRE,0,3,Liga Europeia 2026,False
2026-06-12,2026,MNE,POR,0,3,Liga Europeia 2026,False
2026-06-13,2026,CHN,JPN,1,3,Nations League 2026,False
2026-06-13,2026,CUB,SLO,2,3,Nations League 2026,False
2026-06-13,2026,BRA,SRB,3,0,Nations League 2026,False
2026-06-13,2026,BUL,ARG,3,1,Nations League 2026,False
2026-06-13,2026,CAN,USA,2,3,Nations League 2026,False
2026-06-13,2026,TUR,ITA,0,3,Nations League 2026,False
2026-06-13,2026,CRO,ALB,3,0,Liga Europeia 2026,False
2026-06-13,2026,AUT,KOS,3,0,Liga Europeia 2026,False
2026-06-13,2026,SVK,GEO,3,0,Liga Europeia 2026,False
2026-06-13,2026,DEN,BIH,3,0,Liga Europeia 2026,False
2026-06-13,2026,LAT,MNE,1,3,Liga Europeia 2026,False
2026-06-13,2026,SWE,NOR,3,1,Liga Europeia 2026,False
2026-06-13,2026,HUN,LUX,3,0,Liga Europeia 2026,False
2026-06-13,2026,ESP,AZE,3,0,Liga Europeia 2026,False
2026-06-13,2026,MKD,ISL,3,0,Liga Europeia 2026,False
2026-06-14,2026,UKR,POL,2,3,Nations League 2026,False
2026-06-14,2026,CHN,CUB,3,0,Nations League 2026,False
2026-06-14,2026,SLO,JPN,1,3,Nations League 2026,False
2026-06-14,2026,BEL,IRI,3,2,Nations League 2026,False
2026-06-14,2026,GER,FRA,3,1,Nations League 2026,False
2026-06-14,2026,BUL,SRB,0,3,Nations League 2026,False
2026-06-14,2026,CAN,TUR,2,3,Nations League 2026,False
2026-06-14,2026,BRA,ARG,3,2,Nations League 2026,False
2026-06-14,2026,USA,ITA,2,3,Nations League 2026,False
2026-06-14,2026,FIN,CRO,3,0,Liga Europeia 2026,False
2026-06-14,2026,CZE,DEN,2,3,Liga Europeia 2026,False
2026-06-14,2026,NED,SVK,3,0,Liga Europeia 2026,False
2026-06-14,2026,EST,AUT,3,1,Liga Europeia 2026,False
2026-06-14,2026,POR,LAT,3,1,Liga Europeia 2026,False
2026-06-14,2026,ISR,SWE,3,1,Liga Europeia 2026,False
2026-06-14,2026,SUI,HUN,3,0,Liga Europeia 2026,False
2026-06-14,2026,ROU,ESP,3,2,Liga Europeia 2026,False
2026-06-14,2026,GRE,MKD,3,0,Liga Europeia 2026,False
2026-06-19,2026,ESP,GEO,3,0,Liga Europeia 2026,False
2026-06-19,2026,CRO,BIH,3,0,Liga Europeia 2026,False
2026-06-19,2026,HUN,AZE,3,1,Liga Europeia 2026,False
2026-06-19,2026,SWE,MNE,3,1,Liga Europeia 2026,False
2026-06-19,2026,LAT,NOR,3,1,Liga Europeia 2026,False
2026-06-19,2026,DEN,ALB,3,0,Liga Europeia 2026,False
2026-06-19,2026,SVK,ISL,3,0,Liga Europeia 2026,False
2026-06-19,2026,AUT,LUX,3,0,Liga Europeia 2026,False
2026-06-19,2026,MKD,KOS,3,0,Liga Europeia 2026,False
2026-06-20,2026,CZE,ESP,3,1,Liga Europeia 2026,False
2026-06-20,2026,NED,CRO,3,0,Liga Europeia 2026,False
2026-06-20,2026,SUI,LAT,3,2,Liga Europeia 2026,False
2026-06-20,2026,EST,SWE,2,3,Liga Europeia 2026,False
2026-06-20,2026,POR,HUN,0,3,Liga Europeia 2026,False
2026-06-20,2026,GRE,AUT,3,1,Liga Europeia 2026,False
2026-06-20,2026,ROU,DEN,0,3,Liga Europeia 2026,False
2026-06-20,2026,FIN,SVK,3,1,Liga Europeia 2026,False
2026-06-20,2026,ISR,MKD,3,0,Liga Europeia 2026,False
2026-06-21,2026,NOR,SUI,0,3,Liga Europeia 2026,False
2026-06-21,2026,GEO,CZE,0,3,Liga Europeia 2026,False
2026-06-21,2026,BIH,NED,0,3,Liga Europeia 2026,False
2026-06-21,2026,LUX,GRE,0,3,Liga Europeia 2026,False
2026-06-21,2026,AZE,POR,1,3,Liga Europeia 2026,False
2026-06-21,2026,ALB,ROU,3,1,Liga Europeia 2026,False
2026-06-21,2026,ISL,FIN,0,3,Liga Europeia 2026,False
2026-06-21,2026,KOS,ISR,1,3,Liga Europeia 2026,False
2026-06-21,2026,MNE,EST,0,3,Liga Europeia 2026,False
2026-06-24,2026,CHN,TUR,0,3,Nations League 2026,False
2026-06-24,2026,BUL,ITA,3,2,Nations League 2026,False
2026-06-24,2026,SRB,JPN,1,3,Nations League 2026,False
2026-06-24,2026,ARG,GER,3,2,Nations League 2026,False
2026-06-24,2026,UKR,BRA,3,1,Nations League 2026,False
2026-06-24,2026,CUB,USA,0,3,Nations League 2026,False
2026-06-24,2026,POL,BEL,3,2,Nations League 2026,False
2026-06-24,2026,FRA,IRI,3,2,Nations League 2026,False
2026-06-24,2026,SLO,CAN,3,1,Nations League 2026,False
2026-06-25,2026,CHN,BEL,1,3,Nations League 2026,False
2026-06-25,2026,UKR,ITA,3,0,Nations League 2026,False
2026-06-25,2026,IRI,USA,0,3,Nations League 2026,False
2026-06-25,2026,POL,TUR,3,2,Nations League 2026,False
2026-06-25,2026,FRA,CUB,3,2,Nations League 2026,False
2026-06-25,2026,SLO,BUL,3,2,Nations League 2026,False
2026-06-26,2026,CHN,ARG,0,3,Nations League 2026,False
2026-06-26,2026,UKR,CAN,3,1,Nations League 2026,False
2026-06-26,2026,IRI,JPN,2,3,Nations League 2026,False
2026-06-26,2026,BEL,GER,1,3,Nations League 2026,False
2026-06-26,2026,BRA,ITA,1,3,Nations League 2026,False
2026-06-26,2026,SRB,CUB,3,1,Nations League 2026,False
2026-06-27,2026,BUL,CAN,3,2,Nations League 2026,False
2026-06-27,2026,USA,JPN,2,3,Nations League 2026,False
2026-06-27,2026,POL,GER,3,1,Nations League 2026,False
2026-06-27,2026,FRA,SRB,3,0,Nations League 2026,False
2026-06-27,2026,TUR,ARG,3,2,Nations League 2026,False
2026-06-27,2026,SLO,BRA,3,0,Nations League 2026,False
2026-06-27,2026,ISR,NED,1,3,Liga Europeia 2026,False
2026-06-28,2026,CHN,GER,1,3,Nations League 2026,False
2026-06-28,2026,BUL,UKR,3,1,Nations League 2026,False
2026-06-28,2026,IRI,CUB,3,1,Nations League 2026,False
2026-06-28,2026,BEL,TUR,0,3,Nations League 2026,False
2026-06-28,2026,CAN,BRA,2,3,Nations League 2026,False
2026-06-28,2026,FRA,JPN,2,3,Nations League 2026,False
2026-06-28,2026,POL,ARG,3,1,Nations League 2026,False
2026-06-28,2026,SRB,USA,1,3,Nations League 2026,False
2026-06-28,2026,SLO,ITA,1,3,Nations League 2026,False
2026-06-28,2026,DEN,FIN,1,3,Liga Europeia 2026,False
2026-06-28,2026,NED,ISR,3,1,Liga Europeia 2026,False
2026-07-01,2026,FIN,DEN,3,1,Liga Europeia 2026,False
2026-07-08,2026,FIN,NED,3,1,Liga Europeia 2026,False
2026-07-11,2026,NED,FIN,1,3,Liga Europeia 2026,False
2026-07-15,2026,CAN,ARG,2,3,Nations League 2026,False
2026-07-15,2026,BEL,CUB,0,3,Nations League 2026,False
2026-07-15,2026,JPN,ITA,3,2,Nations League 2026,False
2026-07-15,2026,GER,SLO,1,3,Nations League 2026,False
2026-07-15,2026,UKR,IRI,3,1,Nations League 2026,False
2026-07-15,2026,BUL,POL,0,3,Nations League 2026,False
2026-07-15,2026,SRB,TUR,0,3,Nations League 2026,False
2026-07-15,2026,FRA,BRA,0,3,Nations League 2026,False
2026-07-15,2026,USA,CHN,3,0,Nations League 2026,False
2026-07-16,2026,BEL,ITA,0,3,Nations League 2026,False
2026-07-16,2026,JPN,CAN,3,2,Nations League 2026,False
2026-07-16,2026,IRI,GER,3,2,Nations League 2026,False
2026-07-16,2026,SRB,UKR,3,1,Nations League 2026,False
2026-07-16,2026,CHN,FRA,0,3,Nations League 2026,False
2026-07-16,2026,USA,BRA,3,0,Nations League 2026,False
2026-07-17,2026,CUB,ARG,3,2,Nations League 2026,False
2026-07-17,2026,JPN,BEL,3,0,Nations League 2026,False
2026-07-17,2026,TUR,UKR,3,2,Nations League 2026,False
2026-07-17,2026,IRI,SLO,0,3,Nations League 2026,False
2026-07-17,2026,CHN,BUL,1,3,Nations League 2026,False
2026-07-17,2026,BRA,POL,0,3,Nations League 2026,False
2026-07-18,2026,CAN,CUB,0,3,Nations League 2026,False
2026-07-18,2026,ARG,ITA,0,3,Nations League 2026,False
2026-07-18,2026,TUR,SLO,1,3,Nations League 2026,False
2026-07-18,2026,SRB,GER,2,3,Nations League 2026,False
2026-07-18,2026,FRA,POL,1,3,Nations League 2026,False
2026-07-18,2026,USA,BUL,1,3,Nations League 2026,False
2026-07-19,2026,BEL,CAN,3,0,Nations League 2026,False
2026-07-19,2026,CUB,ITA,1,3,Nations League 2026,False
2026-07-19,2026,JPN,ARG,3,0,Nations League 2026,False
2026-07-19,2026,TUR,IRI,3,1,Nations League 2026,False
2026-07-19,2026,UKR,GER,3,1,Nations League 2026,False
2026-07-19,2026,CHN,BRA,0,3,Nations League 2026,False
2026-07-19,2026,SRB,SLO,0,3,Nations League 2026,False
2026-07-19,2026,BUL,FRA,0,3,Nations League 2026,False
2026-07-19,2026,USA,POL,0,3,Nations League 2026,False
2026-07-29,2026,JPN,CHN,3,1,Nations League 2026,False
2026-07-29,2026,SLO,TUR,3,0,Nations League 2026,False
2026-07-30,2026,ITA,USA,0,3,Nations League 2026,False
2026-07-30,2026,POL,UKR,3,1,Nations League 2026,False
2026-08-01,2026,SLO,POL,0,1,Nations League 2026,False
